종목코드,종목명,구분,조각,비중,기준보고서,기준일
079940,가비아,매출 구성,클라우드 및 IT서비스,53.1,반기보고서 (2026.06),2026-08-14
079940,가비아,매출 구성,"IX, IDC",31.4,반기보고서 (2026.06),2026-08-14
079940,가비아,매출 구성,보안,12.3,반기보고서 (2026.06),2026-08-14
079940,가비아,매출 구성,기타,3.2,반기보고서 (2026.06),2026-08-14
078890,가온그룹,매출 구성,OTT,56,반기보고서 (2026.06),2026-08-14
078890,가온그룹,매출 구성,네트워크,44,반기보고서 (2026.06),2026-08-14
000500,가온전선,매출 구성,전력사업부,75.2,반기보고서 (2026.06),2026-08-14
000500,가온전선,매출 구성,특수케이블사업부,18.3,반기보고서 (2026.06),2026-08-14
000500,가온전선,매출 구성,통신사업부,5.7,반기보고서 (2026.06),2026-08-14
000500,가온전선,매출 구성,목드럼사업부,0.8,반기보고서 (2026.06),2026-08-14
399720,가온칩스,매출 구성,발행가액,49.4,반기보고서 (2026.06),2026-08-14
399720,가온칩스,매출 구성,장부금액,49.4,반기보고서 (2026.06),2026-08-14
399720,가온칩스,매출 구성,전환시 발행할 주식수,1.1,반기보고서 (2026.06),2026-08-14
399720,가온칩스,매출 구성,전환가액,0.1,반기보고서 (2026.06),2026-08-14
036620,감성코퍼레이션,매출 구성,의류사업부문,96.8,반기보고서 (2026.06),2026-08-14
036620,감성코퍼레이션,매출 구성,모바일사업부문,3.2,반기보고서 (2026.06),2026-08-14
000860,강남제비스코,매출 구성,도료,51.2,반기보고서 (2026.06),2026-08-14
000860,강남제비스코,매출 구성,합성수지,38.5,반기보고서 (2026.06),2026-08-14
000860,강남제비스코,매출 구성,복합성형재료등,10.3,반기보고서 (2026.06),2026-08-14
198440,강동씨앤엘,매출 구성,"제품, 상품",51.8,반기보고서 (2026.06),2026-08-14
198440,강동씨앤엘,매출 구성,레저,47.8,반기보고서 (2026.06),2026-08-14
198440,강동씨앤엘,매출 구성,기타,0.5,반기보고서 (2026.06),2026-08-14
217730,강스템바이오텍,매출 구성,줄기세포사업부,66.3,반기보고서 (2026.06),2026-08-13
217730,강스템바이오텍,매출 구성,화장품사업부,33.7,반기보고서 (2026.06),2026-08-13
114190,강원에너지,매출 구성,플랜트사업부문,100,반기보고서 (2026.06),2026-08-14
094480,갤럭시아머니트리,매출 구성,전자결제사업,74.7,반기보고서 (2026.06),2026-08-14
094480,갤럭시아머니트리,매출 구성,O2O사업,25.2,반기보고서 (2026.06),2026-08-14
094480,갤럭시아머니트리,매출 구성,기타(신규)사업,0,반기보고서 (2026.06),2026-08-14
011420,갤럭시아에스엠,매출 구성,프리미엄 피트니스,78.1,반기보고서 (2026.06),2026-08-14
011420,갤럭시아에스엠,매출 구성,마케팅 서비스,21.9,반기보고서 (2026.06),2026-08-14
039240,경남스틸,매출 구성,제1차철강산업,100,반기보고서 (2026.06),2026-08-14
053950,경남제약,매출 구성,의약품제조및판매,92.5,반기보고서 (2026.06),2026-08-14
053950,경남제약,매출 구성,기타(아센디오),6.8,반기보고서 (2026.06),2026-08-14
053950,경남제약,매출 구성,임대,0.6,반기보고서 (2026.06),2026-08-14
053950,경남제약,매출 구성,로열티,0.1,반기보고서 (2026.06),2026-08-14
002100,경농,매출 구성,작물보호제,62.9,반기보고서 (2026.06),2026-08-14
002100,경농,매출 구성,비료,32.3,반기보고서 (2026.06),2026-08-14
002100,경농,매출 구성,스마트팜,2.1,반기보고서 (2026.06),2026-08-14
002100,경농,매출 구성,곤충,1.1,반기보고서 (2026.06),2026-08-14
002100,경농,매출 구성,그 밖,1.5,반기보고서 (2026.06),2026-08-14
009450,경동나비엔,매출 구성,이자비용,65,반기보고서 (2026.06),2026-08-14
009450,경동나비엔,매출 구성,순효과,35,반기보고서 (2026.06),2026-08-14
267290,경동도시가스,매출 구성,도시가스,99.2,반기보고서 (2026.06),2026-08-14
267290,경동도시가스,매출 구성,안전관리,0.8,반기보고서 (2026.06),2026-08-14
000050,경방,매출 구성,국내매출액,68,반기보고서 (2026.06),2026-08-14
000050,경방,매출 구성,해외매출액,32,반기보고서 (2026.06),2026-08-14
214390,경보제약,매출 구성,원료의약품,72.4,반기보고서 (2026.06),2026-08-14
214390,경보제약,매출 구성,완제의약품,26.8,반기보고서 (2026.06),2026-08-14
214390,경보제약,매출 구성,기타*,0.8,반기보고서 (2026.06),2026-08-14
009140,경인전자,매출 구성,REMOCON,50,반기보고서 (2026.06),2026-08-14
009140,경인전자,매출 구성,기타,25,반기보고서 (2026.06),2026-08-14
009140,경인전자,매출 구성,TMS,12.5,반기보고서 (2026.06),2026-08-14
009140,경인전자,매출 구성,SWITCH,12.5,반기보고서 (2026.06),2026-08-14
013580,계룡건설산업,매출 구성,건축계약공사,57.5,반기보고서 (2026.06),2026-08-14
013580,계룡건설산업,매출 구성,토목계약공사,23.4,반기보고서 (2026.06),2026-08-14
013580,계룡건설산업,매출 구성,유통,11.5,반기보고서 (2026.06),2026-08-14
013580,계룡건설산업,매출 구성,분양,4.1,반기보고서 (2026.06),2026-08-14
013580,계룡건설산업,매출 구성,그 밖,3.4,반기보고서 (2026.06),2026-08-14
012200,계양전기,매출 구성,전장품(천안),73,반기보고서 (2026.06),2026-08-14
012200,계양전기,매출 구성,"산업용품(안산, 소주)",27,반기보고서 (2026.06),2026-08-14
002140,고려산업,매출 구성,사료부문,94.9,반기보고서 (2026.06),2026-08-14
002140,고려산업,매출 구성,기타사업부문,5.1,반기보고서 (2026.06),2026-08-14
010130,고려아연,매출 구성,상품,89.7,반기보고서 (2026.06),2026-08-14
010130,고려아연,매출 구성,제품 및반제품,9,반기보고서 (2026.06),2026-08-14
010130,고려아연,매출 구성,용역,1.4,반기보고서 (2026.06),2026-08-14
002240,고려제강,매출 구성,선재,73.4,반기보고서 (2026.06),2026-08-14
002240,고려제강,매출 구성,로프,20.7,반기보고서 (2026.06),2026-08-14
002240,고려제강,매출 구성,기타,5.9,반기보고서 (2026.06),2026-08-14
348150,고바이오랩,매출 구성,서울대학교 산학협력단,70,반기보고서 (2026.06),2026-08-13
348150,고바이오랩,매출 구성,서울대학교 기술지주회사,16.6,반기보고서 (2026.06),2026-08-13
348150,고바이오랩,매출 구성,고려대학교 산학협력단,3.3,반기보고서 (2026.06),2026-08-13
348150,고바이오랩,매출 구성,연세대학교 산학협력단,3.3,반기보고서 (2026.06),2026-08-13
348150,고바이오랩,매출 구성,그 밖,6.7,반기보고서 (2026.06),2026-08-13
950190,고스트스튜디오,매출 구성,전기,51.2,사업보고서 (2025.12),2026-03-20
950190,고스트스튜디오,매출 구성,당기,48.8,사업보고서 (2025.12),2026-03-20
098460,고영,매출 구성,성장율,100,사업보고서 (2025.12),2026-03-12
035290,골드앤에스,매출 구성,교육사업,100,사업보고서 (2023.12),2024-03-20
035290,골드앤에스,매출 구성,비교육사업,0,사업보고서 (2023.12),2024-03-20
215000,골프존,매출 구성,Golf Simulator 및 온라인 서비스,74.4,반기보고서 (2026.06),2026-08-14
215000,골프존,매출 구성,"기타(미디어, 거리측정기 등)",13.3,반기보고서 (2026.06),2026-08-14
215000,골프존,매출 구성,직영사업,7.8,반기보고서 (2026.06),2026-08-14
215000,골프존,매출 구성,"광고, 제휴",4.4,반기보고서 (2026.06),2026-08-14
009290,광동제약,매출 구성,F&B영업,72.8,반기보고서 (2026.06),2026-08-14
009290,광동제약,매출 구성,기타,14.3,반기보고서 (2026.06),2026-08-14
009290,광동제약,매출 구성,약국영업,7.4,반기보고서 (2026.06),2026-08-14
009290,광동제약,매출 구성,병원영업,5.4,반기보고서 (2026.06),2026-08-14
017040,광명전기,매출 구성,수배전반,96.9,반기보고서 (2026.06),2026-08-14
017040,광명전기,매출 구성,용역매출,2.5,반기보고서 (2026.06),2026-08-14
017040,광명전기,매출 구성,임대업,0.3,반기보고서 (2026.06),2026-08-14
017040,광명전기,매출 구성,태양광발전시스템,0.3,반기보고서 (2026.06),2026-08-14
029480,광무,매출 구성,유지보수사업부문,40.6,[첨부추가]반기보고서 (2026.06),2026-08-13
029480,광무,매출 구성,네트워크사업부문,27.2,[첨부추가]반기보고서 (2026.06),2026-08-13
029480,광무,매출 구성,ITO사업부문,23.9,[첨부추가]반기보고서 (2026.06),2026-08-13
029480,광무,매출 구성,기타사업부문,8.3,[첨부추가]반기보고서 (2026.06),2026-08-13
017900,광전자,매출 구성,전자부품제조,100,반기보고서 (2026.06),2026-08-14
339770,교촌에프앤비,매출 구성,국내 프랜차이즈,93.6,반기보고서 (2026.06),2026-08-14
339770,교촌에프앤비,매출 구성,글로벌 사업,3.8,반기보고서 (2026.06),2026-08-14
339770,교촌에프앤비,매출 구성,신사업 (유통사업 및 기타),2.6,반기보고서 (2026.06),2026-08-14
053270,구영테크,매출 구성,브라켓,41.6,사업보고서 (2024.12),2025-03-18
053270,구영테크,매출 구성,시트 부품,30.3,사업보고서 (2024.12),2025-03-18
053270,구영테크,매출 구성,기타,13.3,사업보고서 (2024.12),2025-03-18
053270,구영테크,매출 구성,힌지,5.3,사업보고서 (2024.12),2025-03-18
053270,구영테크,매출 구성,그 밖,9.5,사업보고서 (2024.12),2025-03-18
007690,국도화학,매출 구성,에폭시수지,95.3,반기보고서 (2026.06),2026-08-14
007690,국도화학,매출 구성,폴리올수지,4.7,반기보고서 (2026.06),2026-08-14
001140,국보,매출 구성,물류,99.5,사업보고서 (2025.12),2026-03-30
001140,국보,매출 구성,부동산,0.5,사업보고서 (2025.12),2026-03-30
043650,국순당,매출 구성,국순당생막걸리외,47.7,반기보고서 (2026.06),2026-08-14
043650,국순당,매출 구성,"국순당쌀바나나,임대수익 외",20.6,반기보고서 (2026.06),2026-08-14
043650,국순당,매출 구성,백세주외,17.1,반기보고서 (2026.06),2026-08-14
043650,국순당,매출 구성,까르피네토외,14.7,반기보고서 (2026.06),2026-08-14
006050,국영지앤엠,매출 구성,유리가공제품제조,100,반기보고서 (2026.06),2026-08-14
060480,국일신동,매출 구성,제품매출,81.5,반기보고서 (2026.06),2026-08-13
060480,국일신동,매출 구성,임가공매출,18.5,반기보고서 (2026.06),2026-08-13
078130,국일제지,매출 구성,특수지(용인),66,반기보고서 (2026.06),2026-08-14
078130,국일제지,매출 구성,유통,30.9,반기보고서 (2026.06),2026-08-14
078130,국일제지,매출 구성,가공,3.1,반기보고서 (2026.06),2026-08-14
307750,국전,매출 구성,의약품사업,90.7,반기보고서 (2026.06),2026-08-13
307750,국전,매출 구성,전자소재사업,9.3,반기보고서 (2026.06),2026-08-13
002720,국제약품,매출 구성,의약품제조및판매업등,100,반기보고서 (2026.06),2026-08-14
035080,그래디언트,매출 구성,산업재 B2B전자상거래업,72.3,반기보고서 (2026.06),2026-08-14
035080,그래디언트,매출 구성,의약품 및의료용품 도매업,23.7,반기보고서 (2026.06),2026-08-14
035080,그래디언트,매출 구성,기타,4,반기보고서 (2026.06),2026-08-14
318060,그래피,매출 구성,형상기억 소재,62.3,반기보고서 (2026.06),2026-08-14
318060,그래피,매출 구성,기타소재,14.1,반기보고서 (2026.06),2026-08-14
318060,그래피,매출 구성,질소경화기,8.3,반기보고서 (2026.06),2026-08-14
318060,그래피,매출 구성,형상기억투명교정장치및 치아교정유지장치,5.9,반기보고서 (2026.06),2026-08-14
318060,그래피,매출 구성,그 밖,9.5,반기보고서 (2026.06),2026-08-14
204020,그리티,매출 구성,내의류,94.1,반기보고서 (2026.06),2026-08-14
204020,그리티,매출 구성,기타(애슬레저 외),5.4,반기보고서 (2026.06),2026-08-14
204020,그리티,매출 구성,기타,0.6,반기보고서 (2026.06),2026-08-14
0015G0,그린광학,매출 구성,초정밀광학시스템,85.4,반기보고서 (2026.06),2026-08-14
0015G0,그린광학,매출 구성,광학소재(ZnS),14.6,반기보고서 (2026.06),2026-08-14
0015G0,그린광학,매출 구성,기타매출,0,반기보고서 (2026.06),2026-08-14
402490,그린리소스,매출 구성,전반기,64.1,반기보고서 (2026.06),2026-08-14
402490,그린리소스,매출 구성,당반기,35.9,반기보고서 (2026.06),2026-08-14
114450,그린생명과학,매출 구성,의약품외,69.5,반기보고서 (2026.06),2026-08-14
114450,그린생명과학,매출 구성,농예약품외,30.5,반기보고서 (2026.06),2026-08-14
083420,그린케미칼,매출 구성,화학물질및화학제품제조업,100,반기보고서 (2026.06),2026-08-14
186230,그린플러스,매출 구성,온실,54.5,반기보고서 (2026.06),2026-08-14
186230,그린플러스,매출 구성,AL제품,36.3,반기보고서 (2026.06),2026-08-14
186230,그린플러스,매출 구성,작물재배사업,6.6,반기보고서 (2026.06),2026-08-14
186230,그린플러스,매출 구성,양식사업,2.6,반기보고서 (2026.06),2026-08-14
014530,극동유화,매출 구성,윤활유 등(양산 등),79.7,반기보고서 (2026.06),2026-08-14
014530,극동유화,매출 구성,석유유통(전국),17.5,반기보고서 (2026.06),2026-08-14
014530,극동유화,매출 구성,ASP(서울 등),1.7,반기보고서 (2026.06),2026-08-14
014530,극동유화,매출 구성,LPG 등(부산 등),1.1,반기보고서 (2026.06),2026-08-14
900070,글로벌에스엠,매출 구성,전자기기용,50.9,사업보고서 (2025.12),2026-04-30
900070,글로벌에스엠,매출 구성,자동차용,49.1,사업보고서 (2025.12),2026-04-30
014280,금강공업,매출 구성,사료부문,32.1,반기보고서 (2026.06),2026-08-14
014280,금강공업,매출 구성,판넬부문,29.4,반기보고서 (2026.06),2026-08-14
014280,금강공업,매출 구성,강관부문,11.6,반기보고서 (2026.06),2026-08-14
014280,금강공업,매출 구성,단조부문,11.5,반기보고서 (2026.06),2026-08-14
014280,금강공업,매출 구성,그 밖,15.4,반기보고서 (2026.06),2026-08-14
053260,금강철강,매출 구성,철강부문,99.8,반기보고서 (2026.06),2026-08-14
053260,금강철강,매출 구성,기타부문,0.2,반기보고서 (2026.06),2026-08-14
008870,금비,매출 구성,Cap,54.3,분기보고서 (2026.06),2026-08-14
008870,금비,매출 구성,유리,30.8,분기보고서 (2026.06),2026-08-14
008870,금비,매출 구성,플라스틱용기,14.3,분기보고서 (2026.06),2026-08-14
008870,금비,매출 구성,화장품,0.6,분기보고서 (2026.06),2026-08-14
008870,금비,매출 구성,그 밖,0.1,분기보고서 (2026.06),2026-08-14
282720,금양그린파워,매출 구성,전기공사,89.7,반기보고서 (2026.06),2026-08-13
282720,금양그린파워,매출 구성,용역,10,반기보고서 (2026.06),2026-08-13
282720,금양그린파워,매출 구성,기타공사,0.3,반기보고서 (2026.06),2026-08-13
002990,금호건설,매출 구성,국내도급공사,94.8,반기보고서 (2026.06),2026-08-13
002990,금호건설,매출 구성,해외도급공사,3.9,반기보고서 (2026.06),2026-08-13
002990,금호건설,매출 구성,기타,1.3,반기보고서 (2026.06),2026-08-13
011780,금호석유화학,매출 구성,합성고무,62.8,반기보고서 (2026.06),2026-08-14
011780,금호석유화학,매출 구성,합성수지,24.7,반기보고서 (2026.06),2026-08-14
011780,금호석유화학,매출 구성,기타,8.8,반기보고서 (2026.06),2026-08-14
011780,금호석유화학,매출 구성,정밀화학,3.7,반기보고서 (2026.06),2026-08-14
001210,금호전기,매출 구성,조명사업,100,반기보고서 (2026.06),2026-08-14
073240,금호타이어,매출 구성,전체연결,100,반기보고서 (2026.06),2026-08-13
036190,금화피에스시,매출 구성,국내도급공사,93.5,반기보고서 (2026.06),2026-08-13
036190,금화피에스시,매출 구성,해외도급공사,5.9,반기보고서 (2026.06),2026-08-13
036190,금화피에스시,매출 구성,기 타 (국내),0.6,반기보고서 (2026.06),2026-08-13
049080,기가레인,매출 구성,RF통신사업,75.4,반기보고서 (2026.06),2026-08-14
049080,기가레인,매출 구성,반도체장비사업,23.7,반기보고서 (2026.06),2026-08-14
049080,기가레인,매출 구성,기타,0.9,반기보고서 (2026.06),2026-08-14
282620,기도산업,사업 구성,OEM 직접판매,97.3,[기재정정]반기보고서 (2026.06),2026-08-28
282620,기도산업,사업 구성,판매경로,1.5,[기재정정]반기보고서 (2026.06),2026-08-28
282620,기도산업,사업 구성,상품·기타,1.3,[기재정정]반기보고서 (2026.06),2026-08-28
035460,기산텔레콤,매출 구성,항공산업,61.9,반기보고서 (2026.06),2026-08-14
035460,기산텔레콤,매출 구성,방위산업,24.3,반기보고서 (2026.06),2026-08-14
035460,기산텔레콤,매출 구성,통신산업,13.8,반기보고서 (2026.06),2026-08-14
000270,기아,매출 구성,RV,69.4,반기보고서 (2026.06),2026-08-14
000270,기아,매출 구성,제품외기타,16,반기보고서 (2026.06),2026-08-14
000270,기아,매출 구성,승용,11.3,반기보고서 (2026.06),2026-08-14
000270,기아,매출 구성,상용,3.2,반기보고서 (2026.06),2026-08-14
024110,기업은행,순이자손익 구성,기업고객,65.5,사업보고서 (2025.12),2026-03-18
024110,기업은행,순이자손익 구성,개인고객,17.9,사업보고서 (2025.12),2026-03-18
024110,기업은행,순이자손익 구성,기타,14,사업보고서 (2025.12),2026-03-18
024110,기업은행,순이자손익 구성,IB,2.6,사업보고서 (2025.12),2026-03-18
004540,깨끗한나라,매출 구성,HL사업부,51.2,반기보고서 (2026.06),2026-08-14
004540,깨끗한나라,매출 구성,PS사업부,48.6,반기보고서 (2026.06),2026-08-14
004540,깨끗한나라,매출 구성,기타,0.2,반기보고서 (2026.06),2026-08-14
187790,나노,매출 구성,경상연구비,50,반기보고서 (2026.06),2026-08-14
187790,나노,매출 구성,연구.개발비 계,50,반기보고서 (2026.06),2026-08-14
238540,나노솔루션,사업 구성,SWCNT 분산액,61.8,사업보고서 (2025.12),2026-07-28
238540,나노솔루션,사업 구성,ESD Sol.,38,사업보고서 (2025.12),2026-07-28
238540,나노솔루션,사업 구성,기타,0.1,사업보고서 (2025.12),2026-07-28
121600,나노신소재,매출 구성,이차전지소재,58.3,반기보고서 (2026.06),2026-08-14
121600,나노신소재,매출 구성,기타기능성소재,26.4,반기보고서 (2026.06),2026-08-14
121600,나노신소재,매출 구성,반도체소재,10,반기보고서 (2026.06),2026-08-14
121600,나노신소재,매출 구성,디스플레이소재,5.1,반기보고서 (2026.06),2026-08-14
121600,나노신소재,매출 구성,그 밖,0.2,반기보고서 (2026.06),2026-08-14
286750,나노실리칸첨단소재,매출 구성,응용,49.3,반기보고서 (2026.06),2026-08-14
286750,나노실리칸첨단소재,매출 구성,기타,39.8,반기보고서 (2026.06),2026-08-14
286750,나노실리칸첨단소재,매출 구성,소재,11,반기보고서 (2026.06),2026-08-14
039860,나노엔텍,매출 구성,나노바이오,81.4,반기보고서 (2026.06),2026-08-14
039860,나노엔텍,매출 구성,헬스케어서비스,18.6,반기보고서 (2026.06),2026-08-14
244880,나눔테크,매출 구성,AED (자동심장충격기),99.7,사업보고서 (2025.12),2026-03-23
244880,나눔테크,매출 구성,경추마사지기,0.3,사업보고서 (2025.12),2026-03-23
405920,나라셀라,매출 구성,Off 채널,70.3,사업보고서 (2025.12),2026-03-20
405920,나라셀라,매출 구성,On 채널,29.7,사업보고서 (2025.12),2026-03-20
478340,나라스페이스테크놀로지,매출 구성,위성플랫폼,77,반기보고서 (2026.06),2026-08-14
478340,나라스페이스테크놀로지,매출 구성,위성운용,14.7,반기보고서 (2026.06),2026-08-14
478340,나라스페이스테크놀로지,매출 구성,위성영상,8,반기보고서 (2026.06),2026-08-14
478340,나라스페이스테크놀로지,매출 구성,기타,0.2,반기보고서 (2026.06),2026-08-14
051490,나라엠앤디,매출 구성,금형부문,75,반기보고서 (2026.06),2026-08-14
051490,나라엠앤디,매출 구성,자동차/가전부품양산부문,25,반기보고서 (2026.06),2026-08-14
137080,나래나노텍,매출 구성,디스플레이,55,반기보고서 (2026.06),2026-08-14
137080,나래나노텍,매출 구성,신사업,13.6,반기보고서 (2026.06),2026-08-14
137080,나래나노텍,매출 구성,반도체,11.4,반기보고서 (2026.06),2026-08-14
137080,나래나노텍,매출 구성,배터리,10.4,반기보고서 (2026.06),2026-08-14
137080,나래나노텍,매출 구성,그 밖,9.6,반기보고서 (2026.06),2026-08-14
190510,나무가,매출 구성,CCM,99.8,반기보고서 (2026.06),2026-08-14
190510,나무가,매출 구성,기타,0.2,반기보고서 (2026.06),2026-08-14
242040,나무에이엑스,매출 구성,상품,38,반기보고서 (2026.06),2026-08-13
242040,나무에이엑스,매출 구성,용역,32.8,반기보고서 (2026.06),2026-08-13
242040,나무에이엑스,매출 구성,사용료매출,29.1,반기보고서 (2026.06),2026-08-13
459510,나우로보틱스,매출 구성,제품매출,92.1,[기재정정]반기보고서 (2026.06),2026-09-08
459510,나우로보틱스,매출 구성,상품.기타매출,7.9,[기재정정]반기보고서 (2026.06),2026-09-08
257990,나우코스,매출 구성,화장품,99,사업보고서 (2025.12),2026-03-20
257990,나우코스,매출 구성,기타,1,사업보고서 (2025.12),2026-03-20
138610,나이벡,매출 구성,조직재생용바이오소재,98,반기보고서 (2026.06),2026-08-14
138610,나이벡,매출 구성,구강보건제품,1.6,반기보고서 (2026.06),2026-08-14
138610,나이벡,매출 구성,기타수익및상품매출,0.3,반기보고서 (2026.06),2026-08-14
036800,나이스정보통신,매출 구성,나이스페이먼츠,49.2,반기보고서 (2026.06),2026-08-14
036800,나이스정보통신,매출 구성,나이스정보통신,44.1,반기보고서 (2026.06),2026-08-14
036800,나이스정보통신,매출 구성,오케이포스,5.9,반기보고서 (2026.06),2026-08-14
036800,나이스정보통신,매출 구성,씨유엔,0.4,반기보고서 (2026.06),2026-08-14
036800,나이스정보통신,매출 구성,그 밖,0.4,반기보고서 (2026.06),2026-08-14
366030,나인앤컴퍼니,매출 구성,자사 온라인몰,57.5,반기보고서 (2026.06),2026-08-14
366030,나인앤컴퍼니,매출 구성,온라인 오픈마켓,35.5,반기보고서 (2026.06),2026-08-14
366030,나인앤컴퍼니,매출 구성,오프라인 매장,4.9,반기보고서 (2026.06),2026-08-14
366030,나인앤컴퍼니,매출 구성,해외,2.1,반기보고서 (2026.06),2026-08-14
001260,남광토건,매출 구성,국내 도급공사,99.7,반기보고서 (2026.06),2026-08-14
001260,남광토건,매출 구성,해외 도급공사,0.3,반기보고서 (2026.06),2026-08-14
008350,남선알미늄,매출 구성,자동차사업부문,61,반기보고서 (2026.06),2026-08-14
008350,남선알미늄,매출 구성,알미늄사업부문,37.2,반기보고서 (2026.06),2026-08-14
008350,남선알미늄,매출 구성,건설사업부문,1.8,반기보고서 (2026.06),2026-08-14
003920,남양유업,매출 구성,총괄,100,반기보고서 (2026.06),2026-08-14
025860,남해화학,매출 구성,비료화학,93.6,반기보고서 (2026.06),2026-08-14
025860,남해화학,매출 구성,유류,6.4,반기보고서 (2026.06),2026-08-14
111710,남화산업,매출 구성,골프입장,76.5,반기보고서 (2026.06),2026-08-14
111710,남화산업,매출 구성,대여,16.3,반기보고서 (2026.06),2026-08-14
111710,남화산업,매출 구성,식음료,6.5,반기보고서 (2026.06),2026-08-14
111710,남화산업,매출 구성,숙박,0.7,반기보고서 (2026.06),2026-08-14
091590,남화토건,매출 구성,건축,90.1,반기보고서 (2026.06),2026-08-14
091590,남화토건,매출 구성,토목,9.9,반기보고서 (2026.06),2026-08-14
168330,내츄럴엔도텍,매출 구성,건강기능식품,85.7,[기재정정]반기보고서 (2026.06),2026-08-18
168330,내츄럴엔도텍,매출 구성,화장품,14.3,[기재정정]반기보고서 (2026.06),2026-08-18
094860,네오리진,매출 구성,게임사업부문,99.7,반기보고서 (2026.06),2026-08-14
094860,네오리진,매출 구성,숏폼드라마부문,0.3,반기보고서 (2026.06),2026-08-14
253590,네오셈,매출 구성,SSD 테스터,56.2,반기보고서 (2026.06),2026-08-14
253590,네오셈,매출 구성,번인 테스터,43.8,반기보고서 (2026.06),2026-08-14
212560,네오오토,매출 구성,대형기어등,48,반기보고서 (2026.06),2026-08-14
212560,네오오토,매출 구성,피니언 기어,34.2,반기보고서 (2026.06),2026-08-14
212560,네오오토,매출 구성,EV감속기부품,8,반기보고서 (2026.06),2026-08-14
212560,네오오토,매출 구성,디프 어셈 블리,7,반기보고서 (2026.06),2026-08-14
212560,네오오토,매출 구성,그 밖,2.7,반기보고서 (2026.06),2026-08-14
095660,네오위즈,매출 구성,게임사업,85.9,반기보고서 (2026.06),2026-08-14
095660,네오위즈,매출 구성,기타,12.9,반기보고서 (2026.06),2026-08-14
095660,네오위즈,매출 구성,임대사업,1.3,반기보고서 (2026.06),2026-08-14
042420,네오위즈홀딩스,매출 구성,게임사업,85.1,반기보고서 (2026.06),2026-08-14
042420,네오위즈홀딩스,매출 구성,기타사업,13.7,반기보고서 (2026.06),2026-08-14
042420,네오위즈홀딩스,매출 구성,임대사업,1.2,반기보고서 (2026.06),2026-08-14
042420,네오위즈홀딩스,매출 구성,지주사업,0,반기보고서 (2026.06),2026-08-14
950220,네오이뮨텍,매출 구성,임상연구,75,반기보고서 (2026.06),2026-08-12
950220,네오이뮨텍,매출 구성,기초연구,25,반기보고서 (2026.06),2026-08-12
311390,네오크레마,매출 구성,소재사업,68.1,반기보고서 (2026.06),2026-08-14
311390,네오크레마,매출 구성,식품사업,30.1,반기보고서 (2026.06),2026-08-14
311390,네오크레마,매출 구성,기타사업,1.7,반기보고서 (2026.06),2026-08-14
085910,네오티스,매출 구성,마이크로비트부문,46.5,반기보고서 (2026.06),2026-08-13
085910,네오티스,매출 구성,샤프트관련부문,28,반기보고서 (2026.06),2026-08-13
085910,네오티스,매출 구성,렌즈연마기 관련부분,24.8,반기보고서 (2026.06),2026-08-13
085910,네오티스,매출 구성,기타,0.7,반기보고서 (2026.06),2026-08-13
153460,네이블,매출 구성,통신클라우드,40.1,반기보고서 (2026.06),2026-08-13
153460,네이블,매출 구성,MCPTT,37,반기보고서 (2026.06),2026-08-13
153460,네이블,매출 구성,DT솔루션,14.9,반기보고서 (2026.06),2026-08-13
153460,네이블,매출 구성,IPC,8,반기보고서 (2026.06),2026-08-13
007390,네이처셀,매출 구성,줄기세포사업부문,81,반기보고서 (2026.06),2026-08-14
007390,네이처셀,매출 구성,식품사업부문,19,반기보고서 (2026.06),2026-08-14
033640,네패스,매출 구성,반도체,81.5,반기보고서 (2026.06),2026-08-14
033640,네패스,매출 구성,전자재료,18.2,반기보고서 (2026.06),2026-08-14
033640,네패스,매출 구성,기타,0.4,반기보고서 (2026.06),2026-08-14
330860,네패스아크,매출 구성,Wafer Test,99.6,반기보고서 (2026.06),2026-08-14
330860,네패스아크,매출 구성,기타매출,0.3,반기보고서 (2026.06),2026-08-14
330860,네패스아크,매출 구성,PKG Test,0.2,반기보고서 (2026.06),2026-08-14
005720,넥센,매출 구성,고무,92.6,반기보고서 (2026.06),2026-08-14
005720,넥센,매출 구성,물류,7,반기보고서 (2026.06),2026-08-14
005720,넥센,매출 구성,기타,0.3,반기보고서 (2026.06),2026-08-14
005720,넥센,매출 구성,임대,0.1,반기보고서 (2026.06),2026-08-14
002350,넥센타이어,매출 구성,타이어,99.8,반기보고서 (2026.06),2026-08-14
002350,넥센타이어,매출 구성,비타이어,0.2,반기보고서 (2026.06),2026-08-14
089140,넥스턴앤롤코리아,매출 구성,COK,100,반기보고서 (2026.06),2026-08-14
389650,넥스트바이오메디컬,매출 구성,내시경용지혈재,83.3,[기재정정]분기보고서 (2026.03),2026-08-19
389650,넥스트바이오메디컬,매출 구성,혈관색전미립구-F,7.8,[기재정정]분기보고서 (2026.03),2026-08-19
389650,넥스트바이오메디컬,매출 구성,혈관색전미립구,7.2,[기재정정]분기보고서 (2026.03),2026-08-19
389650,넥스트바이오메디컬,매출 구성,기타매출,1.7,[기재정정]분기보고서 (2026.03),2026-08-19
137940,넥스트아이,매출 구성,화장품,98.3,반기보고서 (2026.06),2026-08-14
137940,넥스트아이,매출 구성,LCD외관검사장비,1.6,반기보고서 (2026.06),2026-08-14
137940,넥스트아이,매출 구성,영상처리 하드웨어,0,반기보고서 (2026.06),2026-08-14
396270,넥스트칩,매출 구성,당반기,58.4,반기보고서 (2026.06),2026-08-14
396270,넥스트칩,매출 구성,전반기,41.6,반기보고서 (2026.06),2026-08-14
348210,넥스틴,매출 구성,"AEGIS, KROKY 등",99.5,반기보고서 (2026.06),2026-08-14
348210,넥스틴,매출 구성,부품등,0.5,반기보고서 (2026.06),2026-08-14
092790,넥스틸,매출 구성,강관,100,반기보고서 (2026.06),2026-08-14
225570,넥슨게임즈,매출 구성,모바일게임,49.7,사업보고서 (2024.12),2025-03-20
225570,넥슨게임즈,매출 구성,PC 게임,30.9,사업보고서 (2024.12),2025-03-20
225570,넥슨게임즈,매출 구성,PC 방,13.1,사업보고서 (2024.12),2025-03-20
225570,넥슨게임즈,매출 구성,콘솔게임,4.5,사업보고서 (2024.12),2025-03-20
225570,넥슨게임즈,매출 구성,그 밖,1.9,사업보고서 (2024.12),2025-03-20
205500,넥써쓰,매출 구성,용역 매출,53.9,반기보고서 (2026.06),2026-08-14
205500,넥써쓰,매출 구성,게임 매출,25.2,반기보고서 (2026.06),2026-08-14
205500,넥써쓰,매출 구성,플랫폼 매출,20.9,반기보고서 (2026.06),2026-08-14
217270,넵튠,매출 구성,게임,84.5,반기보고서 (2026.06),2026-08-14
217270,넵튠,매출 구성,애드테크(AdTech),7.8,반기보고서 (2026.06),2026-08-14
217270,넵튠,매출 구성,기타,7.7,반기보고서 (2026.06),2026-08-14
251270,넷마블,매출 구성,게임,95.1,반기보고서 (2026.06),2026-08-14
251270,넷마블,매출 구성,기타,4.9,반기보고서 (2026.06),2026-08-14
317860,노드메이슨,매출 구성,기초 화장품,84.8,사업보고서 (2025.12),2026-03-18
317860,노드메이슨,매출 구성,두발용,7.9,사업보고서 (2025.12),2026-03-18
317860,노드메이슨,매출 구성,색조 화장품,7.3,사업보고서 (2025.12),2026-03-18
104620,노랑풍선,매출 구성,여행알선수입,63.2,반기보고서 (2026.06),2026-08-14
104620,노랑풍선,매출 구성,항공권총액매출,15.8,반기보고서 (2026.06),2026-08-14
104620,노랑풍선,매출 구성,항공권판매수입등,11,반기보고서 (2026.06),2026-08-14
104620,노랑풍선,매출 구성,기타,10,반기보고서 (2026.06),2026-08-14
090350,노루페인트,매출 구성,"건축,공업용 도료 등",81.1,반기보고서 (2026.06),2026-08-14
090350,노루페인트,매출 구성,PCM 도료 등,18.9,반기보고서 (2026.06),2026-08-14
000320,노루홀딩스,매출 구성,건축/공업용도료 등,48.7,반기보고서 (2026.06),2026-08-14
000320,노루홀딩스,매출 구성,자동차용 도료,29.7,반기보고서 (2026.06),2026-08-14
000320,노루홀딩스,매출 구성,PCM용 도료,15.6,반기보고서 (2026.06),2026-08-14
000320,노루홀딩스,매출 구성,기타부문,5.1,반기보고서 (2026.06),2026-08-14
000320,노루홀딩스,매출 구성,그 밖,0.9,반기보고서 (2026.06),2026-08-14
473980,노머스,매출 구성,공연,37.5,반기보고서 (2026.06),2026-08-14
473980,노머스,매출 구성,플랫폼등,37.1,반기보고서 (2026.06),2026-08-14
473980,노머스,매출 구성,상품,25.4,반기보고서 (2026.06),2026-08-14
285490,노바텍,매출 구성,차폐(일반)자석,60.2,[기재정정]반기보고서 (2026.06),2026-08-28
285490,노바텍,매출 구성,심재,22.2,[기재정정]반기보고서 (2026.06),2026-08-28
285490,노바텍,매출 구성,기타,17.6,[기재정정]반기보고서 (2026.06),2026-08-28
283100,노보믹스,사업 구성,종료,83.3,사업보고서 (2023.12),2024-04-05
283100,노보믹스,사업 구성,진행중,16.7,사업보고서 (2023.12),2024-04-05
145170,노브랜드,매출 구성,Knit,57.9,반기보고서 (2026.06),2026-08-14
145170,노브랜드,매출 구성,Woven,42.1,반기보고서 (2026.06),2026-08-14
145170,노브랜드,매출 구성,기타(음식),0,반기보고서 (2026.06),2026-08-14
145170,노브랜드,매출 구성,기타,0,반기보고서 (2026.06),2026-08-14
229500,노브메타파마,사업 구성,원료,91.9,사업보고서 (2025.12),2026-03-20
229500,노브메타파마,사업 구성,건강기능식품,8.1,사업보고서 (2025.12),2026-03-20
106520,노블엠앤비,매출 구성,"전장용렌즈, 프로젝터엔진",98.2,사업보고서 (2025.12),2026-03-31
106520,노블엠앤비,매출 구성,"석산개발사업, 코팅 물질등 기타",1.8,사업보고서 (2025.12),2026-03-31
376930,노을,매출 구성,AI헬스케어단일사업부문,100,반기보고서 (2026.06),2026-08-13
486990,노타,매출 구성,NetsPresso Solution,69.4,반기보고서 (2026.06),2026-08-14
486990,노타,매출 구성,NetsPresso Platform,30.6,반기보고서 (2026.06),2026-08-14
006280,녹십자,매출 구성,의약품제조및판매,89.8,반기보고서 (2026.06),2026-08-14
006280,녹십자,매출 구성,검체등진단및분석,8.6,반기보고서 (2026.06),2026-08-14
006280,녹십자,매출 구성,기타,1.6,반기보고서 (2026.06),2026-08-14
142280,녹십자엠에스,매출 구성,진단상품및의료기기등,45.1,반기보고서 (2026.06),2026-08-14
142280,녹십자엠에스,매출 구성,혈액투석액,38.2,반기보고서 (2026.06),2026-08-14
142280,녹십자엠에스,매출 구성,혈당,14.6,반기보고서 (2026.06),2026-08-14
142280,녹십자엠에스,매출 구성,진단제품,1.3,반기보고서 (2026.06),2026-08-14
142280,녹십자엠에스,매출 구성,그 밖,0.8,반기보고서 (2026.06),2026-08-14
234690,녹십자웰빙,매출 구성,전문의약품,91.4,반기보고서 (2026.06),2026-08-14
234690,녹십자웰빙,매출 구성,병의원용건강기능식품,7.3,반기보고서 (2026.06),2026-08-14
234690,녹십자웰빙,매출 구성,기타,1.2,반기보고서 (2026.06),2026-08-14
005250,녹십자홀딩스,매출 구성,의약품제조및판매,66.7,반기보고서 (2026.06),2026-08-14
005250,녹십자홀딩스,매출 구성,의료서비스및시스템개발공급,11.9,반기보고서 (2026.06),2026-08-14
005250,녹십자홀딩스,매출 구성,기타,8.7,반기보고서 (2026.06),2026-08-14
005250,녹십자홀딩스,매출 구성,검체등진단및분석,8.4,반기보고서 (2026.06),2026-08-14
005250,녹십자홀딩스,매출 구성,그 밖,4.4,반기보고서 (2026.06),2026-08-14
004370,농심,매출 구성,식품제조및판매등,100,반기보고서 (2026.06),2026-08-14
072710,농심홀딩스,매출 구성,제조,74.1,반기보고서 (2026.06),2026-08-14
072710,농심홀딩스,매출 구성,엔지니어링,18.4,반기보고서 (2026.06),2026-08-14
072710,농심홀딩스,매출 구성,지주회사투자,5.2,반기보고서 (2026.06),2026-08-14
072710,농심홀딩스,매출 구성,레저,2.3,반기보고서 (2026.06),2026-08-14
040160,누리플렉스,매출 구성,직접판매,100,반기보고서 (2026.06),2026-08-14
332290,누보,매출 구성,농업부문,69.7,반기보고서 (2026.06),2026-08-14
332290,누보,매출 구성,골프장,24.7,반기보고서 (2026.06),2026-08-14
332290,누보,매출 구성,기타,5.6,반기보고서 (2026.06),2026-08-14
380550,뉴로핏,매출 구성,Imaging CRO서비스,32.4,반기보고서 (2026.06),2026-08-14
380550,뉴로핏,매출 구성,NeurophetAQUA,24.5,반기보고서 (2026.06),2026-08-14
380550,뉴로핏,매출 구성,기타,21.5,반기보고서 (2026.06),2026-08-14
380550,뉴로핏,매출 구성,NeurophetSCALE PET,18.9,반기보고서 (2026.06),2026-08-14
380550,뉴로핏,매출 구성,그 밖,2.7,반기보고서 (2026.06),2026-08-14
463020,뉴엔AI,매출 구성,Quetta_Enterprise,40.6,반기보고서 (2026.06),2026-08-14
463020,뉴엔AI,매출 구성,Quetta_Data,33.7,반기보고서 (2026.06),2026-08-14
463020,뉴엔AI,매출 구성,Quetta_Service,13.6,반기보고서 (2026.06),2026-08-14
463020,뉴엔AI,매출 구성,Insight Report,7.7,반기보고서 (2026.06),2026-08-14
463020,뉴엔AI,매출 구성,그 밖,4.3,반기보고서 (2026.06),2026-08-14
123840,뉴온,매출 구성,생활용품,59.7,반기보고서 (2026.06),2026-08-14
123840,뉴온,매출 구성,건강기능식품,37.4,반기보고서 (2026.06),2026-08-14
123840,뉴온,매출 구성,기타,2.9,반기보고서 (2026.06),2026-08-14
012340,뉴인텍,매출 구성,커패시터및증착필름,100,반기보고서 (2026.06),2026-08-18
462310,뉴키즈온,매출 구성,유아동패션,90,반기보고서 (2026.06),2026-08-14
462310,뉴키즈온,매출 구성,유아동화장품,8.5,반기보고서 (2026.06),2026-08-14
462310,뉴키즈온,매출 구성,프래그런스,1.5,반기보고서 (2026.06),2026-08-14
144960,뉴파워프라즈마,매출 구성,방산부문등,46,반기보고서 (2026.06),2026-08-14
144960,뉴파워프라즈마,매출 구성,UTG 등,24,반기보고서 (2026.06),2026-08-14
144960,뉴파워프라즈마,매출 구성,기타매출(수리외),15.7,반기보고서 (2026.06),2026-08-14
144960,뉴파워프라즈마,매출 구성,CleaningSystem,13.3,반기보고서 (2026.06),2026-08-14
144960,뉴파워프라즈마,매출 구성,그 밖,1.1,반기보고서 (2026.06),2026-08-14
085670,뉴프렉스,매출 구성,EV 배터리용 FPC RTR 제조기술 개발,100,반기보고서 (2026.06),2026-08-14
064260,다날,매출 구성,커머스사업부문,80.6,반기보고서 (2026.06),2026-08-14
064260,다날,매출 구성,디지털콘텐츠부문,15.5,반기보고서 (2026.06),2026-08-14
064260,다날,매출 구성,프랜차이즈부문,3.9,반기보고서 (2026.06),2026-08-14
340360,다보링크,매출 구성,Wi-Fi-6 802.11ax AP 개발,44.4,반기보고서 (2026.06),2026-08-14
340360,다보링크,매출 구성,WiFi-7 AP 개발,22.3,반기보고서 (2026.06),2026-08-14
340360,다보링크,매출 구성,Wi-Fi 6E AP 개발,22.2,반기보고서 (2026.06),2026-08-14
340360,다보링크,매출 구성,기업용 소형 APC 개발,11.1,반기보고서 (2026.06),2026-08-14
039560,다산네트웍스,매출 구성,특수열교환기,27.8,반기보고서 (2026.06),2026-08-14
039560,다산네트웍스,매출 구성,네트워크,27.3,반기보고서 (2026.06),2026-08-14
039560,다산네트웍스,매출 구성,고무부품등자동차부품,23.3,반기보고서 (2026.06),2026-08-14
039560,다산네트웍스,매출 구성,의류,8.7,반기보고서 (2026.06),2026-08-14
039560,다산네트웍스,매출 구성,그 밖,12.9,반기보고서 (2026.06),2026-08-14
058730,다스코,매출 구성,SOC사업부문,37.5,반기보고서 (2026.06),2026-08-14
058730,다스코,매출 구성,건축자재사업부문,34.4,반기보고서 (2026.06),2026-08-14
058730,다스코,매출 구성,철강재사업부문,19.8,반기보고서 (2026.06),2026-08-14
058730,다스코,매출 구성,에너지사업부문,8.3,반기보고서 (2026.06),2026-08-14
023590,다우기술,매출 구성,시스템구축본부,100,반기보고서 (2026.06),2026-08-14
032190,다우데이타,매출 구성,시스템구축본부,100,반기보고서 (2026.06),2026-08-14
145210,다이나믹디자인,매출 구성,타이어 금형,100,사업보고서 (2024.12),2025-03-21
145210,다이나믹디자인,매출 구성,타이어 제조설비,0,사업보고서 (2024.12),2025-03-21
483650,달바글로벌,매출 구성,화장품,98.7,반기보고서 (2026.06),2026-08-14
483650,달바글로벌,매출 구성,홈뷰티기기,0.8,반기보고서 (2026.06),2026-08-14
483650,달바글로벌,매출 구성,이너뷰티,0.3,반기보고서 (2026.06),2026-08-14
483650,달바글로벌,매출 구성,F&B,0.1,반기보고서 (2026.06),2026-08-14
464580,닷밀,매출 구성,B2G,74.4,반기보고서 (2026.06),2026-08-14
464580,닷밀,매출 구성,B2C,24,반기보고서 (2026.06),2026-08-14
464580,닷밀,매출 구성,B2B,1.7,반기보고서 (2026.06),2026-08-14
019680,대교,매출 구성,국내교육사업,96.2,사업보고서 (2025.12),2026-03-18
019680,대교,매출 구성,기타,2.6,사업보고서 (2025.12),2026-03-18
019680,대교,매출 구성,해외사업부문,1.1,사업보고서 (2025.12),2026-03-18
006370,대구백화점,매출 구성,백화점부문,100,반기보고서 (2026.06),2026-08-14
008060,대덕,매출 구성,PCB사업,75.5,반기보고서 (2026.06),2026-08-14
008060,대덕,매출 구성,RF사업,17.8,반기보고서 (2026.06),2026-08-14
008060,대덕,매출 구성,기타사업,6.7,반기보고서 (2026.06),2026-08-14
353200,대덕전자,매출 구성,PCB사업부문,100,사업보고서 (2023.12),2024-03-20
000490,대동,매출 구성,농기계,85.9,반기보고서 (2026.06),2026-08-14
000490,대동,매출 구성,주물,12.9,반기보고서 (2026.06),2026-08-14
000490,대동,매출 구성,기타,1.2,반기보고서 (2026.06),2026-08-14
178600,대동고려삼,사업 구성,액상차,44.5,사업보고서 (2025.06),2025-09-22
178600,대동고려삼,사업 구성,농축액,27,사업보고서 (2025.06),2025-09-22
178600,대동고려삼,사업 구성,홍삼류,10.3,사업보고서 (2025.06),2025-09-22
178600,대동고려삼,사업 구성,기타,9.5,사업보고서 (2025.06),2025-09-22
178600,대동고려삼,사업 구성,그 밖,8.8,사업보고서 (2025.06),2025-09-22
020400,대동금속,매출 구성,주물,100,반기보고서 (2026.06),2026-08-14
008830,대동기어,매출 구성,기어및동력전달장치,100,반기보고서 (2026.06),2026-08-14
004780,대륙제관,매출 구성,외상매출,100,반기보고서 (2026.06),2026-08-14
005750,대림바스,매출 구성,바스,70.7,반기보고서 (2026.06),2026-08-14
005750,대림바스,매출 구성,BK,16.8,반기보고서 (2026.06),2026-08-14
005750,대림바스,매출 구성,케어,12.6,반기보고서 (2026.06),2026-08-14
017650,대림제지,매출 구성,제지부문,60.9,반기보고서 (2026.06),2026-08-14
017650,대림제지,매출 구성,골판지부문,39.1,반기보고서 (2026.06),2026-08-14
006570,대림통상,매출 구성,건자재사업부문,83.5,반기보고서 (2026.06),2026-08-14
006570,대림통상,매출 구성,양식기부문(PT.DLI),12.1,반기보고서 (2026.06),2026-08-14
006570,대림통상,매출 구성,주방용품외(리빙스타),2.3,반기보고서 (2026.06),2026-08-14
006570,대림통상,매출 구성,수전금구부문(D.B.M),1.1,반기보고서 (2026.06),2026-08-14
006570,대림통상,매출 구성,그 밖,1,반기보고서 (2026.06),2026-08-14
389260,대명에너지,매출 구성,신재생에너지,98.8,반기보고서 (2026.06),2026-08-14
389260,대명에너지,매출 구성,기타,1.2,반기보고서 (2026.06),2026-08-14
317850,대모,매출 구성,유압브레이커,67.1,반기보고서 (2026.06),2026-08-14
317850,대모,매출 구성,기타어태치먼트,10.4,반기보고서 (2026.06),2026-08-14
317850,대모,매출 구성,부품,10.1,반기보고서 (2026.06),2026-08-14
317850,대모,매출 구성,퀵커플러,7,반기보고서 (2026.06),2026-08-14
317850,대모,매출 구성,그 밖,5.3,반기보고서 (2026.06),2026-08-14
078140,대봉엘에스,매출 구성,원료 의약품 / 화장품 원료 외,100,사업보고서 (2024.12),2025-03-21
065150,대산F&B,매출 구성,유통거래처,87.3,반기보고서 (2026.06),2026-08-14
065150,대산F&B,매출 구성,소매거래처,8.8,반기보고서 (2026.06),2026-08-14
065150,대산F&B,매출 구성,기타거래처,3.9,반기보고서 (2026.06),2026-08-14
001680,대상,매출 구성,식품,71.6,반기보고서 (2026.06),2026-08-14
001680,대상,매출 구성,소재,28.4,반기보고서 (2026.06),2026-08-14
084690,대상홀딩스,매출 구성,식품,71.6,반기보고서 (2026.06),2026-08-14
084690,대상홀딩스,매출 구성,소재,28.4,반기보고서 (2026.06),2026-08-14
036480,대성미생물,매출 구성,동물용의약품,100,반기보고서 (2026.06),2026-08-14
020180,대신정보통신,매출 구성,시스템통합,95.2,분기보고서 (2026.06),2026-08-14
020180,대신정보통신,매출 구성,모바일디바이스,2.9,분기보고서 (2026.06),2026-08-14
020180,대신정보통신,매출 구성,부동산 공급및임대,1.9,분기보고서 (2026.06),2026-08-14
009190,대양금속,매출 구성,제품상품,100,반기보고서 (2026.06),2026-08-14
108380,대양전기공업,매출 구성,조명전자시스템전기시스템등,100,반기보고서 (2026.06),2026-08-14
006580,대양제지공업,매출 구성,골판지상자제조,100,반기보고서 (2026.06),2026-08-14
014160,대영포장,매출 구성,상자,52.9,반기보고서 (2026.06),2026-08-14
014160,대영포장,매출 구성,원단,35.8,반기보고서 (2026.06),2026-08-14
014160,대영포장,매출 구성,기타,11.3,반기보고서 (2026.06),2026-08-14
047040,대우건설,매출 구성,건축,63.3,반기보고서 (2026.06),2026-08-14
047040,대우건설,매출 구성,토목,17.7,반기보고서 (2026.06),2026-08-14
047040,대우건설,매출 구성,플랜트,12.2,반기보고서 (2026.06),2026-08-14
047040,대우건설,매출 구성,기타/종속회사,6.9,반기보고서 (2026.06),2026-08-14
003090,대웅,매출 구성,의약품제조 및판매,94.3,반기보고서 (2026.06),2026-08-14
003090,대웅,매출 구성,용역제공,4.8,반기보고서 (2026.06),2026-08-14
003090,대웅,매출 구성,부동산임대,0.8,반기보고서 (2026.06),2026-08-14
003090,대웅,매출 구성,기타,0.2,반기보고서 (2026.06),2026-08-14
069620,대웅제약,매출 구성,의약품제조및판매,95.7,반기보고서 (2026.06),2026-08-14
069620,대웅제약,매출 구성,기타,4.3,반기보고서 (2026.06),2026-08-14
007680,대원,매출 구성,건설,89.1,반기보고서 (2026.06),2026-08-14
007680,대원,매출 구성,섬유,9,반기보고서 (2026.06),2026-08-14
007680,대원,매출 구성,기타,1.9,반기보고서 (2026.06),2026-08-14
000430,대원강업,매출 구성,각종차량용부품및관련제품,42.8,반기보고서 (2026.06),2026-08-14
000430,대원강업,매출 구성,각종자동차부품및관련제품,28.6,반기보고서 (2026.06),2026-08-14
000430,대원강업,매출 구성,"코일, 스테빌라이저바",14.3,반기보고서 (2026.06),2026-08-14
000430,대원강업,매출 구성,철도시트,14.3,반기보고서 (2026.06),2026-08-14
048910,대원미디어,매출 구성,부채,76.4,반기보고서 (2026.06),2026-08-14
048910,대원미디어,매출 구성,자산,23.6,반기보고서 (2026.06),2026-08-14
005710,대원산업,매출 구성,업체,95.3,반기보고서 (2026.06),2026-08-14
005710,대원산업,매출 구성,현대,2,반기보고서 (2026.06),2026-08-14
005710,대원산업,매출 구성,기아,1.9,반기보고서 (2026.06),2026-08-14
005710,대원산업,매출 구성,한국지엠,0.6,반기보고서 (2026.06),2026-08-14
005710,대원산업,매출 구성,그 밖,0.2,반기보고서 (2026.06),2026-08-14
003220,대원제약,매출 구성,제약,81.1,반기보고서 (2026.06),2026-08-07
003220,대원제약,매출 구성,건강기능식품,14.9,반기보고서 (2026.06),2026-08-07
003220,대원제약,매출 구성,화장품,3.8,반기보고서 (2026.06),2026-08-07
003220,대원제약,매출 구성,기타,0.1,반기보고서 (2026.06),2026-08-07
120240,대정화금,매출 구성,Acetone 18L 등,64.6,반기보고서 (2026.06),2026-08-14
120240,대정화금,매출 구성,Acetonitrile 4L 등,35.3,반기보고서 (2026.06),2026-08-14
120240,대정화금,매출 구성,기타,0.1,반기보고서 (2026.06),2026-08-14
003310,대주산업,매출 구성,배합사료,99.7,반기보고서 (2026.06),2026-08-14
003310,대주산업,매출 구성,동물용의약품,0.3,반기보고서 (2026.06),2026-08-14
114920,대주이엔티,사업 구성,엘리베이터가이드레일,99.3,사업보고서 (2025.12),2026-03-31
114920,대주이엔티,사업 구성,이중보온관,0.7,사업보고서 (2025.12),2026-03-31
078600,대주전자재료,매출 구성,전자재료,100,반기보고서 (2026.06),2026-08-14
008340,대주코레스,매출 구성,알루미늄압출형재,100,사업보고서 (2025.12),2026-03-31
012800,대창,매출 구성,비철금속,99.8,사업보고서 (2025.12),2026-03-18
012800,대창,매출 구성,분양,0.2,사업보고서 (2025.12),2026-03-18
096350,대창솔루션,매출 구성,조선기자재 부문,44.2,반기보고서 (2026.06),2026-08-14
096350,대창솔루션,매출 구성,해양솔루션 부문,23.9,반기보고서 (2026.06),2026-08-14
096350,대창솔루션,매출 구성,원전폐기물 부문,16.1,반기보고서 (2026.06),2026-08-14
096350,대창솔루션,매출 구성,발전설비 부문,6.5,반기보고서 (2026.06),2026-08-14
096350,대창솔루션,매출 구성,그 밖,9.2,반기보고서 (2026.06),2026-08-14
140520,대창스틸,매출 구성,철강사업,98.7,반기보고서 (2026.06),2026-08-13
140520,대창스틸,매출 구성,이중바닥재사업,1.1,반기보고서 (2026.06),2026-08-13
140520,대창스틸,매출 구성,부동산사업,0.1,반기보고서 (2026.06),2026-08-13
010170,대한광통신,매출 구성,통신사업,57.3,반기보고서 (2026.06),2026-08-14
010170,대한광통신,매출 구성,전력사업,42.7,반기보고서 (2026.06),2026-08-14
054670,대한뉴팜,매출 구성,국내매출,92.3,[기재정정]사업보고서 (2025.12),2026-08-28
054670,대한뉴팜,매출 구성,수출매출,7.7,[기재정정]사업보고서 (2025.12),2026-08-28
001070,대한방직,매출 구성,방직부문,99.9,[기재정정]사업보고서 (2024.12),2025-08-14
001070,대한방직,매출 구성,임대부문,0.1,[기재정정]사업보고서 (2024.12),2025-08-14
023910,대한약품,매출 구성,의약품 (화학합성),90,반기보고서 (2026.06),2026-08-14
023910,대한약품,매출 구성,의료기기,10,반기보고서 (2026.06),2026-08-14
006650,대한유화,매출 구성,석유화학부문,77.3,반기보고서 (2026.06),2026-08-14
006650,대한유화,매출 구성,유틸리티부문,19.8,반기보고서 (2026.06),2026-08-14
006650,대한유화,매출 구성,소금 부문,1.6,반기보고서 (2026.06),2026-08-14
006650,대한유화,매출 구성,산업용 가스부문,1.4,반기보고서 (2026.06),2026-08-14
084010,대한제강,매출 구성,씨티은행,66.7,사업보고서 (2024.12),2025-03-20
084010,대한제강,매출 구성,삼성선물,33.3,사업보고서 (2024.12),2025-03-20
001790,대한제당,매출 구성,식품,48.1,반기보고서 (2026.06),2026-08-14
001790,대한제당,매출 구성,축산유통,28.8,반기보고서 (2026.06),2026-08-14
001790,대한제당,매출 구성,사료,18.5,반기보고서 (2026.06),2026-08-14
001790,대한제당,매출 구성,기타,4.6,반기보고서 (2026.06),2026-08-14
001130,대한제분,매출 구성,사료,38.7,반기보고서 (2026.06),2026-08-14
001130,대한제분,매출 구성,소맥분 식품,31.8,반기보고서 (2026.06),2026-08-14
001130,대한제분,매출 구성,"조사료,하역 및 보관",10.5,반기보고서 (2026.06),2026-08-14
001130,대한제분,매출 구성,식음료,7.3,반기보고서 (2026.06),2026-08-14
001130,대한제분,매출 구성,그 밖,11.7,반기보고서 (2026.06),2026-08-14
439260,대한조선,매출 구성,선박,99.2,반기보고서 (2026.06),2026-08-14
439260,대한조선,매출 구성,기타,0.8,반기보고서 (2026.06),2026-08-14
003490,대한항공,매출 구성,항공기체,46.6,반기보고서 (2026.06),2026-08-14
003490,대한항공,매출 구성,군용기MROU,34.5,반기보고서 (2026.06),2026-08-14
003490,대한항공,매출 구성,무인기,18.5,반기보고서 (2026.06),2026-08-14
003490,대한항공,매출 구성,신사업,0.4,반기보고서 (2026.06),2026-08-14
005880,대한해운,매출 구성,벌크선,51.2,반기보고서 (2026.06),2026-08-14
005880,대한해운,매출 구성,LNG선,30.8,반기보고서 (2026.06),2026-08-14
005880,대한해운,매출 구성,기타부문,9.2,반기보고서 (2026.06),2026-08-14
005880,대한해운,매출 구성,탱커선,4.8,반기보고서 (2026.06),2026-08-14
005880,대한해운,매출 구성,그 밖,4.1,반기보고서 (2026.06),2026-08-14
003830,대한화섬,매출 구성,Polyester,89.9,사업보고서 (2025.12),2026-03-18
003830,대한화섬,매출 구성,기타매출,10.1,사업보고서 (2025.12),2026-03-18
069460,대호에이엘,매출 구성,알미늄판재,100,[첨부추가]반기보고서 (2026.06),2026-08-14
021040,대호특수강,매출 구성,제1차금속(냉간압조용선),99.8,반기보고서 (2026.06),2026-08-14
021040,대호특수강,매출 구성,제1차금속(CD-BAR),0.2,반기보고서 (2026.06),2026-08-14
067080,대화제약,매출 구성,"의약품제조, 판매부문",73.9,반기보고서 (2026.06),2026-08-07
067080,대화제약,매출 구성,의약품도매부문,14.9,반기보고서 (2026.06),2026-08-07
067080,대화제약,매출 구성,"의약품원료제조, 판매부문",5.6,반기보고서 (2026.06),2026-08-07
067080,대화제약,매출 구성,"화장품, 의료기기 제조, 판매부문",5.4,반기보고서 (2026.06),2026-08-07
067080,대화제약,매출 구성,그 밖,0.3,반기보고서 (2026.06),2026-08-07
298540,더네이쳐홀딩스,매출 구성,의류,72,반기보고서 (2026.06),2026-08-14
298540,더네이쳐홀딩스,매출 구성,용품류,22.9,반기보고서 (2026.06),2026-08-14
298540,더네이쳐홀딩스,매출 구성,여행용가방,3.7,반기보고서 (2026.06),2026-08-14
298540,더네이쳐홀딩스,매출 구성,수수료등,0.9,반기보고서 (2026.06),2026-08-14
298540,더네이쳐홀딩스,매출 구성,그 밖,0.6,반기보고서 (2026.06),2026-08-14
032860,더라미,매출 구성,금속및비금속원료재생사업부문,63.9,반기보고서 (2026.06),2026-08-14
032860,더라미,매출 구성,화장품사업부문,35.6,반기보고서 (2026.06),2026-08-14
032860,더라미,매출 구성,리조트 사업부문,0.5,반기보고서 (2026.06),2026-08-14
475560,더본코리아,매출 구성,가맹사업,94.9,반기보고서 (2026.06),2026-08-14
475560,더본코리아,매출 구성,유통사업,3.1,반기보고서 (2026.06),2026-08-14
475560,더본코리아,매출 구성,호텔사업,2,반기보고서 (2026.06),2026-08-14
192080,더블유게임즈,매출 구성,게임,87.8,반기보고서 (2026.06),2026-08-14
192080,더블유게임즈,매출 구성,아이게이밍,12.2,반기보고서 (2026.06),2026-08-14
393890,더블유씨피,매출 구성,분리막,100,반기보고서 (2026.06),2026-08-14
299170,더블유에스아이,매출 구성,의약품(유통),48.7,반기보고서 (2026.06),2026-08-14
299170,더블유에스아이,매출 구성,의약품(제조),28.9,반기보고서 (2026.06),2026-08-14
299170,더블유에스아이,매출 구성,의료기기(유통),14.5,반기보고서 (2026.06),2026-08-14
299170,더블유에스아이,매출 구성,기타,7,반기보고서 (2026.06),2026-08-14
299170,더블유에스아이,매출 구성,그 밖,0.9,반기보고서 (2026.06),2026-08-14
065310,더스텔라,사업 구성,유상증자,82,사업보고서 (2023.12),2024-04-01
065310,더스텔라,사업 구성,전환권대가,18,사업보고서 (2023.12),2024-04-01
012510,더존비즈온,매출 구성,소프트웨어,96.3,반기보고서 (2026.06),2026-08-14
012510,더존비즈온,매출 구성,기타,3.7,반기보고서 (2026.06),2026-08-14
462860,더즌,매출 구성,디지털 뱅킹 솔루션,58.1,반기보고서 (2026.06),2026-08-13
462860,더즌,매출 구성,FX 솔루션,23.8,반기보고서 (2026.06),2026-08-13
462860,더즌,매출 구성,데이터 솔루션,16.9,반기보고서 (2026.06),2026-08-13
462860,더즌,매출 구성,상품및기타,1.1,반기보고서 (2026.06),2026-08-13
224060,더코디,매출 구성,기타(단열재 등),39.6,반기보고서 (2026.06),2026-08-14
224060,더코디,매출 구성,Coil&Transformer,35.1,반기보고서 (2026.06),2026-08-14
224060,더코디,매출 구성,전장,12.6,반기보고서 (2026.06),2026-08-14
224060,더코디,매출 구성,반도체,8.9,반기보고서 (2026.06),2026-08-14
224060,더코디,매출 구성,그 밖,3.8,반기보고서 (2026.06),2026-08-14
302920,더콘텐츠온,매출 구성,드라마사업본부,52.8,사업보고서 (2025.12),2026-03-23
302920,더콘텐츠온,매출 구성,영화사업본부,45.8,사업보고서 (2025.12),2026-03-23
302920,더콘텐츠온,매출 구성,기타수익,1.4,사업보고서 (2025.12),2026-03-23
043090,더테크놀로지,매출 구성,네트워크장비사업,98.6,반기보고서 (2026.06),2026-08-14
043090,더테크놀로지,매출 구성,기타,0.7,반기보고서 (2026.06),2026-08-14
043090,더테크놀로지,매출 구성,게임사업,0.5,반기보고서 (2026.06),2026-08-14
043090,더테크놀로지,매출 구성,유통사업,0.2,반기보고서 (2026.06),2026-08-14
403850,더핑크퐁컴퍼니,매출 구성,콘텐츠,62.9,반기보고서 (2026.06),2026-08-14
403850,더핑크퐁컴퍼니,매출 구성,Merchandise,17.7,반기보고서 (2026.06),2026-08-14
403850,더핑크퐁컴퍼니,매출 구성,라이선스,11.2,반기보고서 (2026.06),2026-08-14
403850,더핑크퐁컴퍼니,매출 구성,기타,8.2,반기보고서 (2026.06),2026-08-14
213420,덕산네오룩스,매출 구성,통화선물환,100,반기보고서 (2026.06),2026-08-13
317330,덕산테코피아,매출 구성,반도체 소재,53.7,반기보고서 (2026.06),2026-08-14
317330,덕산테코피아,매출 구성,OLED 소재,37.5,반기보고서 (2026.06),2026-08-14
317330,덕산테코피아,매출 구성,의약품 중간체,4.9,반기보고서 (2026.06),2026-08-14
317330,덕산테코피아,매출 구성,기타,3.9,반기보고서 (2026.06),2026-08-14
004830,덕성,매출 구성,한국사업부,88.2,반기보고서 (2026.06),2026-08-14
004830,덕성,매출 구성,중국사업부,10.5,반기보고서 (2026.06),2026-08-14
004830,덕성,매출 구성,베트남사업부,1.3,반기보고서 (2026.06),2026-08-14
090410,덕신이피씨,매출 구성,하락시,100,반기보고서 (2026.06),2026-08-14
263600,덕우전자,매출 구성,"Stiffener,Bracket 등",86.4,반기보고서 (2026.06),2026-08-14
263600,덕우전자,매출 구성,"자동차용 전장부품,이차전지용 부품",7,반기보고서 (2026.06),2026-08-14
263600,덕우전자,매출 구성,부산물,4.8,반기보고서 (2026.06),2026-08-14
263600,덕우전자,매출 구성,기타,1.7,반기보고서 (2026.06),2026-08-14
194480,데브시스터즈,매출 구성,게임,87.9,반기보고서 (2026.06),2026-08-14
194480,데브시스터즈,매출 구성,IP,11.2,반기보고서 (2026.06),2026-08-14
194480,데브시스터즈,매출 구성,기타,0.9,반기보고서 (2026.06),2026-08-14
373160,데이원컴퍼니,매출 구성,교육서비스,94.7,반기보고서 (2026.06),2026-08-14
373160,데이원컴퍼니,매출 구성,기타,3.7,반기보고서 (2026.06),2026-08-14
373160,데이원컴퍼니,매출 구성,교재매출,1.6,반기보고서 (2026.06),2026-08-14
263800,데이타솔루션,매출 구성,H/W(Hardware),60.7,반기보고서 (2026.06),2026-08-14
263800,데이타솔루션,매출 구성,유지보수,18,반기보고서 (2026.06),2026-08-14
263800,데이타솔루션,매출 구성,SI(System Integration),15.1,반기보고서 (2026.06),2026-08-14
263800,데이타솔루션,매출 구성,S/W(Software),5.9,반기보고서 (2026.06),2026-08-14
263800,데이타솔루션,매출 구성,그 밖,0.4,반기보고서 (2026.06),2026-08-14
199150,데이터스트림즈,사업 구성,솔루션및플랫폼,28.5,사업보고서 (2025.12),2026-03-19
199150,데이터스트림즈,사업 구성,제품 매출,28.5,사업보고서 (2025.12),2026-03-19
199150,데이터스트림즈,사업 구성,용역 매출,19.2,사업보고서 (2025.12),2026-03-19
199150,데이터스트림즈,사업 구성,구축서비스,17.2,사업보고서 (2025.12),2026-03-19
199150,데이터스트림즈,사업 구성,그 밖,6.7,사업보고서 (2025.12),2026-03-19
017680,데코앤에프,매출 구성,제조 도.소매 의류,100,반기보고서 (2026.06),2026-08-14
206560,덱스터,매출 구성,덱스터 스튜디오,100,사업보고서 (2025.12),2026-03-20
261200,덴티스,매출 구성,임플란트군,83.8,[기재정정]반기보고서 (2026.06),2026-08-21
261200,덴티스,매출 구성,의료용 수술등,15.5,[기재정정]반기보고서 (2026.06),2026-08-21
261200,덴티스,매출 구성,치과용 3D프린터,0.7,[기재정정]반기보고서 (2026.06),2026-08-21
484120,도우인시스,매출 구성,UTG,95.9,반기보고서 (2026.06),2026-08-13
484120,도우인시스,매출 구성,임가공,4.1,반기보고서 (2026.06),2026-08-13
002150,도화엔지니어링,매출 구성,CM,32.7,반기보고서 (2026.06),2026-08-13
002150,도화엔지니어링,매출 구성,교통,17.6,반기보고서 (2026.06),2026-08-13
002150,도화엔지니어링,매출 구성,인프라,17.2,반기보고서 (2026.06),2026-08-13
002150,도화엔지니어링,매출 구성,물산업,16.5,반기보고서 (2026.06),2026-08-13
002150,도화엔지니어링,매출 구성,그 밖,15.9,반기보고서 (2026.06),2026-08-13
006620,동구바이오제약,매출 구성,기타,43.1,반기보고서 (2026.06),2026-08-12
006620,동구바이오제약,매출 구성,비뇨생식기관및항문용약,24.4,반기보고서 (2026.06),2026-08-12
006620,동구바이오제약,매출 구성,알레르기용약,10.2,반기보고서 (2026.06),2026-08-12
006620,동구바이오제약,매출 구성,외피용약,8.4,반기보고서 (2026.06),2026-08-12
006620,동구바이오제약,매출 구성,그 밖,13.8,반기보고서 (2026.06),2026-08-12
005160,동국산업,매출 구성,철강부문,93.7,반기보고서 (2026.06),2026-08-14
005160,동국산업,매출 구성,신재생에너지부문,3.8,반기보고서 (2026.06),2026-08-14
005160,동국산업,매출 구성,건설부문,2.5,반기보고서 (2026.06),2026-08-14
303810,동국생명과학,매출 구성,조영제,68.8,반기보고서 (2026.06),2026-08-14
303810,동국생명과학,매출 구성,의료기기,12,반기보고서 (2026.06),2026-08-14
303810,동국생명과학,매출 구성,조영제 API,9.5,반기보고서 (2026.06),2026-08-14
303810,동국생명과학,매출 구성,진단장비,8.1,반기보고서 (2026.06),2026-08-14
303810,동국생명과학,매출 구성,그 밖,1.6,반기보고서 (2026.06),2026-08-14
460850,동국씨엠,매출 구성,컬러,63.6,사업보고서 (2024.12),2025-03-17
460850,동국씨엠,매출 구성,소재,36.4,사업보고서 (2024.12),2025-03-17
075970,동국알앤에스,매출 구성,내화물부문,74.6,반기보고서 (2026.06),2026-08-14
075970,동국알앤에스,매출 구성,스틸부문,17.2,반기보고서 (2026.06),2026-08-14
075970,동국알앤에스,매출 구성,IT부문,8.2,반기보고서 (2026.06),2026-08-14
460860,동국제강,매출 구성,철강,99.9,반기보고서 (2026.06),2026-08-14
460860,동국제강,매출 구성,보고부문,0.1,반기보고서 (2026.06),2026-08-14
100130,동국S&C,매출 구성,WIND-TOWER,63.4,반기보고서 (2026.06),2026-08-13
100130,동국S&C,매출 구성,"건설, 에너지 개발사업",36.6,반기보고서 (2026.06),2026-08-13
023450,동남합성,매출 구성,계면활성제(제품),97.1,반기보고서 (2026.06),2026-08-12
023450,동남합성,매출 구성,상품및기타,2.9,반기보고서 (2026.06),2026-08-12
004140,동방,매출 구성,화물자동차운송,36,반기보고서 (2026.06),2026-08-14
004140,동방,매출 구성,항만하역,26.4,반기보고서 (2026.06),2026-08-14
004140,동방,매출 구성,선박운송,23.7,반기보고서 (2026.06),2026-08-14
004140,동방,매출 구성,기타,13.1,반기보고서 (2026.06),2026-08-14
004140,동방,매출 구성,그 밖,0.8,반기보고서 (2026.06),2026-08-14
240550,동방메디컬,매출 구성,미용성형의료기기,66,[기재정정]분기보고서 (2026.03),2026-08-14
240550,동방메디컬,매출 구성,한방의료기기,34,[기재정정]분기보고서 (2026.03),2026-08-14
099410,동방선기,매출 구성,PIPE SPOOL,72.1,반기보고서 (2026.06),2026-08-14
099410,동방선기,매출 구성,환경장비(STP 등),23.2,반기보고서 (2026.06),2026-08-14
099410,동방선기,매출 구성,도장(PIPE&철의장),4.7,반기보고서 (2026.06),2026-08-14
005960,동부건설,매출 구성,설계,52,반기보고서 (2026.06),2026-08-13
005960,동부건설,매출 구성,감리,48,반기보고서 (2026.06),2026-08-13
026960,동서,매출 구성,식품사업부문,54.8,반기보고서 (2026.06),2026-08-13
026960,동서,매출 구성,제조부문,23.2,반기보고서 (2026.06),2026-08-13
026960,동서,매출 구성,구매수출부문,20.3,반기보고서 (2026.06),2026-08-13
026960,동서,매출 구성,기타부문,1.6,반기보고서 (2026.06),2026-08-13
002210,동성제약,매출 구성,의약품,53.9,[기재정정]반기보고서 (2026.06),2026-08-18
002210,동성제약,매출 구성,건기식,38.4,[기재정정]반기보고서 (2026.06),2026-08-18
002210,동성제약,매출 구성,의약외품,7.7,[기재정정]반기보고서 (2026.06),2026-08-18
102260,동성케미컬,매출 구성,화학,96.7,반기보고서 (2026.06),2026-08-14
102260,동성케미컬,매출 구성,바이오,3.3,반기보고서 (2026.06),2026-08-14
033500,동성화인텍,매출 구성,PU단열재 사업 부문,95.7,반기보고서 (2026.06),2026-08-14
033500,동성화인텍,매출 구성,가스사업부문,4.3,반기보고서 (2026.06),2026-08-14
170900,동아에스티,매출 구성,기타,28.2,[기재정정]반기보고서 (2026.06),2026-08-20
170900,동아에스티,매출 구성,바이오의약품,17.1,[기재정정]반기보고서 (2026.06),2026-08-20
170900,동아에스티,매출 구성,도입상품,16.6,[기재정정]반기보고서 (2026.06),2026-08-20
170900,동아에스티,매출 구성,해외 음료,11.1,[기재정정]반기보고서 (2026.06),2026-08-20
170900,동아에스티,매출 구성,그 밖,27,[기재정정]반기보고서 (2026.06),2026-08-20
001520,동양,매출 구성,건재,58.8,반기보고서 (2026.06),2026-08-14
001520,동양,매출 구성,섬유,17.8,반기보고서 (2026.06),2026-08-14
001520,동양,매출 구성,건설,11.2,반기보고서 (2026.06),2026-08-14
001520,동양,매출 구성,기타,7.4,반기보고서 (2026.06),2026-08-14
001520,동양,매출 구성,그 밖,4.8,반기보고서 (2026.06),2026-08-14
084670,동양고속,매출 구성,운송수입,96,반기보고서 (2026.06),2026-08-14
084670,동양고속,매출 구성,기타수입,4,반기보고서 (2026.06),2026-08-14
060380,동양에스텍,매출 구성,제품상품임가공등,100,반기보고서 (2026.06),2026-08-14
079960,동양이엔피,매출 구성,SMPS,100,반기보고서 (2026.06),2026-08-14
228340,동양파일,매출 구성,PHC파일,100,사업보고서 (2024.12),2025-03-14
228340,동양파일,매출 구성,부동산등,0,사업보고서 (2024.12),2025-03-14
094170,동운아나텍,매출 구성,"AF,OIS",86.5,반기보고서 (2026.06),2026-08-14
094170,동운아나텍,매출 구성,기타,9.5,반기보고서 (2026.06),2026-08-14
094170,동운아나텍,매출 구성,Haptic,2.4,반기보고서 (2026.06),2026-08-14
094170,동운아나텍,매출 구성,LED 조명,1.5,반기보고서 (2026.06),2026-08-14
094170,동운아나텍,매출 구성,그 밖,0.1,반기보고서 (2026.06),2026-08-14
013120,동원개발,매출 구성,국내 도급공사,96.6,반기보고서 (2026.06),2026-08-14
013120,동원개발,매출 구성,자체공사,2.9,반기보고서 (2026.06),2026-08-14
013120,동원개발,매출 구성,기타,0.5,반기보고서 (2026.06),2026-08-14
006040,동원산업,매출 구성,조미 유통식품,52.3,반기보고서 (2026.06),2026-08-14
006040,동원산업,매출 구성,일반 식품,42.6,반기보고서 (2026.06),2026-08-14
006040,동원산업,매출 구성,사료,5.1,반기보고서 (2026.06),2026-08-14
006040,동원산업,매출 구성,기타,0,반기보고서 (2026.06),2026-08-14
030720,동원수산,매출 구성,수산사업부문,57.7,반기보고서 (2026.06),2026-08-14
030720,동원수산,매출 구성,수산물유통부문,34.3,반기보고서 (2026.06),2026-08-14
030720,동원수산,매출 구성,곡물제조업외,8.1,반기보고서 (2026.06),2026-08-14
014820,동원시스템즈,매출 구성,내수매출,65.3,반기보고서 (2026.06),2026-08-13
014820,동원시스템즈,매출 구성,해외매출,34.7,반기보고서 (2026.06),2026-08-13
111380,동인기연,매출 구성,가방ODM,72.4,반기보고서 (2026.06),2026-08-14
111380,동인기연,매출 구성,가방 외ODM,19.3,반기보고서 (2026.06),2026-08-14
111380,동인기연,매출 구성,기타,7.9,반기보고서 (2026.06),2026-08-14
111380,동인기연,매출 구성,원부자재등,0.4,반기보고서 (2026.06),2026-08-14
163560,동일고무벨트,매출 구성,제13기,41.1,반기보고서 (2026.06),2026-08-14
163560,동일고무벨트,매출 구성,제14기,40.1,반기보고서 (2026.06),2026-08-14
163560,동일고무벨트,매출 구성,제15기 2분기,18.9,반기보고서 (2026.06),2026-08-14
109860,동일금속,매출 구성,굴삭기부품,55.1,반기보고서 (2026.06),2026-08-14
109860,동일금속,매출 구성,"크로라크레인트랙슈어셈블리텀블러,아이들러",44,반기보고서 (2026.06),2026-08-14
109860,동일금속,매출 구성,상품,0.9,반기보고서 (2026.06),2026-08-14
023790,동일스틸럭스,매출 구성,통화선물,100,반기보고서 (2026.06),2026-08-14
005290,동진쎄미켐,매출 구성,국내전자재료,61.9,반기보고서 (2026.06),2026-08-14
005290,동진쎄미켐,매출 구성,중단영업부문,21.5,반기보고서 (2026.06),2026-08-14
005290,동진쎄미켐,매출 구성,해외전자재료,10.8,반기보고서 (2026.06),2026-08-14
005290,동진쎄미켐,매출 구성,국내발포제,4.2,반기보고서 (2026.06),2026-08-14
005290,동진쎄미켐,매출 구성,그 밖,1.6,반기보고서 (2026.06),2026-08-14
025900,동화기업,매출 구성,소재사업및 화학사업,84.4,반기보고서 (2026.06),2026-08-14
025900,동화기업,매출 구성,하우징사업,15.6,반기보고서 (2026.06),2026-08-14
000020,동화약품,매출 구성,"의약품,의약외품 등",91.1,[기재정정]반기보고서 (2026.06),2026-08-14
000020,동화약품,매출 구성,의약품유통체인,6,[기재정정]반기보고서 (2026.06),2026-08-14
000020,동화약품,매출 구성,의료기기,2.6,[기재정정]반기보고서 (2026.06),2026-08-14
000020,동화약품,매출 구성,기타,0.3,[기재정정]반기보고서 (2026.06),2026-08-14
000150,두산,매출 구성,협동로봇등,100,반기보고서 (2026.06),2026-08-14
011160,두산건설,매출 구성,민간,83.1,반기보고서 (2026.06),2026-08-14
011160,두산건설,매출 구성,기타,15.4,반기보고서 (2026.06),2026-08-14
011160,두산건설,매출 구성,관급,1.5,반기보고서 (2026.06),2026-08-14
454910,두산로보틱스,매출 구성,협동로봇,54.8,반기보고서 (2026.06),2026-08-14
454910,두산로보틱스,매출 구성,자동화 솔루션,45.2,반기보고서 (2026.06),2026-08-14
241560,두산밥캣,매출 구성,Compact Equipment,77.6,[기재정정]반기보고서 (2026.06),2026-08-14
241560,두산밥캣,매출 구성,Material Handling,14.8,[기재정정]반기보고서 (2026.06),2026-08-14
241560,두산밥캣,매출 구성,Portable Power,4.6,[기재정정]반기보고서 (2026.06),2026-08-14
241560,두산밥캣,매출 구성,유압기기,3,[기재정정]반기보고서 (2026.06),2026-08-14
034020,두산에너빌리티,매출 구성,두산밥캣,52.2,반기보고서 (2026.06),2026-08-14
034020,두산에너빌리티,매출 구성,두산에너빌리티,45.5,반기보고서 (2026.06),2026-08-14
034020,두산에너빌리티,매출 구성,두산퓨얼셀,1.9,반기보고서 (2026.06),2026-08-14
034020,두산에너빌리티,매출 구성,기타,0.3,반기보고서 (2026.06),2026-08-14
131970,두산테스나,매출 구성,테스트사업,98.9,반기보고서 (2026.06),2026-08-14
131970,두산테스나,매출 구성,DP사업부,1.1,반기보고서 (2026.06),2026-08-14
336260,두산퓨얼셀,매출 구성,기타,45.6,반기보고서 (2026.06),2026-08-13
336260,두산퓨얼셀,매출 구성,삼천리ES,37,반기보고서 (2026.06),2026-08-13
336260,두산퓨얼셀,매출 구성,롯데건설,17.4,반기보고서 (2026.06),2026-08-13
176750,듀켐바이오,매출 구성,방사성의약품제조,87.6,반기보고서 (2026.06),2026-08-14
176750,듀켐바이오,매출 구성,조영제등,10,반기보고서 (2026.06),2026-08-14
176750,듀켐바이오,매출 구성,장비 임대료,2.4,반기보고서 (2026.06),2026-08-14
030350,드래곤플라이,매출 구성,자동차 흡음재사업,49.4,반기보고서 (2026.06),2026-08-14
030350,드래곤플라이,매출 구성,게임 사업,29.6,반기보고서 (2026.06),2026-08-14
030350,드래곤플라이,매출 구성,기능성 필름사업,21,반기보고서 (2026.06),2026-08-14
035430,드림라인,매출 구성,연결재무제표에 대한총 생산실적 (매출액),83.8,반기보고서 (2026.06),2026-08-14
035430,드림라인,매출 구성,생산실적 (매출액),16.2,반기보고서 (2026.06),2026-08-14
203650,드림시큐리티,매출 구성,"제품, 상품 등",100,반기보고서 (2026.06),2026-08-14
060570,드림어스컴퍼니,매출 구성,IP 사업,61.7,반기보고서 (2026.06),2026-08-14
060570,드림어스컴퍼니,매출 구성,플랫폼 사업,38.3,반기보고서 (2026.06),2026-08-14
362990,드림인사이트,매출 구성,광고대행업,77.2,반기보고서 (2026.06),2026-08-14
362990,드림인사이트,매출 구성,D2C(커머스),20.7,반기보고서 (2026.06),2026-08-14
362990,드림인사이트,매출 구성,엔터테인먼트업,1.6,반기보고서 (2026.06),2026-08-14
362990,드림인사이트,매출 구성,기타,0.5,반기보고서 (2026.06),2026-08-14
192650,드림텍,매출 구성,IMC,46.8,사업보고서 (2025.12),2026-03-18
192650,드림텍,매출 구성,CCM,37.4,사업보고서 (2025.12),2026-03-18
192650,드림텍,매출 구성,BHC,15.8,사업보고서 (2025.12),2026-03-18
192650,드림텍,매출 구성,기타,0,사업보고서 (2025.12),2026-03-18
016670,디모아,매출 구성,소프트웨어사업부문,100,반기보고서 (2026.06),2026-08-13
041500,디비엘,매출 구성,실험동물부문,77.4,반기보고서 (2026.06),2026-08-13
041500,디비엘,매출 구성,공사매출,22.6,반기보고서 (2026.06),2026-08-13
024090,디씨엠,매출 구성,LAMINATED 칼라강판,96.8,[기재정정]사업보고서 (2024.12),2025-07-18
024090,디씨엠,매출 구성,산업용 FILM,3.2,[기재정정]사업보고서 (2024.12),2025-07-18
003160,디아이,매출 구성,반도체장비,96.4,반기보고서 (2026.06),2026-08-14
003160,디아이,매출 구성,전자부품,2.4,반기보고서 (2026.06),2026-08-14
003160,디아이,매출 구성,음향ㆍ영상기기,1.3,반기보고서 (2026.06),2026-08-14
001530,디아이동일,매출 구성,섬유소재,53.4,사업보고서 (2025.12),2026-03-18
001530,디아이동일,매출 구성,알루미늄,37.6,사업보고서 (2025.12),2026-03-18
001530,디아이동일,매출 구성,가구도소매,4.1,사업보고서 (2025.12),2026-03-18
001530,디아이동일,매출 구성,플랜트및환경부문,3.5,사업보고서 (2025.12),2026-03-18
001530,디아이동일,매출 구성,그 밖,1.3,사업보고서 (2025.12),2026-03-18
092200,디아이씨,매출 구성,자동차부품,90.6,반기보고서 (2026.06),2026-08-13
092200,디아이씨,매출 구성,중장비부품,9.4,반기보고서 (2026.06),2026-08-13
110990,디아이티,매출 구성,Display 검사 설비,53.3,반기보고서 (2026.06),2026-08-14
110990,디아이티,매출 구성,자동차,13.3,반기보고서 (2026.06),2026-08-14
110990,디아이티,매출 구성,반도체,13.3,반기보고서 (2026.06),2026-08-14
110990,디아이티,매출 구성,레이저 가공기,6.7,반기보고서 (2026.06),2026-08-14
110990,디아이티,매출 구성,그 밖,13.3,반기보고서 (2026.06),2026-08-14
214680,디알텍,매출 구성,디텍터및시스템,100,반기보고서 (2026.06),2026-08-13
377190,디앤디플랫폼리츠,매출 구성,세미콜론문래,65.8,반기보고서 (2026.06),2026-08-14
377190,디앤디플랫폼리츠,매출 구성,세미콜론명동,18.9,반기보고서 (2026.06),2026-08-14
377190,디앤디플랫폼리츠,매출 구성,디디아이백암로지스틱스,7.8,반기보고서 (2026.06),2026-08-14
377190,디앤디플랫폼리츠,매출 구성,디디아이백암로지스틱스2호,7.4,반기보고서 (2026.06),2026-08-14
263720,디앤씨미디어,매출 구성,웹툰,47.6,반기보고서 (2026.06),2026-08-14
263720,디앤씨미디어,매출 구성,웹소설,31.6,반기보고서 (2026.06),2026-08-14
263720,디앤씨미디어,매출 구성,상품및기타,20.9,반기보고서 (2026.06),2026-08-14
376300,디어유,매출 구성,DearU bubble,97.3,반기보고서 (2026.06),2026-08-14
376300,디어유,매출 구성,기타,2.7,반기보고서 (2026.06),2026-08-14
104040,디에스엠,매출 구성,모빌리티사업부,71.9,반기보고서 (2026.06),2026-08-14
104040,디에스엠,매출 구성,모노리스사업부,28.1,반기보고서 (2026.06),2026-08-14
031860,디에이치엑스컴퍼니,매출 구성,ICT사업부,93.4,반기보고서 (2026.06),2026-08-14
031860,디에이치엑스컴퍼니,매출 구성,기타,6.6,반기보고서 (2026.06),2026-08-14
092070,디엔에프,매출 구성,반도체전자재료,100,반기보고서 (2026.06),2026-08-14
001880,디엘건설,매출 구성,국내 도급공사,98.7,[기재정정]사업보고서 (2024.12),2025-03-14
001880,디엘건설,매출 구성,분양공사,1.3,[기재정정]사업보고서 (2024.12),2025-03-14
001880,디엘건설,매출 구성,기타,0.1,[기재정정]사업보고서 (2024.12),2025-03-14
039840,디오,매출 구성,의료기기,86.6,반기보고서 (2026.06),2026-08-13
039840,디오,매출 구성,상품,13.4,반기보고서 (2026.06),2026-08-13
013570,디와이,매출 구성,지주회사,100,반기보고서 (2026.06),2026-08-13
219550,디와이디,매출 구성,O***,41.8,반기보고서 (2026.06),2026-08-14
219550,디와이디,매출 구성,강*,33.3,반기보고서 (2026.06),2026-08-14
219550,디와이디,매출 구성,기타,12.7,반기보고서 (2026.06),2026-08-14
219550,디와이디,매출 구성,C*,6.2,반기보고서 (2026.06),2026-08-14
219550,디와이디,매출 구성,그 밖,6,반기보고서 (2026.06),2026-08-14
210540,디와이파워,매출 구성,유압기기,100,반기보고서 (2026.06),2026-08-13
104460,디와이피엔에프,매출 구성,뉴메틱 컨베잉시스템,85.7,반기보고서 (2026.06),2026-08-14
104460,디와이피엔에프,매출 구성,환경사업,8.3,반기보고서 (2026.06),2026-08-14
104460,디와이피엔에프,매출 구성,메카니컬 컨베잉시스템,5,반기보고서 (2026.06),2026-08-14
104460,디와이피엔에프,매출 구성,기타,1,반기보고서 (2026.06),2026-08-14
113810,디젠스,매출 구성,Muffler,100,반기보고서 (2026.06),2026-08-14
043360,디지아이,매출 구성,상품,65.5,반기보고서 (2026.06),2026-08-13
043360,디지아이,매출 구성,부품매출,24.5,반기보고서 (2026.06),2026-08-13
043360,디지아이,매출 구성,임대수익외,9.9,반기보고서 (2026.06),2026-08-13
197140,디지캡,매출 구성,용역외,100,반기보고서 (2026.06),2026-08-14
068930,디지털대성,매출 구성,고등 부문,84.9,반기보고서 (2026.06),2026-08-14
068930,디지털대성,매출 구성,초ㆍ중등 부문,14.4,반기보고서 (2026.06),2026-08-14
068930,디지털대성,매출 구성,기타 부문,0.7,반기보고서 (2026.06),2026-08-14
105740,디케이락,매출 구성,DK-LOKFitting,64.1,반기보고서 (2026.06),2026-08-14
105740,디케이락,매출 구성,DK-LOKValve,28.6,반기보고서 (2026.06),2026-08-14
105740,디케이락,매출 구성,상품,5.4,반기보고서 (2026.06),2026-08-14
105740,디케이락,매출 구성,기타,1.9,반기보고서 (2026.06),2026-08-14
263020,디케이앤디,매출 구성,원단원사첨가제등,35.5,반기보고서 (2026.06),2026-08-13
263020,디케이앤디,매출 구성,모자,30.4,반기보고서 (2026.06),2026-08-13
263020,디케이앤디,매출 구성,부직포,16.9,반기보고서 (2026.06),2026-08-13
263020,디케이앤디,매출 구성,합성피혁,14.6,반기보고서 (2026.06),2026-08-13
263020,디케이앤디,매출 구성,그 밖,2.7,반기보고서 (2026.06),2026-08-13
066670,디티씨,매출 구성,LED사업부,64.2,반기보고서 (2026.06),2026-08-14
066670,디티씨,매출 구성,전장사업부,22.4,반기보고서 (2026.06),2026-08-14
066670,디티씨,매출 구성,LGP사업부,13.4,반기보고서 (2026.06),2026-08-14
383930,디티앤씨알오,매출 구성,안전성평가센터,48.7,반기보고서 (2026.06),2026-08-14
383930,디티앤씨알오,매출 구성,임상센터,24.5,반기보고서 (2026.06),2026-08-14
383930,디티앤씨알오,매출 구성,효능평가센터,19.7,반기보고서 (2026.06),2026-08-14
383930,디티앤씨알오,매출 구성,분석센터,7.1,반기보고서 (2026.06),2026-08-14
163430,디피코,사업 구성,초소형전기화물차,72,사업보고서 (2023.12),2024-08-27
163430,디피코,사업 구성,저상 전기버스,18.9,사업보고서 (2023.12),2024-08-27
163430,디피코,사업 구성,의료용 전동스쿠터,5.3,사업보고서 (2023.12),2024-08-27
163430,디피코,사업 구성,엔지니어링,2.7,사업보고서 (2023.12),2024-08-27
163430,디피코,사업 구성,그 밖,1,사업보고서 (2023.12),2024-08-27
131180,딜리,매출 구성,Digital UV 프린터,100,반기보고서 (2026.06),2026-08-14
483350,딜리셔스,사업 구성,홀세일마케팅플랫폼,72.4,반기보고서 (2026.06),2026-08-14
483350,딜리셔스,사업 구성,리테일비즈니스솔루션,26.5,반기보고서 (2026.06),2026-08-14
483350,딜리셔스,사업 구성,기타,1.1,반기보고서 (2026.06),2026-08-14
315640,딥노이드,매출 구성,산업 AI,92.6,반기보고서 (2026.06),2026-08-14
315640,딥노이드,매출 구성,의료 AI,7.4,반기보고서 (2026.06),2026-08-14
900110,딥커머스,매출 구성,수권 브랜드,53.6,반기보고서 (2026.06),2026-08-31
900110,딥커머스,매출 구성,자체 브랜드,44.1,반기보고서 (2026.06),2026-08-31
900110,딥커머스,매출 구성,의료서비스,2.2,반기보고서 (2026.06),2026-08-31
317120,라닉스,매출 구성,용역외,100,사업보고서 (2024.12),2025-03-17
462510,라메디텍,매출 구성,레이저 및 기타피부미용/의료기기,91.2,[기재정정]사업보고서 (2025.12),2026-08-14
462510,라메디텍,매출 구성,기타,6.8,[기재정정]사업보고서 (2025.12),2026-08-14
462510,라메디텍,매출 구성,레이저 채혈기,2,[기재정정]사업보고서 (2025.12),2026-08-14
232680,라온로보틱스,매출 구성,반도체,96,반기보고서 (2026.06),2026-08-13
232680,라온로보틱스,매출 구성,자동화,4,반기보고서 (2026.06),2026-08-13
042510,라온시큐어,매출 구성,서비스,57.9,반기보고서 (2026.06),2026-08-14
042510,라온시큐어,매출 구성,솔루션,42.1,반기보고서 (2026.06),2026-08-14
418420,라온텍,매출 구성,마이크로디스플레이,73.7,반기보고서 (2026.06),2026-08-14
418420,라온텍,매출 구성,모바일 TV,26.3,반기보고서 (2026.06),2026-08-14
300120,라온피플,매출 구성,클라우드등,93.5,반기보고서 (2026.06),2026-08-14
300120,라온피플,매출 구성,AI 비전생성형 AIPlatform,5.1,반기보고서 (2026.06),2026-08-14
300120,라온피플,매출 구성,카메라모듈검사솔루션,1.4,반기보고서 (2026.06),2026-08-14
171120,라이온켐텍,매출 구성,트라이스톤외,100,반기보고서 (2026.06),2026-08-14
388790,라이콤,매출 구성,당반기,53.4,반기보고서 (2026.06),2026-08-14
388790,라이콤,매출 구성,전반기,46.6,반기보고서 (2026.06),2026-08-14
214260,라파스,매출 구성,마이크로니들,91.2,반기보고서 (2026.06),2026-08-14
214260,라파스,매출 구성,기타,8.8,반기보고서 (2026.06),2026-08-14
403360,라피치,사업 구성,AI 인프라,71.5,반기보고서 (2026.06),2026-08-14
403360,라피치,사업 구성,ConvAI,16,반기보고서 (2026.06),2026-08-14
403360,라피치,사업 구성,유지보수,10.1,반기보고서 (2026.06),2026-08-14
403360,라피치,사업 구성,기타,2.4,반기보고서 (2026.06),2026-08-14
084650,랩지노믹스,매출 구성,분자진단/유전자 검사 서비스,80.3,반기보고서 (2026.06),2026-08-14
084650,랩지노믹스,매출 구성,연구용역매출,10.3,반기보고서 (2026.06),2026-08-14
084650,랩지노믹스,매출 구성,일반진단,8.9,반기보고서 (2026.06),2026-08-14
084650,랩지노믹스,매출 구성,제품매출(진단키트 등),0.6,반기보고서 (2026.06),2026-08-14
217500,러셀,매출 구성,반도체장비,62.1,반기보고서 (2026.06),2026-08-14
217500,러셀,매출 구성,무인자동화시스템,37.9,반기보고서 (2026.06),2026-08-14
092590,럭스피아,사업 구성,LED Package,68.7,[기재정정]사업보고서 (2025.12),2026-06-29
092590,럭스피아,사업 구성,LED Module,30.3,[기재정정]사업보고서 (2025.12),2026-06-29
092590,럭스피아,사업 구성,AI 인형,0.7,[기재정정]사업보고서 (2025.12),2026-06-29
092590,럭스피아,사업 구성,기타,0.3,[기재정정]사업보고서 (2025.12),2026-06-29
038390,레드캡투어,매출 구성,렌터카사업부문,88.4,반기보고서 (2026.06),2026-08-14
038390,레드캡투어,매출 구성,여행사업부문,11.6,반기보고서 (2026.06),2026-08-14
387690,레메디,사업 구성,양산/생산기술개발본부,50,반기보고서 (2026.06),2026-08-14
387690,레메디,사업 구성,기초연구본부,42.9,반기보고서 (2026.06),2026-08-14
387690,레메디,사업 구성,CTO,7.1,반기보고서 (2026.06),2026-08-14
294140,레몬,매출 구성,나노관련사업,95.5,사업보고서 (2025.12),2026-03-20
294140,레몬,매출 구성,기타사업,4.1,사업보고서 (2025.12),2026-03-20
294140,레몬,매출 구성,전자부품사업,0.4,사업보고서 (2025.12),2026-03-20
365660,레몬헬스케어,사업 구성,스마트병원중계플랫폼(LDB-H),48.3,반기보고서 (2026.06),2026-08-14
365660,레몬헬스케어,사업 구성,의료데이터-ECO 중계플랫폼(LDB-E),44.4,반기보고서 (2026.06),2026-08-14
365660,레몬헬스케어,사업 구성,맞춤형 헬스데이터중계플랫폼(LDB-D),7.3,반기보고서 (2026.06),2026-08-14
365660,레몬헬스케어,사업 구성,사업모델,0,반기보고서 (2026.06),2026-08-14
443250,레뷰코퍼레이션,매출 구성,숏뜨,27.5,반기보고서 (2026.06),2026-08-14
443250,레뷰코퍼레이션,매출 구성,CMD,25.4,반기보고서 (2026.06),2026-08-14
443250,레뷰코퍼레이션,매출 구성,로컬,23.7,반기보고서 (2026.06),2026-08-14
443250,레뷰코퍼레이션,매출 구성,에이전시,8,반기보고서 (2026.06),2026-08-14
443250,레뷰코퍼레이션,매출 구성,그 밖,15.4,반기보고서 (2026.06),2026-08-14
228670,레이,매출 구성,디지털치료솔루션,64.1,반기보고서 (2026.06),2026-08-14
228670,레이,매출 구성,디지털진단시스템,35.9,반기보고서 (2026.06),2026-08-14
281740,레이크머티리얼즈,매출 구성,반도체 소재,61.1,반기보고서 (2026.06),2026-08-14
281740,레이크머티리얼즈,매출 구성,Solar 소재,23.7,반기보고서 (2026.06),2026-08-14
281740,레이크머티리얼즈,매출 구성,석유화학촉매,9.1,반기보고서 (2026.06),2026-08-14
281740,레이크머티리얼즈,매출 구성,LED 소재,5.6,반기보고서 (2026.06),2026-08-14
281740,레이크머티리얼즈,매출 구성,그 밖,0.5,반기보고서 (2026.06),2026-08-14
277810,레인보우로보틱스,매출 구성,제품의 공급,65.7,반기보고서 (2026.06),2026-08-14
277810,레인보우로보틱스,매출 구성,용역의 제공,33.9,반기보고서 (2026.06),2026-08-14
277810,레인보우로보틱스,매출 구성,상품의 공급,0.5,반기보고서 (2026.06),2026-08-14
108490,로보티즈,매출 구성,액츄에이터,99.7,사업보고서 (2024.12),2025-03-17
108490,로보티즈,매출 구성,자율주행로봇,0.3,사업보고서 (2024.12),2025-03-17
900260,로스웰,매출 구성,당반기 효과: (손)익,50.4,반기보고서 (2026.06),2026-08-28
900260,로스웰,매출 구성,전반기 효과: (손)익,49.6,반기보고서 (2026.06),2026-08-28
204630,로아앤코홀딩스,매출 구성,엔터테인먼트,90.6,반기보고서 (2026.06),2026-08-14
204630,로아앤코홀딩스,매출 구성,기타,9.4,반기보고서 (2026.06),2026-08-14
033290,로젠,매출 구성,물류매출,97.7,반기보고서 (2026.06),2026-08-14
033290,로젠,매출 구성,상품매출,1.2,반기보고서 (2026.06),2026-08-14
033290,로젠,매출 구성,임대료매출,1,반기보고서 (2026.06),2026-08-14
033290,로젠,매출 구성,기타,0.1,반기보고서 (2026.06),2026-08-14
223220,로지스몬,매출 구성,물류운송사업,99.5,사업보고서 (2025.12),2026-03-19
223220,로지스몬,매출 구성,사업구분,0.5,사업보고서 (2025.12),2026-03-19
067730,로지시스,매출 구성,전산장비 유지보수,99.6,반기보고서 (2026.06),2026-08-14
067730,로지시스,매출 구성,전산장비판매,0.4,반기보고서 (2026.06),2026-08-14
376900,로킷헬스케어,매출 구성,국내매출,83.8,반기보고서 (2026.06),2026-08-14
376900,로킷헬스케어,매출 구성,해외매출,16.2,반기보고서 (2026.06),2026-08-14
214610,롤링스톤,매출 구성,유류사업부문,71.4,[기재정정]사업보고서 (2025.12),2026-03-25
214610,롤링스톤,매출 구성,생화학진단사업부문,14.5,[기재정정]사업보고서 (2025.12),2026-03-25
214610,롤링스톤,매출 구성,분자진단사업부문,6.9,[기재정정]사업보고서 (2025.12),2026-03-25
214610,롤링스톤,매출 구성,기타사업부문,5.2,[기재정정]사업보고서 (2025.12),2026-03-25
214610,롤링스톤,매출 구성,그 밖,2.1,[기재정정]사업보고서 (2025.12),2026-03-25
032350,롯데관광개발,매출 구성,카지노,73.9,반기보고서 (2026.06),2026-08-13
032350,롯데관광개발,매출 구성,여행업,13.5,반기보고서 (2026.06),2026-08-13
032350,롯데관광개발,매출 구성,호텔업,11.5,반기보고서 (2026.06),2026-08-13
032350,롯데관광개발,매출 구성,리테일,0.7,반기보고서 (2026.06),2026-08-13
032350,롯데관광개발,매출 구성,그 밖,0.4,반기보고서 (2026.06),2026-08-13
089860,롯데렌탈,매출 구성,차량렌탈,65.6,반기보고서 (2026.06),2026-08-14
089860,롯데렌탈,매출 구성,중고차 판매,28.1,반기보고서 (2026.06),2026-08-14
089860,롯데렌탈,매출 구성,Biz렌탈 등,6.3,반기보고서 (2026.06),2026-08-14
023530,롯데쇼핑,매출 구성,할인점,40.3,반기보고서 (2026.06),2026-08-14
023530,롯데쇼핑,매출 구성,백화점,24.9,반기보고서 (2026.06),2026-08-14
023530,롯데쇼핑,매출 구성,전자제품 전문점,15.4,반기보고서 (2026.06),2026-08-14
023530,롯데쇼핑,매출 구성,슈퍼,8.7,반기보고서 (2026.06),2026-08-14
023530,롯데쇼핑,매출 구성,그 밖,10.7,반기보고서 (2026.06),2026-08-14
020150,롯데에너지머티리얼즈,매출 구성,소재부문,83,반기보고서 (2026.06),2026-08-14
020150,롯데에너지머티리얼즈,매출 구성,건설부문,17,반기보고서 (2026.06),2026-08-14
280360,롯데웰푸드,매출 구성,건과,48.3,사업보고서 (2025.12),2026-03-12
280360,롯데웰푸드,매출 구성,빙과,19.1,사업보고서 (2025.12),2026-03-12
280360,롯데웰푸드,매출 구성,유지식품등,18,사업보고서 (2025.12),2026-03-12
280360,롯데웰푸드,매출 구성,육가공등,14.6,사업보고서 (2025.12),2026-03-12
286940,롯데이노베이트,매출 구성,SI,75.6,반기보고서 (2026.06),2026-08-13
286940,롯데이노베이트,매출 구성,SM,19.3,반기보고서 (2026.06),2026-08-13
286940,롯데이노베이트,매출 구성,전기차 충전,5.1,반기보고서 (2026.06),2026-08-13
004000,롯데정밀화학,매출 구성,케미칼사업부문,69.3,반기보고서 (2026.06),2026-08-14
004000,롯데정밀화학,매출 구성,그린소재사업부문,29,반기보고서 (2026.06),2026-08-14
004000,롯데정밀화학,매출 구성,공통및기타,1.7,반기보고서 (2026.06),2026-08-14
004990,롯데지주,매출 구성,할인점,40.3,반기보고서 (2026.06),2026-08-14
004990,롯데지주,매출 구성,백화점,24.9,반기보고서 (2026.06),2026-08-14
004990,롯데지주,매출 구성,전자제품 전문점,15.4,반기보고서 (2026.06),2026-08-14
004990,롯데지주,매출 구성,슈퍼,8.7,반기보고서 (2026.06),2026-08-14
004990,롯데지주,매출 구성,그 밖,10.7,반기보고서 (2026.06),2026-08-14
005300,롯데칠성음료,매출 구성,음료사업부,80,반기보고서 (2026.06),2026-08-13
005300,롯데칠성음료,매출 구성,주류사업부,20,반기보고서 (2026.06),2026-08-13
011170,롯데케미칼,매출 구성,기초화학,63.6,반기보고서 (2026.06),2026-08-14
011170,롯데케미칼,매출 구성,첨단소재,23.7,반기보고서 (2026.06),2026-08-14
011170,롯데케미칼,매출 구성,정밀화학,9.6,반기보고서 (2026.06),2026-08-14
011170,롯데케미칼,매출 구성,전지소재,3.1,반기보고서 (2026.06),2026-08-14
071840,롯데하이마트,매출 구성,전자제품전문점,100,반기보고서 (2026.06),2026-08-14
328130,루닛,매출 구성,CancerScreening,93.6,반기보고서 (2026.06),2026-08-11
328130,루닛,매출 구성,Oncology,6.4,반기보고서 (2026.06),2026-08-11
038060,루멘스,매출 구성,LED사업부,64.2,반기보고서 (2026.06),2026-08-13
038060,루멘스,매출 구성,전장사업부,22.4,반기보고서 (2026.06),2026-08-13
038060,루멘스,매출 구성,LGP사업부,13.4,반기보고서 (2026.06),2026-08-13
474170,루미르,매출 구성,"우주 (제품, 용역)",53.8,반기보고서 (2026.06),2026-08-14
474170,루미르,매출 구성,조선 (제품),46.2,반기보고서 (2026.06),2026-08-14
162120,루켄테크놀러지스,사업 구성,디스플레이,77,사업보고서 (2025.12),2026-03-23
162120,루켄테크놀러지스,사업 구성,반도체,23,사업보고서 (2025.12),2026-03-23
253610,루트락,사업 구성,의료용소모품,53.6,사업보고서 (2025.12),2026-03-23
253610,루트락,사업 구성,인공슬관절,16.9,사업보고서 (2025.12),2026-03-23
253610,루트락,사업 구성,척추임플란트,16.6,사업보고서 (2025.12),2026-03-23
253610,루트락,사업 구성,인공고관절,6.4,사업보고서 (2025.12),2026-03-23
253610,루트락,사업 구성,그 밖,6.5,사업보고서 (2025.12),2026-03-23
141080,리가켐바이오,매출 구성,ADC 후보물질,46.7,반기보고서 (2026.06),2026-08-14
141080,리가켐바이오,매출 구성,ADC 원천기술,33.4,반기보고서 (2026.06),2026-08-14
141080,리가켐바이오,매출 구성,ATX 저해제,6.7,반기보고서 (2026.06),2026-08-14
141080,리가켐바이오,매출 구성,옥사졸리디논계 항생제,6.7,반기보고서 (2026.06),2026-08-14
141080,리가켐바이오,매출 구성,그 밖,6.6,반기보고서 (2026.06),2026-08-14
058470,리노공업,매출 구성,LEENOPIN&ICTESTSOCKET,91.8,반기보고서 (2026.06),2026-08-14
058470,리노공업,매출 구성,의료기기,8.2,반기보고서 (2026.06),2026-08-14
012700,리드코프,매출 구성,석유류,96.7,반기보고서 (2026.06),2026-08-14
012700,리드코프,매출 구성,휴게소,3.2,반기보고서 (2026.06),2026-08-14
012700,리드코프,매출 구성,기타,0,반기보고서 (2026.06),2026-08-14
302550,리메드,매출 구성,만성통증치료,59.4,[첨부추가]반기보고서 (2026.06),2026-08-12
302550,리메드,매출 구성,뇌재활,17,[첨부추가]반기보고서 (2026.06),2026-08-12
302550,리메드,매출 구성,기타,12.2,[첨부추가]반기보고서 (2026.06),2026-08-12
302550,리메드,매출 구성,상품,8.4,[첨부추가]반기보고서 (2026.06),2026-08-12
302550,리메드,매출 구성,그 밖,3.1,[첨부추가]반기보고서 (2026.06),2026-08-12
491000,리브스메드,매출 구성,ArtiSential,92.1,반기보고서 (2026.06),2026-08-14
491000,리브스메드,매출 구성,ArtiSeal,7.9,반기보고서 (2026.06),2026-08-14
491000,리브스메드,매출 구성,기타,0,반기보고서 (2026.06),2026-08-14
394420,리센스메디컬,매출 구성,Device,59.5,반기보고서 (2026.06),2026-08-14
394420,리센스메디컬,매출 구성,소모품,34.7,반기보고서 (2026.06),2026-08-14
394420,리센스메디컬,매출 구성,상품,5.8,반기보고서 (2026.06),2026-08-14
073570,리튬포어스,매출 구성,분류,39,반기보고서 (2026.06),2026-08-14
073570,리튬포어스,매출 구성,캐릭터상품유통업,37.7,반기보고서 (2026.06),2026-08-14
073570,리튬포어스,매출 구성,캐릭터제작업,23.4,반기보고서 (2026.06),2026-08-14
377450,리파인,매출 구성,전월세보증금대출 서비스,90.3,반기보고서 (2026.06),2026-08-14
377450,리파인,매출 구성,전세보증금 반환보증 서비스,5.6,반기보고서 (2026.06),2026-08-14
377450,리파인,매출 구성,담보대출 서비스,4,반기보고서 (2026.06),2026-08-14
377450,리파인,매출 구성,기타 수수료,0.2,반기보고서 (2026.06),2026-08-14
042500,링네트,매출 구성,일반기업NI,75.6,반기보고서 (2026.06),2026-08-14
042500,링네트,매출 구성,공공부문NI,22.1,반기보고서 (2026.06),2026-08-14
042500,링네트,매출 구성,교육부문NI,2.2,반기보고서 (2026.06),2026-08-14
042500,링네트,매출 구성,기타,0.1,반기보고서 (2026.06),2026-08-14
219420,링크제니시스,매출 구성,XComPro/XGemPro,53.4,반기보고서 (2026.06),2026-08-14
219420,링크제니시스,매출 구성,개발 SI/ CIM,44.9,반기보고서 (2026.06),2026-08-14
219420,링크제니시스,매출 구성,계측기 렌탈및 상품,1.6,반기보고서 (2026.06),2026-08-14
219420,링크제니시스,매출 구성,"기타(EDA,H/W, XEI, VLAD)",0.2,반기보고서 (2026.06),2026-08-14
439090,마녀공장,매출 구성,클렌징,62,반기보고서 (2026.06),2026-08-14
439090,마녀공장,매출 구성,앰플&세럼,23.5,반기보고서 (2026.06),2026-08-14
439090,마녀공장,매출 구성,스킨케어,11.3,반기보고서 (2026.06),2026-08-14
439090,마녀공장,매출 구성,기타,3.2,반기보고서 (2026.06),2026-08-14
027740,마니커,매출 구성,총소비량(천톤),49,반기보고서 (2026.06),2026-08-14
027740,마니커,매출 구성,총생산량(천톤),42.8,반기보고서 (2026.06),2026-08-14
027740,마니커,매출 구성,수입량(천톤),8.3,반기보고서 (2026.06),2026-08-14
377480,마음AI,매출 구성,Agent AI,98.1,반기보고서 (2026.06),2026-08-14
377480,마음AI,매출 구성,기타,1.3,반기보고서 (2026.06),2026-08-14
377480,마음AI,매출 구성,Physical AI,0.5,반기보고서 (2026.06),2026-08-14
305090,마이크로디지탈,매출 구성,바이오,100,반기보고서 (2026.06),2026-09-01
477850,마키나락스,사업 구성,AI 연구개발,66.7,반기보고서 (2026.06),2026-08-14
477850,마키나락스,사업 구성,AI 운영체제,33.3,반기보고서 (2026.06),2026-08-14
001080,만호제강,매출 구성,주문또는계획생산판매,100,사업보고서 (2026.06),2026-09-10
267980,매일유업,매출 구성,총괄,100,반기보고서 (2026.06),2026-08-14
005990,매일홀딩스,매출 구성,유가공,42.7,반기보고서 (2026.06),2026-08-14
005990,매일홀딩스,매출 구성,기타,36.7,반기보고서 (2026.06),2026-08-14
005990,매일홀딩스,매출 구성,뉴트리션,10.6,반기보고서 (2026.06),2026-08-14
005990,매일홀딩스,매출 구성,외식사업,10,반기보고서 (2026.06),2026-08-14
100590,머큐리,매출 구성,DX사업,78.3,사업보고서 (2024.12),2025-03-17
100590,머큐리,매출 구성,기타사업,19.7,사업보고서 (2024.12),2025-03-17
100590,머큐리,매출 구성,종속기업(이젝스),1.5,사업보고서 (2024.12),2025-03-17
100590,머큐리,매출 구성,종속기업(광케이블),0.5,사업보고서 (2024.12),2025-03-17
067280,멀티캠퍼스,매출 구성,교육서비스,75.5,반기보고서 (2026.06),2026-08-14
067280,멀티캠퍼스,매출 구성,외국어서비스,24.5,반기보고서 (2026.06),2026-08-14
072870,메가스터디,매출 구성,교육사업,26.3,반기보고서 (2026.06),2026-08-14
072870,메가스터디,매출 구성,레저사업,24,반기보고서 (2026.06),2026-08-14
072870,메가스터디,매출 구성,급식사업,22.9,반기보고서 (2026.06),2026-08-14
072870,메가스터디,매출 구성,출판사업,15.4,반기보고서 (2026.06),2026-08-14
072870,메가스터디,매출 구성,그 밖,11.5,반기보고서 (2026.06),2026-08-14
215200,메가스터디교육,매출 구성,고등사업부문,63.3,반기보고서 (2026.06),2026-08-14
215200,메가스터디교육,매출 구성,유초중사업부문,24.5,반기보고서 (2026.06),2026-08-14
215200,메가스터디교육,매출 구성,대학사업부문,7.4,반기보고서 (2026.06),2026-08-14
215200,메가스터디교육,매출 구성,취업사업부문,4.6,반기보고서 (2026.06),2026-08-14
215200,메가스터디교육,매출 구성,그 밖,0.1,반기보고서 (2026.06),2026-08-14
133750,메가엠디,매출 구성,접수인원,52.4,반기보고서 (2026.06),2026-08-14
133750,메가엠디,매출 구성,응시인원,47.4,반기보고서 (2026.06),2026-08-14
133750,메가엠디,매출 구성,응시율,0.2,반기보고서 (2026.06),2026-08-14
446540,메가터치,매출 구성,반도체,62.7,반기보고서 (2026.06),2026-08-14
446540,메가터치,매출 구성,배터리,21.9,반기보고서 (2026.06),2026-08-14
446540,메가터치,매출 구성,기타,15.4,반기보고서 (2026.06),2026-08-14
235980,메드팩토,매출 구성,연구전담요원,70,반기보고서 (2026.06),2026-08-13
235980,메드팩토,매출 구성,연구관리직원,30,반기보고서 (2026.06),2026-08-13
200580,메디쎄이,매출 구성,정형외과용 임플란트,100,[기재정정]사업보고서 (2025.12),2026-03-27
041920,메디아나,매출 구성,MEDIANA,41.7,반기보고서 (2026.06),2026-08-14
041920,메디아나,매출 구성,메디아나,16.7,반기보고서 (2026.06),2026-08-14
041920,메디아나,매출 구성,㈜메디아나,16.6,반기보고서 (2026.06),2026-08-14
041920,메디아나,매출 구성,메디게이트,8.3,반기보고서 (2026.06),2026-08-14
041920,메디아나,매출 구성,그 밖,16.6,반기보고서 (2026.06),2026-08-14
233250,메디안디노스틱,사업 구성,ELISA,42.9,[기재정정]사업보고서 (2025.12),2026-07-08
233250,메디안디노스틱,사업 구성,PCR,27.4,[기재정정]사업보고서 (2025.12),2026-07-08
233250,메디안디노스틱,사업 구성,원료,15.7,[기재정정]사업보고서 (2025.12),2026-07-08
233250,메디안디노스틱,사업 구성,RAPID,8.2,[기재정정]사업보고서 (2025.12),2026-07-08
233250,메디안디노스틱,사업 구성,그 밖,5.8,[기재정정]사업보고서 (2025.12),2026-07-08
014100,메디앙스,매출 구성,모자생활BU,77.7,반기보고서 (2026.06),2026-08-14
014100,메디앙스,매출 구성,패션 BU,21,반기보고서 (2026.06),2026-08-14
014100,메디앙스,매출 구성,기타,1.2,반기보고서 (2026.06),2026-08-14
086900,메디톡스,매출 구성,메디톡신(뉴로녹스) 외뉴라미스,87.4,반기보고서 (2026.06),2026-08-13
086900,메디톡스,매출 구성,기타,12.6,반기보고서 (2026.06),2026-08-13
078160,메디포스트,매출 구성,제대혈은행,51.6,반기보고서 (2026.06),2026-08-14
078160,메디포스트,매출 구성,줄기세포치료제,23.5,반기보고서 (2026.06),2026-08-14
078160,메디포스트,매출 구성,건강기능식품,14,반기보고서 (2026.06),2026-08-14
078160,메디포스트,매출 구성,기타,10.8,반기보고서 (2026.06),2026-08-14
241770,메카로,매출 구성,특허권,76,반기보고서 (2026.06),2026-08-14
241770,메카로,매출 구성,출원중,24,반기보고서 (2026.06),2026-08-14
059210,메타바이오메드,매출 구성,덴탈,52,반기보고서 (2026.06),2026-08-14
059210,메타바이오메드,매출 구성,봉합사,37.1,반기보고서 (2026.06),2026-08-14
059210,메타바이오메드,매출 구성,기타,10.9,반기보고서 (2026.06),2026-08-14
065560,메티스,매출 구성,잉크부문,99.7,반기보고서 (2026.06),2026-08-14
065560,메티스,매출 구성,기타,0.3,반기보고서 (2026.06),2026-08-14
072770,멤레이비티,매출 구성,컴퓨터 주변 기기 판매,100,[기재정정]사업보고서 (2025.12),2026-07-14
017180,명문제약,매출 구성,기타 매출,80.6,반기보고서 (2026.06),2026-08-14
017180,명문제약,매출 구성,골프 코스 매출,17.3,반기보고서 (2026.06),2026-08-14
017180,명문제약,매출 구성,식음료 매출,2,반기보고서 (2026.06),2026-08-14
009900,명신산업,매출 구성,자동차 차체부품,100,[기재정정]사업보고서 (2023.12),2024-03-28
317450,명인제약,매출 구성,의약품,98.8,반기보고서 (2026.06),2026-08-13
317450,명인제약,매출 구성,임대,1.2,반기보고서 (2026.06),2026-08-13
012690,모나리자,매출 구성,당반기,55.5,반기보고서 (2026.06),2026-08-14
012690,모나리자,매출 구성,전기,44.5,반기보고서 (2026.06),2026-08-14
070960,모나용평,매출 구성,운영수입,92,반기보고서 (2026.06),2026-08-14
070960,모나용평,매출 구성,분양수입,8,반기보고서 (2026.06),2026-08-14
434480,모니터랩,매출 구성,Cloud Security Service,82.7,[첨부추가]반기보고서 (2026.06),2026-08-12
434480,모니터랩,매출 구성,Managed Service(매니지드서비스),15.3,[첨부추가]반기보고서 (2026.06),2026-08-12
434480,모니터랩,매출 구성,부동산임대,2,[첨부추가]반기보고서 (2026.06),2026-08-12
080420,모다이노칩,매출 구성,유통판매,84.6,사업보고서 (2025.12),2026-03-17
080420,모다이노칩,매출 구성,전자부품,14.3,사업보고서 (2025.12),2026-03-17
080420,모다이노칩,매출 구성,기타,1.1,사업보고서 (2025.12),2026-03-17
417970,모델솔루션,매출 구성,IMB,40.8,반기보고서 (2026.06),2026-08-14
417970,모델솔루션,매출 구성,Design 프로토타입,33,반기보고서 (2026.06),2026-08-14
417970,모델솔루션,매출 구성,TSB,23.1,반기보고서 (2026.06),2026-08-14
417970,모델솔루션,매출 구성,Functional 프로토타입,3,반기보고서 (2026.06),2026-08-14
417970,모델솔루션,매출 구성,그 밖,0.2,반기보고서 (2026.06),2026-08-14
080160,모두투어,매출 구성,여행알선 서비스,99.9,반기보고서 (2026.06),2026-08-14
080160,모두투어,매출 구성,호텔숙박서비스,0.1,반기보고서 (2026.06),2026-08-14
087260,모바일어플라이언스,매출 구성,영상기록장치 HUDADAS내비게이션 외,94.3,반기보고서 (2026.06),2026-08-14
087260,모바일어플라이언스,매출 구성,기타,5.7,반기보고서 (2026.06),2026-08-14
012860,모베이스전자,매출 구성,현대자동차,36.3,반기보고서 (2026.06),2026-08-13
012860,모베이스전자,매출 구성,직수출,31.4,반기보고서 (2026.06),2026-08-13
012860,모베이스전자,매출 구성,기아자동차,28.5,반기보고서 (2026.06),2026-08-13
012860,모베이스전자,매출 구성,기타,3.8,반기보고서 (2026.06),2026-08-13
363260,모비데이즈,매출 구성,IP커머스,64.6,사업보고서 (2025.12),2026-03-20
363260,모비데이즈,매출 구성,미디어렙,15.7,사업보고서 (2025.12),2026-03-20
363260,모비데이즈,매출 구성,퍼포먼스,12.3,사업보고서 (2025.12),2026-03-20
363260,모비데이즈,매출 구성,기타,6,사업보고서 (2025.12),2026-03-20
363260,모비데이즈,매출 구성,그 밖,1.4,사업보고서 (2025.12),2026-03-20
348030,모비릭스,매출 구성,게임 사업 부문,95.5,반기보고서 (2026.06),2026-08-14
348030,모비릭스,매출 구성,금융 투자 부문,4.5,반기보고서 (2026.06),2026-08-14
288980,모아데이타,매출 구성,AI이상탐지,78.4,반기보고서 (2026.06),2026-08-14
288980,모아데이타,매출 구성,디지털 헬스케어,16.9,반기보고서 (2026.06),2026-08-14
288980,모아데이타,매출 구성,디지털 펫헬스케어,4.7,반기보고서 (2026.06),2026-08-14
142760,모아라이프플러스,매출 구성,MucoMAX® (공동연구개발),75,반기보고서 (2026.06),2026-08-14
142760,모아라이프플러스,매출 구성,HumaMAX®(공동연구개발),25,반기보고서 (2026.06),2026-08-14
009680,모토닉,매출 구성,자동차부품,100,반기보고서 (2026.06),2026-08-14
118990,모트렉스,매출 구성,전장사업부문,71.1,사업보고서 (2024.12),2025-03-20
118990,모트렉스,매출 구성,중공업부문,28.9,사업보고서 (2024.12),2025-03-20
463480,모티브링크,매출 구성,변압기 (Transformer),51.2,반기보고서 (2026.06),2026-08-14
463480,모티브링크,매출 구성,"변압기 소자류 (필터, 인덕터, 리액터 등)",24.4,반기보고서 (2026.06),2026-08-14
463480,모티브링크,매출 구성,기타매출,18.7,반기보고서 (2026.06),2026-08-14
463480,모티브링크,매출 구성,MDPS용 필터,5.8,반기보고서 (2026.06),2026-08-14
006920,모헨즈,매출 구성,제품 제품 상품,100,반기보고서 (2026.06),2026-08-14
038340,무궁화인포메이션테크놀로지,매출 구성,건강기능식품,92.8,반기보고서 (2026.06),2026-08-14
038340,무궁화인포메이션테크놀로지,매출 구성,금융IT,7.2,반기보고서 (2026.06),2026-08-14
009200,무림페이퍼,매출 구성,체육시설업,83.3,반기보고서 (2026.06),2026-08-14
009200,무림페이퍼,매출 구성,관광숙박업,16.7,반기보고서 (2026.06),2026-08-14
009580,무림P&P,매출 구성,제지,72.3,반기보고서 (2026.06),2026-08-14
009580,무림P&P,매출 구성,펄프,27.7,반기보고서 (2026.06),2026-08-14
001810,무림SP,매출 구성,한시점에인식,100,반기보고서 (2026.06),2026-08-14
001810,무림SP,매출 구성,기간에 걸쳐 인식,0,반기보고서 (2026.06),2026-08-14
135160,무송지오씨,매출 구성,광섬유케이블,100,반기보고서 (2026.06),2026-08-14
322970,무진메디,사업 구성,연구,96.7,사업보고서 (2025.12),2026-03-23
322970,무진메디,사업 구성,화장품,3.3,사업보고서 (2025.12),2026-03-23
033920,무학,매출 구성,주류사업,100,반기보고서 (2026.06),2026-08-14
279600,미디어젠,매출 구성,음성인식용역및기타,51.6,[기재정정]반기보고서 (2026.06),2026-08-13
279600,미디어젠,매출 구성,기타,37.9,[기재정정]반기보고서 (2026.06),2026-08-13
279600,미디어젠,매출 구성,음성인식 플랫폼,9.3,[기재정정]반기보고서 (2026.06),2026-08-13
279600,미디어젠,매출 구성,AI 솔루션,1.3,[기재정정]반기보고서 (2026.06),2026-08-13
095500,미래나노텍,매출 구성,디스플레이,40.6,반기보고서 (2026.06),2026-08-14
095500,미래나노텍,매출 구성,EMI필터,30.4,반기보고서 (2026.06),2026-08-14
095500,미래나노텍,매출 구성,윈도우필름,14.8,반기보고서 (2026.06),2026-08-14
095500,미래나노텍,매출 구성,이차전지소재,12.8,반기보고서 (2026.06),2026-08-14
095500,미래나노텍,매출 구성,그 밖,1.4,반기보고서 (2026.06),2026-08-14
254490,미래반도체,매출 구성,전자부품등유통업,100,반기보고서 (2026.06),2026-08-13
254490,미래반도체,매출 구성,기타매출,0,반기보고서 (2026.06),2026-08-13
025560,미래산업,매출 구성,YILINING PRECISION,66.2,반기보고서 (2026.06),2026-08-13
025560,미래산업,매출 구성,에스케이하이닉스,33.8,반기보고서 (2026.06),2026-08-13
218150,미래생명자원,매출 구성,"배합사료 회사,보조사료 회사",91.7,반기보고서 (2026.06),2026-08-14
218150,미래생명자원,매출 구성,반려동물건강기능식품,7.2,반기보고서 (2026.06),2026-08-14
218150,미래생명자원,매출 구성,기타,0.6,반기보고서 (2026.06),2026-08-14
218150,미래생명자원,매출 구성,"농장, 영농 법인",0.5,반기보고서 (2026.06),2026-08-14
218150,미래생명자원,매출 구성,그 밖,0.1,반기보고서 (2026.06),2026-08-14
007120,미래아이앤지,매출 구성,솔루션,70.6,반기보고서 (2026.06),2026-08-14
007120,미래아이앤지,매출 구성,B&E,29.4,반기보고서 (2026.06),2026-08-14
006800,미래에셋증권,사업 구성,Sales & Trading,82.9,반기보고서 (2026.06),2026-08-14
006800,미래에셋증권,사업 구성,PI 및 기타,10.6,반기보고서 (2026.06),2026-08-14
006800,미래에셋증권,사업 구성,WM,5.8,반기보고서 (2026.06),2026-08-14
006800,미래에셋증권,사업 구성,IB,0.6,반기보고서 (2026.06),2026-08-14
208890,미래엔에듀파트너,사업 구성,교육서비스업 부문,80.1,사업보고서 (2025.12),2026-03-20
208890,미래엔에듀파트너,사업 구성,교구재사업 부문,9.8,사업보고서 (2025.12),2026-03-20
208890,미래엔에듀파트너,사업 구성,출판사업 부문,7.5,사업보고서 (2025.12),2026-03-20
208890,미래엔에듀파트너,사업 구성,기타 부문,2.7,사업보고서 (2025.12),2026-03-20
049950,미래컴퍼니,매출 구성,반도체및디스플레이제조장비,40.6,반기보고서 (2026.06),2026-08-13
049950,미래컴퍼니,매출 구성,금융,27.8,반기보고서 (2026.06),2026-08-13
049950,미래컴퍼니,매출 구성,기타,23,반기보고서 (2026.06),2026-08-13
049950,미래컴퍼니,매출 구성,터치패널,8.6,반기보고서 (2026.06),2026-08-13
207760,미스터블루,매출 구성,온라인콘텐츠서비스,72.5,반기보고서 (2026.06),2026-08-14
207760,미스터블루,매출 구성,게임,24.5,반기보고서 (2026.06),2026-08-14
207760,미스터블루,매출 구성,출판,3,반기보고서 (2026.06),2026-08-14
081660,미스토홀딩스,매출 구성,한국외 지역,86.7,반기보고서 (2026.06),2026-08-14
081660,미스토홀딩스,매출 구성,한국,13.3,반기보고서 (2026.06),2026-08-14
002840,미원상사,매출 구성,생활화학제품,46.6,반기보고서 (2026.06),2026-08-14
002840,미원상사,매출 구성,전자재료,41.8,반기보고서 (2026.06),2026-08-14
002840,미원상사,매출 구성,기타,11.7,반기보고서 (2026.06),2026-08-14
268280,미원에스씨,매출 구성,에너지경화수지및기타,100,반기보고서 (2026.06),2026-08-14
134380,미원화학,매출 구성,계면활성제,56.4,반기보고서 (2026.06),2026-08-14
134380,미원화학,매출 구성,분황및황산,35,반기보고서 (2026.06),2026-08-14
134380,미원화학,매출 구성,상품및기타,8.6,반기보고서 (2026.06),2026-08-14
351020,미쥬,매출 구성,귤가죽 가방,71.4,사업보고서 (2025.12),2026-03-19
351020,미쥬,매출 구성,귤가죽 지갑,28.6,사업보고서 (2025.12),2026-03-19
003650,미창석유공업,매출 구성,제조유류,96.6,반기보고서 (2026.06),2026-08-14
003650,미창석유공업,매출 구성,도매,3.4,반기보고서 (2026.06),2026-08-14
059090,미코,매출 구성,반도체,49.6,반기보고서 (2026.06),2026-08-14
059090,미코,매출 구성,에너지&환경,48.7,반기보고서 (2026.06),2026-08-14
059090,미코,매출 구성,"AI, IT 서비스",1.8,반기보고서 (2026.06),2026-08-14
201490,미투온,매출 구성,Full PokerAA Poker,51.6,반기보고서 (2026.06),2026-08-14
201490,미투온,매출 구성,Full House Casino,41.9,반기보고서 (2026.06),2026-08-14
201490,미투온,매출 구성,Jackpot Vegas,6.5,반기보고서 (2026.06),2026-08-14
475460,미트박스,매출 구성,상품매출,74.7,반기보고서 (2026.06),2026-08-14
475460,미트박스,매출 구성,중개매출,22.7,반기보고서 (2026.06),2026-08-14
475460,미트박스,매출 구성,기타매출,2.6,반기보고서 (2026.06),2026-08-14
452200,민테크,매출 구성,배터리 진단시스템,45.3,반기보고서 (2026.06),2026-08-14
452200,민테크,매출 구성,충방전검사장비,27.9,반기보고서 (2026.06),2026-08-14
452200,민테크,매출 구성,기타,26.9,반기보고서 (2026.06),2026-08-14
206640,바디텍메드,매출 구성,면역진단카트리지,78.5,반기보고서 (2026.06),2026-08-14
206640,바디텍메드,매출 구성,면역진단기기,15.8,반기보고서 (2026.06),2026-08-14
206640,바디텍메드,매출 구성,헤모글로빈진단기기,3.9,반기보고서 (2026.06),2026-08-14
206640,바디텍메드,매출 구성,기타매출,1.8,반기보고서 (2026.06),2026-08-14
035620,바른손이앤에이,매출 구성,기타사업,59.6,반기보고서 (2026.06),2026-08-14
035620,바른손이앤에이,매출 구성,콘텐츠사업,27.7,반기보고서 (2026.06),2026-08-14
035620,바른손이앤에이,매출 구성,투자배급업,12.7,반기보고서 (2026.06),2026-08-14
354390,바스칸바이오제약,사업 구성,상품,55.3,사업보고서 (2025.12),2026-03-18
354390,바스칸바이오제약,사업 구성,기타제제 등 (메모엠연질캡슐 외 1품목),12.3,사업보고서 (2025.12),2026-03-18
354390,바스칸바이오제약,사업 구성,해열 진통소염제 (레고셋정 외 32품목),10.3,사업보고서 (2025.12),2026-03-18
354390,바스칸바이오제약,사업 구성,항전간제 (가바렉스캡슐 외 12품목),5.4,사업보고서 (2025.12),2026-03-18
354390,바스칸바이오제약,사업 구성,그 밖,16.7,사업보고서 (2025.12),2026-03-18
053030,바이넥스,매출 구성,의약품사업부,56.7,반기보고서 (2026.06),2026-08-14
053030,바이넥스,매출 구성,바이오사업부,43.3,반기보고서 (2026.06),2026-08-14
377740,바이오노트,매출 구성,동물,71.3,반기보고서 (2026.06),2026-08-13
377740,바이오노트,매출 구성,라이프 사이언스,25.6,반기보고서 (2026.06),2026-08-13
377740,바이오노트,매출 구성,제품 구분,3.1,반기보고서 (2026.06),2026-08-13
064550,바이오니아,매출 구성,상품매출액,62.9,반기보고서 (2026.06),2026-08-14
064550,바이오니아,매출 구성,제품매출액,36.7,반기보고서 (2026.06),2026-08-14
064550,바이오니아,매출 구성,용역매출액,0.3,반기보고서 (2026.06),2026-08-14
064550,바이오니아,매출 구성,기술료매출액,0.1,반기보고서 (2026.06),2026-08-14
314930,바이오다인,매출 구성,Roche(로슈),87,반기보고서 (2026.06),2026-08-14
314930,바이오다인,매출 구성,Roche Diagnostics KK,4.3,반기보고서 (2026.06),2026-08-14
314930,바이오다인,매출 구성,Bioline LLC,4.3,반기보고서 (2026.06),2026-08-14
314930,바이오다인,매출 구성,QUANG MINH medical JSC,4.3,반기보고서 (2026.06),2026-08-14
489460,바이오비쥬,매출 구성,화장품,53.7,반기보고서 (2026.06),2026-08-12
489460,바이오비쥬,매출 구성,의료기기,33.8,반기보고서 (2026.06),2026-08-12
489460,바이오비쥬,매출 구성,화장품스킨부스터기타,8.2,반기보고서 (2026.06),2026-08-12
489460,바이오비쥬,매출 구성,의약품,3.9,반기보고서 (2026.06),2026-08-12
489460,바이오비쥬,매출 구성,그 밖,0.4,반기보고서 (2026.06),2026-08-12
086820,바이오솔루션,매출 구성,세포치료제,69.5,반기보고서 (2026.06),2026-08-14
086820,바이오솔루션,매출 구성,화장품소재 (완제 포함),17.1,반기보고서 (2026.06),2026-08-14
086820,바이오솔루션,매출 구성,인체조직모델,8.1,반기보고서 (2026.06),2026-08-14
086820,바이오솔루션,매출 구성,의료기기등,2.6,반기보고서 (2026.06),2026-08-14
086820,바이오솔루션,매출 구성,그 밖,2.7,반기보고서 (2026.06),2026-08-14
199730,바이오인프라,매출 구성,생물학적동등성시험,46.8,반기보고서 (2026.06),2026-08-12
199730,바이오인프라,매출 구성,개량신약임상시험,44.2,반기보고서 (2026.06),2026-08-12
199730,바이오인프라,매출 구성,임상/비임상 검체분석,5.4,반기보고서 (2026.06),2026-08-12
199730,바이오인프라,매출 구성,의약품 시험검사,1.6,반기보고서 (2026.06),2026-08-12
199730,바이오인프라,매출 구성,그 밖,1.9,반기보고서 (2026.06),2026-08-12
266470,바이오인프라생명과학,매출 구성,기타,57.8,사업보고서 (2025.12),2026-03-23
266470,바이오인프라생명과학,매출 구성,약물전달시스템,41.6,사업보고서 (2025.12),2026-03-23
266470,바이오인프라생명과학,매출 구성,체외진단,0.6,사업보고서 (2025.12),2026-03-23
289170,바이오텐,사업 구성,식품,75.1,사업보고서 (2025.12),2026-03-23
289170,바이오텐,사업 구성,축산,24.9,사업보고서 (2025.12),2026-03-23
086040,바이오톡스텍,매출 구성,비임상CRO,100,반기보고서 (2026.06),2026-08-14
188040,바이오포트,매출 구성,B 스낵,49.1,반기보고서 (2026.06),2026-08-14
188040,바이오포트,매출 구성,A 액상차,34.6,반기보고서 (2026.06),2026-08-14
188040,바이오포트,매출 구성,C 음료,16.2,반기보고서 (2026.06),2026-08-14
199290,바이오프로테크,사업 구성,기타,51.2,[기재정정]사업보고서 (2025.12),2026-03-30
199290,바이오프로테크,사업 구성,ECG,23.2,[기재정정]사업보고서 (2025.12),2026-03-30
199290,바이오프로테크,사업 구성,TENS,9.9,[기재정정]사업보고서 (2025.12),2026-03-30
199290,바이오프로테크,사업 구성,TENS UNIT,9,[기재정정]사업보고서 (2025.12),2026-03-30
199290,바이오프로테크,사업 구성,그 밖,6.8,[기재정정]사업보고서 (2025.12),2026-03-30
099430,바이오플러스,매출 구성,필러,53.5,반기보고서 (2026.06),2026-08-14
099430,바이오플러스,매출 구성,기타,22.9,반기보고서 (2026.06),2026-08-14
099430,바이오플러스,매출 구성,메디컬디바이스,16.2,반기보고서 (2026.06),2026-08-14
099430,바이오플러스,매출 구성,코스메틱,7.3,반기보고서 (2026.06),2026-08-14
032980,바이온,매출 구성,선박부품,58.6,반기보고서 (2026.06),2026-08-14
032980,바이온,매출 구성,유류판매,30.9,반기보고서 (2026.06),2026-08-14
032980,바이온,매출 구성,기타,8.8,반기보고서 (2026.06),2026-08-14
032980,바이온,매출 구성,화장품사업부문,1,반기보고서 (2026.06),2026-08-14
032980,바이온,매출 구성,그 밖,0.7,반기보고서 (2026.06),2026-08-14
323990,박셀바이오,매출 구성,한국생명공학 연구원,50,사업보고서 (2023.12),2024-03-19
323990,박셀바이오,매출 구성,공주대학교 산학협력단,25,사업보고서 (2023.12),2024-03-19
323990,박셀바이오,매출 구성,삼성서울병원,25,사업보고서 (2023.12),2024-03-19
003610,방림,매출 구성,섬유제품제조등,54.4,분기보고서 (2026.06),2026-08-14
003610,방림,매출 구성,섬유제품제조,40.8,분기보고서 (2026.06),2026-08-14
003610,방림,매출 구성,노인요양복지업,4.8,분기보고서 (2026.06),2026-08-14
267790,배럴,매출 구성,워터스포츠,76.6,반기보고서 (2026.06),2026-08-13
267790,배럴,매출 구성,용품,23.2,반기보고서 (2026.06),2026-08-13
267790,배럴,매출 구성,애슬레저,0.2,반기보고서 (2026.06),2026-08-13
046310,백금T&A,매출 구성,블랙박스/RDVR콤보,53.5,반기보고서 (2026.06),2026-08-12
046310,백금T&A,매출 구성,RD,25.8,반기보고서 (2026.06),2026-08-12
046310,백금T&A,매출 구성,TWR,19.2,반기보고서 (2026.06),2026-08-12
046310,백금T&A,매출 구성,기타,1.2,반기보고서 (2026.06),2026-08-12
046310,백금T&A,매출 구성,그 밖,0.3,반기보고서 (2026.06),2026-08-12
035150,백산,매출 구성,합성피혁,100,반기보고서 (2026.06),2026-08-13
331520,밸로프,매출 구성,게임매출,100,반기보고서 (2026.06),2026-08-10
199480,뱅크웨어글로벌,매출 구성,SWSI,49.1,[기재정정]사업보고서 (2025.12),2026-08-28
199480,뱅크웨어글로벌,매출 구성,AMS,25.8,[기재정정]사업보고서 (2025.12),2026-08-28
199480,뱅크웨어글로벌,매출 구성,SaaS,10.7,[기재정정]사업보고서 (2025.12),2026-08-28
199480,뱅크웨어글로벌,매출 구성,MA,9.7,[기재정정]사업보고서 (2025.12),2026-08-28
199480,뱅크웨어글로벌,매출 구성,그 밖,4.7,[기재정정]사업보고서 (2025.12),2026-08-28
066410,버킷스튜디오,매출 구성,용역수입,63.8,반기보고서 (2026.06),2026-08-14
066410,버킷스튜디오,매출 구성,리스매출,22.6,반기보고서 (2026.06),2026-08-14
066410,버킷스튜디오,매출 구성,극장수입,3.8,반기보고서 (2026.06),2026-08-14
066410,버킷스튜디오,매출 구성,콘텐츠,3.6,반기보고서 (2026.06),2026-08-14
066410,버킷스튜디오,매출 구성,그 밖,6.2,반기보고서 (2026.06),2026-08-14
002410,범양건영,매출 구성,동부토건,51.9,반기보고서 (2026.06),2026-08-14
002410,범양건영,매출 구성,범양건영,24,반기보고서 (2026.06),2026-08-14
002410,범양건영,매출 구성,까뮤이앤씨,13.1,반기보고서 (2026.06),2026-08-14
002410,범양건영,매출 구성,한양산업개발,11,반기보고서 (2026.06),2026-08-14
382900,범한퓨얼셀,매출 구성,수소충전소,73.7,반기보고서 (2026.06),2026-08-14
382900,범한퓨얼셀,매출 구성,기타,18.6,반기보고서 (2026.06),2026-08-14
382900,범한퓨얼셀,매출 구성,연료전지,7.6,반기보고서 (2026.06),2026-08-14
206400,베노티앤알,매출 구성,제조,49.2,반기보고서 (2026.06),2026-08-14
206400,베노티앤알,매출 구성,건설,42.1,반기보고서 (2026.06),2026-08-14
206400,베노티앤알,매출 구성,기타,8.7,반기보고서 (2026.06),2026-08-14
019010,베뉴지,매출 구성,예식장,68.7,반기보고서 (2026.06),2026-08-14
019010,베뉴지,매출 구성,골프장(종속기업),31.3,반기보고서 (2026.06),2026-08-14
177350,베셀,매출 구성,필름소재,95.3,반기보고서 (2026.06),2026-08-14
177350,베셀,매출 구성,기타,4,반기보고서 (2026.06),2026-08-14
177350,베셀,매출 구성,디스플레이,0.6,반기보고서 (2026.06),2026-08-14
457600,벡트,매출 구성,프로젝터,38.3,반기보고서 (2026.06),2026-08-14
457600,벡트,매출 구성,전자칠판,36,반기보고서 (2026.06),2026-08-14
457600,벡트,매출 구성,기타,10.7,반기보고서 (2026.06),2026-08-14
457600,벡트,매출 구성,전자교탁,6.2,반기보고서 (2026.06),2026-08-14
457600,벡트,매출 구성,그 밖,8.8,반기보고서 (2026.06),2026-08-14
424760,벨로크,매출 구성,보안서비스,80.3,반기보고서 (2026.06),2026-08-14
424760,벨로크,매출 구성,보안솔루션,19.7,반기보고서 (2026.06),2026-08-14
007210,벽산,매출 구성,건재부문,64.2,반기보고서 (2026.06),2026-08-14
007210,벽산,매출 구성,주방기기 및환기 부문,27.2,반기보고서 (2026.06),2026-08-14
007210,벽산,매출 구성,화스너 및공구 부문,7.5,반기보고서 (2026.06),2026-08-14
007210,벽산,매출 구성,기타 부문,1.1,반기보고서 (2026.06),2026-08-14
250000,보라티알,매출 구성,면류,22,반기보고서 (2026.06),2026-08-14
250000,보라티알,매출 구성,식용유지류,19.2,반기보고서 (2026.06),2026-08-14
250000,보라티알,매출 구성,농산가공식품류,17.2,반기보고서 (2026.06),2026-08-14
250000,보라티알,매출 구성,유가공류,14.2,반기보고서 (2026.06),2026-08-14
250000,보라티알,매출 구성,그 밖,27.4,반기보고서 (2026.06),2026-08-14
002760,보락,매출 구성,식품첨가물,55.7,반기보고서 (2026.06),2026-08-13
002760,보락,매출 구성,상품,21.6,반기보고서 (2026.06),2026-08-13
002760,보락,매출 구성,원료의약품,17.7,반기보고서 (2026.06),2026-08-13
002760,보락,매출 구성,기타 (임가공 외),5,반기보고서 (2026.06),2026-08-13
003850,보령,매출 구성,전문질환,36.6,반기보고서 (2026.06),2026-08-14
003850,보령,매출 구성,만성대사질환,27,반기보고서 (2026.06),2026-08-14
003850,보령,매출 구성,Oncology (항암),24.2,반기보고서 (2026.06),2026-08-14
003850,보령,매출 구성,OTC (일반의약품),6.9,반기보고서 (2026.06),2026-08-14
003850,보령,매출 구성,그 밖,5.3,반기보고서 (2026.06),2026-08-14
006910,보성파워텍,매출 구성,전력산업,100,반기보고서 (2026.06),2026-08-14
226340,본느,매출 구성,기타,30.8,분기보고서 (2026.03),2026-05-15
226340,본느,매출 구성,색조화장용 제품류,29.4,분기보고서 (2026.03),2026-05-15
226340,본느,매출 구성,기타 상품,25.3,분기보고서 (2026.03),2026-05-15
226340,본느,매출 구성,기초화장용 제품류,13.9,분기보고서 (2026.03),2026-05-15
226340,본느,매출 구성,그 밖,0.6,분기보고서 (2026.03),2026-05-15
496320,본시스템즈,사업 구성,로봇 외 기타,96,[기재정정]사업보고서 (2025.12),2026-08-04
496320,본시스템즈,사업 구성,감속기,4,[기재정정]사업보고서 (2025.12),2026-08-04
003000,부광약품,매출 구성,의약품및의약외품,87.4,반기보고서 (2026.06),2026-08-13
003000,부광약품,매출 구성,연구개발,8.4,반기보고서 (2026.06),2026-08-13
003000,부광약품,매출 구성,판매제휴,4.2,반기보고서 (2026.06),2026-08-13
014470,부방,매출 구성,가전,49.9,[기재정정]사업보고서 (2024.12),2026-08-14
014470,부방,매출 구성,유통,27,[기재정정]사업보고서 (2024.12),2026-08-14
014470,부방,매출 구성,서비스,22,[기재정정]사업보고서 (2024.12),2026-08-14
014470,부방,매출 구성,투자,1,[기재정정]사업보고서 (2024.12),2026-08-14
011390,부산산업,매출 구성,세그멘트,42.1,반기보고서 (2026.06),2026-08-14
011390,부산산업,매출 구성,콘크리트침목,28.2,반기보고서 (2026.06),2026-08-14
011390,부산산업,매출 구성,건축 PC,20.4,반기보고서 (2026.06),2026-08-14
011390,부산산업,매출 구성,기타,5.9,반기보고서 (2026.06),2026-08-14
011390,부산산업,매출 구성,그 밖,3.4,반기보고서 (2026.06),2026-08-14
005280,부산은행,사업 구성,영업그룹,77.1,반기보고서 (2026.06),2026-08-14
005280,부산은행,사업 구성,영업부서,22.9,반기보고서 (2026.06),2026-08-14
008470,부스타,매출 구성,제53(당) 기,51,사업보고서 (2025.12),2026-03-13
008470,부스타,매출 구성,제52(전) 기,49,사업보고서 (2025.12),2026-03-13
100120,뷰웍스,매출 구성,의료용이미징솔루션,75.3,반기보고서 (2026.06),2026-08-14
100120,뷰웍스,매출 구성,산업용이미징솔루션,24.7,반기보고서 (2026.06),2026-08-14
406820,뷰티스킨,매출 구성,화장품 제조 임가공,42.5,반기보고서 (2026.06),2026-08-14
406820,뷰티스킨,매출 구성,기타 매출,32.7,반기보고서 (2026.06),2026-08-14
406820,뷰티스킨,매출 구성,화장품 상품,18.4,반기보고서 (2026.06),2026-08-14
406820,뷰티스킨,매출 구성,화장품 제품,6.5,반기보고서 (2026.06),2026-08-14
064480,브리지텍,매출 구성,서비스,57.2,반기보고서 (2026.06),2026-08-12
064480,브리지텍,매출 구성,콜센터,42.6,반기보고서 (2026.06),2026-08-12
064480,브리지텍,매출 구성,통신,0.2,반기보고서 (2026.06),2026-08-12
089970,브이엠,매출 구성,반도체 장비및 상품,99,반기보고서 (2026.06),2026-08-13
089970,브이엠,매출 구성,기타,1,반기보고서 (2026.06),2026-08-13
251630,브이원텍,매출 구성,LCD/OLED압흔검사기 등,55,반기보고서 (2026.06),2026-08-14
251630,브이원텍,매출 구성,로보틱스/운반기계,38.4,반기보고서 (2026.06),2026-08-14
251630,브이원텍,매출 구성,기타,6.6,반기보고서 (2026.06),2026-08-14
018290,브이티,매출 구성,화장품,94.1,반기보고서 (2026.06),2026-08-13
018290,브이티,매출 구성,라미네이티,5.9,반기보고서 (2026.06),2026-08-13
018290,브이티,매출 구성,기타,0.1,반기보고서 (2026.06),2026-08-13
478560,블랙야크아이앤씨,매출 구성,세계시장,100,반기보고서 (2026.06),2026-08-26
006740,블루산업개발,매출 구성,종이제품제조업,84.8,반기보고서 (2026.06),2026-08-14
006740,블루산업개발,매출 구성,골판지 제조업,12.2,반기보고서 (2026.06),2026-08-14
006740,블루산업개발,매출 구성,기타,2.4,반기보고서 (2026.06),2026-08-14
006740,블루산업개발,매출 구성,부동산,0.6,반기보고서 (2026.06),2026-08-14
439580,블루엠텍,매출 구성,온라인,93.1,반기보고서 (2026.06),2026-08-14
439580,블루엠텍,매출 구성,오프라인,4.7,반기보고서 (2026.06),2026-08-14
439580,블루엠텍,매출 구성,"기타(용역, 물류, 임대 등)",0.9,반기보고서 (2026.06),2026-08-14
439580,블루엠텍,매출 구성,위탁 수수료,0.7,반기보고서 (2026.06),2026-08-14
439580,블루엠텍,매출 구성,그 밖,0.6,반기보고서 (2026.06),2026-08-14
369370,블리츠웨이엔터테인먼트,매출 구성,매니지먼트,63,반기보고서 (2026.06),2026-08-14
369370,블리츠웨이엔터테인먼트,매출 구성,피규어,37,반기보고서 (2026.06),2026-08-14
126340,비나텍,매출 구성,지지체(수량단위: g),46.2,반기보고서 (2026.06),2026-08-14
126340,비나텍,매출 구성,MEA(수량단위: 장),45.5,반기보고서 (2026.06),2026-08-14
126340,비나텍,매출 구성,상품,4.1,반기보고서 (2026.06),2026-08-14
126340,비나텍,매출 구성,탈취필터(수량단위: 천개),3.8,반기보고서 (2026.06),2026-08-14
126340,비나텍,매출 구성,그 밖,0.4,반기보고서 (2026.06),2026-08-14
082800,비보존 제약,매출 구성,약품사업부문,93.5,반기보고서 (2026.06),2026-08-14
082800,비보존 제약,매출 구성,해외사업부문,6.3,반기보고서 (2026.06),2026-08-14
082800,비보존 제약,매출 구성,기타,0.1,반기보고서 (2026.06),2026-08-14
318410,비비씨,매출 구성,모노필라멘트,61.8,반기보고서 (2026.06),2026-08-14
318410,비비씨,매출 구성,헬스케어,18.4,반기보고서 (2026.06),2026-08-14
318410,비비씨,매출 구성,패션잡화 B2B,11.8,반기보고서 (2026.06),2026-08-14
318410,비비씨,매출 구성,기타,5.7,반기보고서 (2026.06),2026-08-14
318410,비비씨,매출 구성,그 밖,2.2,반기보고서 (2026.06),2026-08-14
100220,비상교육,매출 구성,컨텐츠사업부문,72,반기보고서 (2026.06),2026-08-14
100220,비상교육,매출 구성,T-러닝사업부문,25.1,반기보고서 (2026.06),2026-08-14
100220,비상교육,매출 구성,기타,2.9,반기보고서 (2026.06),2026-08-14
146320,비씨엔씨,매출 구성,매출액의 10% 이상 거래처 매출,100,반기보고서 (2026.06),2026-08-14
146320,비씨엔씨,매출 구성,매출액의 10% 이상 거래처 수,0,반기보고서 (2026.06),2026-08-14
200780,비씨월드제약,매출 구성,의약품제조,99.8,반기보고서 (2026.06),2026-08-13
200780,비씨월드제약,매출 구성,기술료등,0.2,반기보고서 (2026.06),2026-08-13
413640,비아이매트릭스,매출 구성,서비스매출,57.8,반기보고서 (2026.06),2026-08-14
413640,비아이매트릭스,매출 구성,제품,27.1,반기보고서 (2026.06),2026-08-14
413640,비아이매트릭스,매출 구성,유지보수,15,반기보고서 (2026.06),2026-08-14
090460,비에이치,매출 구성,FPCB사업부,78.3,반기보고서 (2026.06),2026-08-14
090460,비에이치,매출 구성,전장사업부,21.7,반기보고서 (2026.06),2026-08-14
083650,비에이치아이,매출 구성,보일러 (Boiler),62.5,반기보고서 (2026.06),2026-08-14
083650,비에이치아이,매출 구성,기타,24,반기보고서 (2026.06),2026-08-14
083650,비에이치아이,매출 구성,B.O.P(Balance of Plant),13.6,반기보고서 (2026.06),2026-08-14
065170,비엘팜텍,매출 구성,상품판매,61.8,반기보고서 (2026.06),2026-08-14
065170,비엘팜텍,매출 구성,제품판매,23.2,반기보고서 (2026.06),2026-08-14
065170,비엘팜텍,매출 구성,수수료수입,15,반기보고서 (2026.06),2026-08-14
335890,비올메디컬,매출 구성,의료기기,95,사업보고서 (2025.12),2026-03-26
335890,비올메디컬,매출 구성,기술이전 수입,3.6,사업보고서 (2025.12),2026-03-26
335890,비올메디컬,매출 구성,기타,1.3,사업보고서 (2025.12),2026-03-26
335890,비올메디컬,매출 구성,개인용 미용기기,0,사업보고서 (2025.12),2026-03-26
488900,비츠로넥스텍,매출 구성,우주항공,40.1,반기보고서 (2026.06),2026-08-14
488900,비츠로넥스텍,매출 구성,플라즈마,33.5,반기보고서 (2026.06),2026-08-14
488900,비츠로넥스텍,매출 구성,핵융합에너지,19.9,반기보고서 (2026.06),2026-08-14
488900,비츠로넥스텍,매출 구성,가속기,5.5,반기보고서 (2026.06),2026-08-14
488900,비츠로넥스텍,매출 구성,그 밖,0.9,반기보고서 (2026.06),2026-08-14
054220,비츠로시스,매출 구성,공사사업,53.5,반기보고서 (2026.06),2026-08-12
054220,비츠로시스,매출 구성,인프라사업,35.9,반기보고서 (2026.06),2026-08-12
054220,비츠로시스,매출 구성,환경사업,10.6,반기보고서 (2026.06),2026-08-12
042370,비츠로테크,매출 구성,전지,63.1,반기보고서 (2026.06),2026-08-14
042370,비츠로테크,매출 구성,전력,29.7,반기보고서 (2026.06),2026-08-14
042370,비츠로테크,매출 구성,특수,6,반기보고서 (2026.06),2026-08-14
042370,비츠로테크,매출 구성,기타,1.3,반기보고서 (2026.06),2026-08-14
148780,비큐AI,매출 구성,AISURFER,86.4,반기보고서 (2026.06),2026-08-11
148780,비큐AI,매출 구성,AIROOT,5.7,반기보고서 (2026.06),2026-08-11
148780,비큐AI,매출 구성,RDPLINE,5.1,반기보고서 (2026.06),2026-08-11
148780,비큐AI,매출 구성,기타,2.7,반기보고서 (2026.06),2026-08-11
307870,비투엔,매출 구성,데이터,40.8,반기보고서 (2026.06),2026-08-13
307870,비투엔,매출 구성,빅데이터,39.8,반기보고서 (2026.06),2026-08-13
307870,비투엔,매출 구성,IT서비스 등,19.4,반기보고서 (2026.06),2026-08-13
377030,비트맥스,매출 구성,IT 서비스(SI),97.5,반기보고서 (2026.06),2026-08-14
377030,비트맥스,매출 구성,게임 콘텐츠,2.1,반기보고서 (2026.06),2026-08-14
377030,비트맥스,매출 구성,AR 개발 플랫폼,0.4,반기보고서 (2026.06),2026-08-14
032850,비트컴퓨터,매출 구성,의료정보사업,89.8,반기보고서 (2026.06),2026-08-14
032850,비트컴퓨터,매출 구성,임대사업등,6.2,반기보고서 (2026.06),2026-08-14
032850,비트컴퓨터,매출 구성,IT 교육,4,반기보고서 (2026.06),2026-08-14
049470,비트플래닛,매출 구성,용역매출,54.6,반기보고서 (2026.06),2026-08-14
049470,비트플래닛,매출 구성,유지보수 등서비스,42.2,반기보고서 (2026.06),2026-08-14
049470,비트플래닛,매출 구성,RFID 프린터그래픽카드 등,2.6,반기보고서 (2026.06),2026-08-14
049470,비트플래닛,매출 구성,임대료/상표권 등,0.5,반기보고서 (2026.06),2026-08-14
238200,비피도,매출 구성,원말 (Ton),62.6,반기보고서 (2026.06),2026-08-14
238200,비피도,매출 구성,완제품 (백만EA),37.4,반기보고서 (2026.06),2026-08-14
093190,빅솔론,매출 구성,프린터,98.8,반기보고서 (2026.06),2026-08-13
093190,빅솔론,매출 구성,시스템,1.2,반기보고서 (2026.06),2026-08-13
065450,빅텍,매출 구성,"전원공급장치, 기타 방산",41.2,반기보고서 (2026.06),2026-08-14
065450,빅텍,매출 구성,전자전시스템 방향탐지장치,24.2,반기보고서 (2026.06),2026-08-14
065450,빅텍,매출 구성,피아식별장비,15,반기보고서 (2026.06),2026-08-14
065450,빅텍,매출 구성,전자광학장비,14.1,반기보고서 (2026.06),2026-08-14
065450,빅텍,매출 구성,그 밖,5.5,반기보고서 (2026.06),2026-08-14
005180,빙그레,매출 구성,냉동및기타품목군,62.2,반기보고서 (2026.06),2026-08-14
005180,빙그레,매출 구성,냉장품목군,37.8,반기보고서 (2026.06),2026-08-14
069540,빛과전자,매출 구성,제16회 매도청구건,68.4,반기보고서 (2026.06),2026-08-14
069540,빛과전자,매출 구성,제17회 매도청구건,31.6,반기보고서 (2026.06),2026-08-14
072950,빛샘전자,매출 구성,솔더사업부,53.7,반기보고서 (2026.06),2026-08-14
072950,빛샘전자,매출 구성,방산사업부,32.2,반기보고서 (2026.06),2026-08-14
072950,빛샘전자,매출 구성,네트워크사업부,5,반기보고서 (2026.06),2026-08-14
072950,빛샘전자,매출 구성,LED사업부,5,반기보고서 (2026.06),2026-08-14
072950,빛샘전자,매출 구성,그 밖,4.2,반기보고서 (2026.06),2026-08-14
143240,사람인,매출 구성,커리어플랫폼,56.7,반기보고서 (2026.06),2026-08-13
143240,사람인,매출 구성,아웃소싱,27.6,반기보고서 (2026.06),2026-08-13
143240,사람인,매출 구성,채용컨설팅,15.7,반기보고서 (2026.06),2026-08-13
466410,사이냅소프트,매출 구성,디지털 문서 솔루션,86.5,반기보고서 (2026.06),2026-08-14
466410,사이냅소프트,매출 구성,디지털 문서 AI,13.5,반기보고서 (2026.06),2026-08-14
003960,사조대림,매출 구성,식품,57.5,반기보고서 (2026.06),2026-08-14
003960,사조대림,매출 구성,식자재,26,반기보고서 (2026.06),2026-08-14
003960,사조대림,매출 구성,축산,9.6,반기보고서 (2026.06),2026-08-14
003960,사조대림,매출 구성,기타,3.6,반기보고서 (2026.06),2026-08-14
003960,사조대림,매출 구성,그 밖,3.4,반기보고서 (2026.06),2026-08-14
008040,사조동아원,매출 구성,제분,62.7,반기보고서 (2026.06),2026-08-14
008040,사조동아원,매출 구성,생물자원,37.3,반기보고서 (2026.06),2026-08-14
014710,사조씨푸드,매출 구성,수산물가공유통사업부문,69.9,반기보고서 (2026.06),2026-08-14
014710,사조씨푸드,매출 구성,식품사업부문,19,반기보고서 (2026.06),2026-08-14
014710,사조씨푸드,매출 구성,기타,6.2,반기보고서 (2026.06),2026-08-14
014710,사조씨푸드,매출 구성,수산부문,4.9,반기보고서 (2026.06),2026-08-14
223310,사토시홀딩스,매출 구성,생산액(백만원),94.1,반기보고서 (2026.06),2026-08-14
223310,사토시홀딩스,매출 구성,생산량(톤),4.7,반기보고서 (2026.06),2026-08-14
223310,사토시홀딩스,매출 구성,품목수(개),1.2,반기보고서 (2026.06),2026-08-14
223310,사토시홀딩스,매출 구성,제조업체수(개소),0,반기보고서 (2026.06),2026-08-14
452430,사피엔반도체,매출 구성,아날로그 설계,32.8,반기보고서 (2026.06),2026-08-12
452430,사피엔반도체,매출 구성,로직 설계,24.1,반기보고서 (2026.06),2026-08-12
452430,사피엔반도체,매출 구성,시스템&솔루션,19,반기보고서 (2026.06),2026-08-12
452430,사피엔반도체,매출 구성,기술전략,8.6,반기보고서 (2026.06),2026-08-12
452430,사피엔반도체,매출 구성,그 밖,15.5,반기보고서 (2026.06),2026-08-12
419120,산돌,매출 구성,비타입 외 2건,100,반기보고서 (2026.06),2026-08-14
062040,산일전기,매출 구성,전기사업,100,반기보고서 (2026.06),2026-08-14
122350,삼기,매출 구성,엔진부품,36.4,반기보고서 (2026.06),2026-08-14
122350,삼기,매출 구성,변속기부품,27.6,반기보고서 (2026.06),2026-08-14
122350,삼기,매출 구성,EV부품 외,24,반기보고서 (2026.06),2026-08-14
122350,삼기,매출 구성,합금,9.2,반기보고서 (2026.06),2026-08-14
122350,삼기,매출 구성,그 밖,2.9,반기보고서 (2026.06),2026-08-14
419050,삼기에너지솔루션즈,매출 구성,기구부품,63.3,반기보고서 (2026.06),2026-08-13
419050,삼기에너지솔루션즈,매출 구성,전장부품,26.5,반기보고서 (2026.06),2026-08-13
419050,삼기에너지솔루션즈,매출 구성,부산물,9.9,반기보고서 (2026.06),2026-08-13
419050,삼기에너지솔루션즈,매출 구성,상품판매,0.3,반기보고서 (2026.06),2026-08-13
014970,삼륭물산,매출 구성,우유팩제조부문,52.4,반기보고서 (2026.06),2026-08-14
014970,삼륭물산,매출 구성,플라스틱용기부문,27.1,반기보고서 (2026.06),2026-08-14
014970,삼륭물산,매출 구성,메디칼부문,17,반기보고서 (2026.06),2026-08-14
014970,삼륭물산,매출 구성,임대부문,3.4,반기보고서 (2026.06),2026-08-14
005610,삼립,매출 구성,유통 사업부문,49.3,반기보고서 (2026.06),2026-08-14
005610,삼립,매출 구성,BAKERY 사업부문,23.8,반기보고서 (2026.06),2026-08-14
005610,삼립,매출 구성,FOOD 사업부문,18.9,반기보고서 (2026.06),2026-08-14
005610,삼립,매출 구성,기타 사업부문,8,반기보고서 (2026.06),2026-08-14
018310,삼목에스폼,매출 구성,알루미늄폼,75.3,반기보고서 (2026.06),2026-08-14
018310,삼목에스폼,매출 구성,판넬폼등,24.7,반기보고서 (2026.06),2026-08-14
012210,삼미금속,매출 구성,자동차,39.6,반기보고서 (2026.06),2026-08-13
012210,삼미금속,매출 구성,선박엔진,23,반기보고서 (2026.06),2026-08-13
012210,삼미금속,매출 구성,중장비,22.8,반기보고서 (2026.06),2026-08-13
012210,삼미금속,매출 구성,원자재 外,3.8,반기보고서 (2026.06),2026-08-13
012210,삼미금속,매출 구성,그 밖,10.7,반기보고서 (2026.06),2026-08-13
053700,삼보모터스,매출 구성,자동차부품,100,반기보고서 (2026.06),2026-08-14
009620,삼보산업,매출 구성,알루미늄합금,100,반기보고서 (2026.06),2026-08-14
023600,삼보판지,매출 구성,골판지및골판지상자,72.1,반기보고서 (2026.06),2026-08-14
023600,삼보판지,매출 구성,골판지 원지,27.9,반기보고서 (2026.06),2026-08-14
006660,삼성공조,매출 구성,보유대수,86.4,반기보고서 (2026.06),2026-08-14
006660,삼성공조,매출 구성,생산대수,6.8,반기보고서 (2026.06),2026-08-14
006660,삼성공조,매출 구성,수출판매,4.7,반기보고서 (2026.06),2026-08-14
006660,삼성공조,매출 구성,내수판매,2.1,반기보고서 (2026.06),2026-08-14
028260,삼성물산,매출 구성,상사,39.3,반기보고서 (2026.06),2026-08-14
028260,삼성물산,매출 구성,건설,33,반기보고서 (2026.06),2026-08-14
028260,삼성물산,매출 구성,바이오,13.6,반기보고서 (2026.06),2026-08-14
028260,삼성물산,매출 구성,급식/식자재유통,7.6,반기보고서 (2026.06),2026-08-14
028260,삼성물산,매출 구성,그 밖,6.6,반기보고서 (2026.06),2026-08-14
207940,삼성바이오로직스,매출 구성,CDMO,66.2,[기재정정]사업보고서 (2024.12),2025-08-14
207940,삼성바이오로직스,매출 구성,바이오의약품개발 및 상업화(*),33.8,[기재정정]사업보고서 (2024.12),2025-08-14
018260,삼성에스디에스,매출 구성,물류,52.3,반기보고서 (2026.06),2026-08-14
018260,삼성에스디에스,매출 구성,IT서비스,47.7,반기보고서 (2026.06),2026-08-14
009150,삼성전기,매출 구성,컴포넌트,45.9,반기보고서 (2026.06),2026-08-14
009150,삼성전기,매출 구성,광학솔루션,31.7,반기보고서 (2026.06),2026-08-14
009150,삼성전기,매출 구성,패키지솔루션,22.5,반기보고서 (2026.06),2026-08-14
005930,삼성전자,매출 구성,DS 부문,62.9,반기보고서 (2026.06),2026-08-14
005930,삼성전자,매출 구성,DX 부문,30.3,반기보고서 (2026.06),2026-08-14
005930,삼성전자,매출 구성,SDC,4.3,반기보고서 (2026.06),2026-08-14
005930,삼성전자,매출 구성,Harman,2.5,반기보고서 (2026.06),2026-08-14
010140,삼성중공업,매출 구성,조선해양,94.1,반기보고서 (2026.06),2026-08-14
010140,삼성중공업,매출 구성,토건,5.9,반기보고서 (2026.06),2026-08-14
068290,삼성출판사,매출 구성,출판,80,[기재정정]사업보고서 (2024.12),2025-11-14
068290,삼성출판사,매출 구성,휴게소,14.5,[기재정정]사업보고서 (2024.12),2025-11-14
068290,삼성출판사,매출 구성,임대,5.5,[기재정정]사업보고서 (2024.12),2025-11-14
028050,삼성E&A,매출 구성,Kookmin Bank,97.6,반기보고서 (2026.06),2026-08-14
028050,삼성E&A,매출 구성,Woori Bank,1.2,반기보고서 (2026.06),2026-08-14
028050,삼성E&A,매출 구성,Hana Bank,0.5,반기보고서 (2026.06),2026-08-14
028050,삼성E&A,매출 구성,Citibank Korea Inc.,0.3,반기보고서 (2026.06),2026-08-14
028050,삼성E&A,매출 구성,그 밖,0.4,반기보고서 (2026.06),2026-08-14
006400,삼성SDI,매출 구성,에너지솔루션,93.6,반기보고서 (2026.06),2026-08-14
006400,삼성SDI,매출 구성,전자재료,6.4,반기보고서 (2026.06),2026-08-14
006110,삼아알미늄,매출 구성,압연,68.9,반기보고서 (2026.06),2026-08-14
006110,삼아알미늄,매출 구성,가공,20.4,반기보고서 (2026.06),2026-08-14
006110,삼아알미늄,매출 구성,전자부품판매,10.7,반기보고서 (2026.06),2026-08-14
009300,삼아제약,매출 구성,제네릭,50.1,반기보고서 (2026.06),2026-08-13
009300,삼아제약,매출 구성,개량신약,41.6,반기보고서 (2026.06),2026-08-13
009300,삼아제약,매출 구성,신약,8.3,반기보고서 (2026.06),2026-08-13
0120G0,삼양바이오팜,매출 구성,의료기기,62.5,사업보고서 (2025.12),2026-03-13
0120G0,삼양바이오팜,매출 구성,의약품,37.2,사업보고서 (2025.12),2026-03-13
0120G0,삼양바이오팜,매출 구성,기타,0.3,사업보고서 (2025.12),2026-03-13
145990,삼양사,매출 구성,식품,55.6,반기보고서 (2026.06),2026-08-14
145990,삼양사,매출 구성,화학,43.8,반기보고서 (2026.06),2026-08-14
145990,삼양사,매출 구성,기타,0.6,반기보고서 (2026.06),2026-08-14
003230,삼양식품,매출 구성,식품의제조및판매,96.8,반기보고서 (2026.06),2026-08-14
003230,삼양식품,매출 구성,물류등용역매출,2.7,반기보고서 (2026.06),2026-08-14
003230,삼양식품,매출 구성,기타매출,0.4,반기보고서 (2026.06),2026-08-14
482630,삼양엔씨켐,매출 구성,PR용 소재,63.9,반기보고서 (2026.06),2026-08-13
482630,삼양엔씨켐,매출 구성,WetChemical,30.3,반기보고서 (2026.06),2026-08-13
482630,삼양엔씨켐,매출 구성,기타,5.8,반기보고서 (2026.06),2026-08-13
482630,삼양엔씨켐,매출 구성,상품,0,반기보고서 (2026.06),2026-08-13
484590,삼양컴텍,매출 구성,방산사업,96.9,반기보고서 (2026.06),2026-08-13
484590,삼양컴텍,매출 구성,사업구분,3.1,반기보고서 (2026.06),2026-08-13
036670,삼양케이씨아이,매출 구성,화장품원료,100,반기보고서 (2026.06),2026-08-12
272550,삼양패키징,매출 구성,"PET, 아셉틱 음료",83,반기보고서 (2026.06),2026-08-14
272550,삼양패키징,매출 구성,재활용 PET 플레이크,17,반기보고서 (2026.06),2026-08-14
000070,삼양홀딩스,매출 구성,화학,53.4,반기보고서 (2026.06),2026-08-14
000070,삼양홀딩스,매출 구성,식품,39,반기보고서 (2026.06),2026-08-14
000070,삼양홀딩스,매출 구성,기타,7.6,반기보고서 (2026.06),2026-08-14
003720,삼영,매출 구성,조선기자재부문,40.3,반기보고서 (2026.06),2026-08-13
003720,삼영,매출 구성,PPC,32.6,반기보고서 (2026.06),2026-08-13
003720,삼영,매출 구성,BOPP,17.5,반기보고서 (2026.06),2026-08-13
003720,삼영,매출 구성,기타,5.3,반기보고서 (2026.06),2026-08-13
003720,삼영,매출 구성,그 밖,4.3,반기보고서 (2026.06),2026-08-13
002810,삼영무역,매출 구성,자동차부품 제조,46.5,반기보고서 (2026.06),2026-08-14
002810,삼영무역,매출 구성,화공약품 판매,45.2,반기보고서 (2026.06),2026-08-14
002810,삼영무역,매출 구성,안경렌즈 판매,6.1,반기보고서 (2026.06),2026-08-14
002810,삼영무역,매출 구성,기타,2.3,반기보고서 (2026.06),2026-08-14
054540,삼영엠텍,매출 구성,선박엔진 구조재,45.8,[기재정정]사업보고서 (2025.12),2026-07-31
054540,삼영엠텍,매출 구성,플랜트 기자재,30,[기재정정]사업보고서 (2025.12),2026-07-31
054540,삼영엠텍,매출 구성,구조물 구조재,24.2,[기재정정]사업보고서 (2025.12),2026-07-31
005680,삼영전자공업,매출 구성,콘덴서,84.6,반기보고서 (2026.06),2026-08-14
005680,삼영전자공업,매출 구성,자재,15.4,반기보고서 (2026.06),2026-08-14
005680,삼영전자공업,매출 구성,기타,0,반기보고서 (2026.06),2026-08-14
023000,삼원강재,매출 구성,스프링 제품,50.3,반기보고서 (2026.06),2026-08-14
023000,삼원강재,매출 구성,소재가공품,49.7,반기보고서 (2026.06),2026-08-14
032280,삼일,매출 구성,사업수익,70.7,반기보고서 (2026.06),2026-08-14
032280,삼일,매출 구성,하역수익,25.7,반기보고서 (2026.06),2026-08-14
032280,삼일,매출 구성,유류수익,3.6,반기보고서 (2026.06),2026-08-14
002290,삼일기업공사,매출 구성,국내 도급공사,96,사업보고서 (2023.12),2024-03-22
002290,삼일기업공사,매출 구성,기타수입,3.5,사업보고서 (2023.12),2024-03-22
002290,삼일기업공사,매출 구성,임대수입,0.5,사업보고서 (2023.12),2024-03-22
004440,삼일씨엔에스,매출 구성,콘크리트,51.8,반기보고서 (2026.06),2026-08-13
004440,삼일씨엔에스,매출 구성,풍력.스틸,39.8,반기보고서 (2026.06),2026-08-13
004440,삼일씨엔에스,매출 구성,골재,8.4,반기보고서 (2026.06),2026-08-13
000520,삼일제약,매출 구성,제약,97.3,반기보고서 (2026.06),2026-08-14
000520,삼일제약,매출 구성,기타,2.7,반기보고서 (2026.06),2026-08-14
009770,삼정펄프,매출 구성,화장지(원지/두루마리/티슈),55.1,반기보고서 (2026.06),2026-08-14
009770,삼정펄프,매출 구성,점보롤/키친타올外,43.7,반기보고서 (2026.06),2026-08-14
009770,삼정펄프,매출 구성,임대료,1.2,반기보고서 (2026.06),2026-08-14
037460,삼지전자,매출 구성,전자부품 유통부문,95.2,반기보고서 (2026.06),2026-08-14
037460,삼지전자,매출 구성,건설부문,4,반기보고서 (2026.06),2026-08-14
037460,삼지전자,매출 구성,통신기기 부문,0.8,반기보고서 (2026.06),2026-08-14
037460,삼지전자,매출 구성,기타부문,0,반기보고서 (2026.06),2026-08-14
005500,삼진제약,매출 구성,도매,51.8,반기보고서 (2026.06),2026-08-14
005500,삼진제약,매출 구성,병원,33.5,반기보고서 (2026.06),2026-08-14
005500,삼진제약,매출 구성,기타,10.7,반기보고서 (2026.06),2026-08-14
005500,삼진제약,매출 구성,약국,4,반기보고서 (2026.06),2026-08-14
024950,삼천리자전거,매출 구성,자전거 등(상품),58.3,반기보고서 (2026.06),2026-08-14
024950,삼천리자전거,매출 구성,여행서비스 및해외특산품,41.7,반기보고서 (2026.06),2026-08-14
038500,삼표시멘트,매출 구성,시멘트 사업,92.7,반기보고서 (2026.06),2026-08-14
038500,삼표시멘트,매출 구성,레미콘 사업,7.3,반기보고서 (2026.06),2026-08-14
437730,삼현,매출 구성,모빌리티,81.7,반기보고서 (2026.06),2026-08-14
437730,삼현,매출 구성,방산,13.2,반기보고서 (2026.06),2026-08-14
437730,삼현,매출 구성,로봇/항공/기타,3.4,반기보고서 (2026.06),2026-08-14
437730,삼현,매출 구성,기타매출,1.7,반기보고서 (2026.06),2026-08-14
010960,삼호개발,매출 구성,건설,96.6,반기보고서 (2026.06),2026-08-14
010960,삼호개발,매출 구성,창업투자,1.8,반기보고서 (2026.06),2026-08-14
010960,삼호개발,매출 구성,기타,1.7,반기보고서 (2026.06),2026-08-14
046390,삼화네트웍스,매출 구성,드라마제작 매출,99.4,사업보고서 (2025.12),2026-03-18
046390,삼화네트웍스,매출 구성,기타 매출,0.4,사업보고서 (2025.12),2026-03-18
046390,삼화네트웍스,매출 구성,음반 매출,0.2,사업보고서 (2025.12),2026-03-18
046390,삼화네트웍스,매출 구성,연기자 매출,0,사업보고서 (2025.12),2026-03-18
004450,삼화왕관,매출 구성,Cap,77.6,[기재정정]반기보고서 (2026.06),2026-08-14
004450,삼화왕관,매출 구성,플라스틱용기,22.3,[기재정정]반기보고서 (2026.06),2026-08-14
004450,삼화왕관,매출 구성,기타,0.1,[기재정정]반기보고서 (2026.06),2026-08-14
009470,삼화전기,매출 구성,전기말,51.3,반기보고서 (2026.06),2026-08-14
009470,삼화전기,매출 구성,당반기말,48.7,반기보고서 (2026.06),2026-08-14
011230,삼화전자공업,매출 구성,상품,52.6,반기보고서 (2026.06),2026-08-14
011230,삼화전자공업,매출 구성,페라이트코어등,47.4,반기보고서 (2026.06),2026-08-14
001820,삼화콘덴서공업,매출 구성,계정과목,100,반기보고서 (2026.06),2026-08-14
027580,상보,매출 구성,윈도우필름보호필름,78.6,사업보고서 (2023.12),2024-03-15
027580,상보,매출 구성,광학필름,12.4,사업보고서 (2023.12),2024-03-15
027580,상보,매출 구성,기타,9,사업보고서 (2023.12),2024-03-15
038540,상상인,매출 구성,금융,77.9,반기보고서 (2026.06),2026-08-14
038540,상상인,매출 구성,정보통신,12.8,반기보고서 (2026.06),2026-08-14
038540,상상인,매출 구성,조선,8.7,반기보고서 (2026.06),2026-08-14
038540,상상인,매출 구성,전산프로그램 운용,0.6,반기보고서 (2026.06),2026-08-14
001290,상상인증권,매출 구성,위탁매매업,43.9,반기보고서 (2026.06),2026-08-14
001290,상상인증권,매출 구성,자기매매업,30,반기보고서 (2026.06),2026-08-14
001290,상상인증권,매출 구성,기타,14.1,반기보고서 (2026.06),2026-08-14
001290,상상인증권,매출 구성,기업금융업,12,반기보고서 (2026.06),2026-08-14
041650,상신브레이크,매출 구성,제동부문,99.7,반기보고서 (2026.06),2026-08-13
041650,상신브레이크,매출 구성,설비부문,0.3,반기보고서 (2026.06),2026-08-13
091580,상신이디피,매출 구성,ENERGY (2차전지류),100,반기보고서 (2026.06),2026-08-14
042940,상지건설,매출 구성,민간,63.6,[기재정정]반기보고서 (2026.06),2026-08-18
042940,상지건설,매출 구성,관급,36.4,[기재정정]반기보고서 (2026.06),2026-08-18
042600,새로닉스,매출 구성,전자,53.5,반기보고서 (2026.06),2026-08-13
042600,새로닉스,매출 구성,태양광,46.5,반기보고서 (2026.06),2026-08-13
107600,새빗켐,매출 구성,폐전지재활용,74.6,반기보고서 (2026.06),2026-08-13
107600,새빗켐,매출 구성,폐산재활용,23.8,반기보고서 (2026.06),2026-08-13
107600,새빗켐,매출 구성,임가공및임대료외,1.7,반기보고서 (2026.06),2026-08-13
252990,샘씨엔에스,매출 구성,당기,63.6,사업보고서 (2024.12),2025-03-18
252990,샘씨엔에스,매출 구성,전기,36.4,사업보고서 (2024.12),2025-03-18
007540,샘표,매출 구성,판매경로 구분,95.3,반기보고서 (2026.06),2026-08-14
007540,샘표,매출 구성,온라인/소재 채널,1.6,반기보고서 (2026.06),2026-08-14
007540,샘표,매출 구성,신유통,1.3,반기보고서 (2026.06),2026-08-14
007540,샘표,매출 구성,대리점,0.8,반기보고서 (2026.06),2026-08-14
007540,샘표,매출 구성,그 밖,1.1,반기보고서 (2026.06),2026-08-14
248170,샘표식품,매출 구성,식품제조,100,반기보고서 (2026.06),2026-08-14
294630,서남,매출 구성,초전도 선재제조장비,70.6,반기보고서 (2026.06),2026-08-13
294630,서남,매출 구성,초전도 버퍼선재,13.5,반기보고서 (2026.06),2026-08-13
294630,서남,매출 구성,상품,9,반기보고서 (2026.06),2026-08-13
294630,서남,매출 구성,기타,3.7,반기보고서 (2026.06),2026-08-13
294630,서남,매출 구성,그 밖,3.1,반기보고서 (2026.06),2026-08-13
038070,서린바이오,매출 구성,시약,66.1,반기보고서 (2026.06),2026-08-13
038070,서린바이오,매출 구성,기기,18.3,반기보고서 (2026.06),2026-08-13
038070,서린바이오,매출 구성,소모품,14.5,반기보고서 (2026.06),2026-08-13
038070,서린바이오,매출 구성,전자출판,1.1,반기보고서 (2026.06),2026-08-13
006730,서부T&D,매출 구성,관광호텔업,58,반기보고서 (2026.06),2026-08-14
006730,서부T&D,매출 구성,식기류제조및판매,29.4,반기보고서 (2026.06),2026-08-14
006730,서부T&D,매출 구성,쇼핑몰운영,12.5,반기보고서 (2026.06),2026-08-14
006730,서부T&D,매출 구성,임대및기타사업,0.1,반기보고서 (2026.06),2026-08-14
006730,서부T&D,매출 구성,그 밖,0.1,반기보고서 (2026.06),2026-08-14
079650,서산,매출 구성,콘크리트 제품,100,반기보고서 (2026.06),2026-08-14
100660,서암기계공업,매출 구성,기어,36.7,반기보고서 (2026.06),2026-08-26
100660,서암기계공업,매출 구성,척&실린더,33.8,반기보고서 (2026.06),2026-08-26
100660,서암기계공업,매출 구성,금형,16.6,반기보고서 (2026.06),2026-08-26
100660,서암기계공업,매출 구성,커빅커플링,9.4,반기보고서 (2026.06),2026-08-26
100660,서암기계공업,매출 구성,그 밖,3.4,반기보고서 (2026.06),2026-08-26
007860,서연,매출 구성,자동차부품등,100,반기보고서 (2026.06),2026-08-14
200880,서연이화,매출 구성,자동차 부품,100,반기보고서 (2026.06),2026-08-14
019770,서연탑메탈,매출 구성,사출금형사업부,56.1,반기보고서 (2026.06),2026-08-14
019770,서연탑메탈,매출 구성,기계산업사업부,27.8,반기보고서 (2026.06),2026-08-14
019770,서연탑메탈,매출 구성,프레스금형사업부,16.1,반기보고서 (2026.06),2026-08-14
092190,서울바이오시스,매출 구성,LED 제조,100,반기보고서 (2026.06),2026-08-14
004410,서울식품공업,매출 구성,제빵사업,87.6,반기보고서 (2026.06),2026-08-14
004410,서울식품공업,매출 구성,환경사업,12.4,반기보고서 (2026.06),2026-08-14
021050,서원,매출 구성,비철금속,99.8,사업보고서 (2025.12),2026-03-23
021050,서원,매출 구성,분양,0.2,사업보고서 (2025.12),2026-03-23
093920,서원인텍,매출 구성,Manufacturing,99.8,반기보고서 (2026.06),2026-08-14
093920,서원인텍,매출 구성,기타부문,0.2,반기보고서 (2026.06),2026-08-14
093920,서원인텍,매출 구성,Sourcing,0,반기보고서 (2026.06),2026-08-14
178320,서진시스템,매출 구성,고객(나),41.9,반기보고서 (2026.06),2026-08-14
178320,서진시스템,매출 구성,기타,39.1,반기보고서 (2026.06),2026-08-14
178320,서진시스템,매출 구성,고객(가),19,반기보고서 (2026.06),2026-08-14
011370,서한,매출 구성,국내 도급공사,49.1,반기보고서 (2026.06),2026-08-14
011370,서한,매출 구성,자체공사,49.1,반기보고서 (2026.06),2026-08-14
011370,서한,매출 구성,기타,1.8,반기보고서 (2026.06),2026-08-14
065710,서호전기,매출 구성,전체제품,100,반기보고서 (2026.06),2026-08-14
008490,서흥,매출 구성,캡슐부문,81.7,반기보고서 (2026.06),2026-08-13
008490,서흥,매출 구성,원료부문,15.9,반기보고서 (2026.06),2026-08-13
008490,서흥,매출 구성,화장품부문,2.4,반기보고서 (2026.06),2026-08-13
035890,서희건설,매출 구성,국내 도급공사,97.9,[기재정정]사업보고서 (2023.12),2024-05-16
035890,서희건설,매출 구성,기 타(*1),2.1,[기재정정]사업보고서 (2023.12),2024-05-16
003100,선광,매출 구성,컨테이너,49,[첨부추가]사업보고서 (2025.12),2026-03-18
003100,선광,매출 구성,싸이로,35.3,[첨부추가]사업보고서 (2025.12),2026-03-18
003100,선광,매출 구성,일반하역,13.3,[첨부추가]사업보고서 (2025.12),2026-03-18
003100,선광,매출 구성,임대,2.4,[첨부추가]사업보고서 (2025.12),2026-03-18
171090,선익시스템,매출 구성,OLED 제조장비,100,[기재정정]사업보고서 (2025.12),2026-03-20
136490,선진,매출 구성,사료부문,45.3,[기재정정]반기보고서 (2026.06),2026-08-13
136490,선진,매출 구성,식육부문,21.1,[기재정정]반기보고서 (2026.06),2026-08-13
136490,선진,매출 구성,양돈부문,17.5,[기재정정]반기보고서 (2026.06),2026-08-13
136490,선진,매출 구성,육가공부문,11.5,[기재정정]반기보고서 (2026.06),2026-08-13
136490,선진,매출 구성,그 밖,4.6,[기재정정]반기보고서 (2026.06),2026-08-13
086710,선진뷰티사이언스,매출 구성,원료사업,99.3,[기재정정]반기보고서 (2026.06),2026-08-27
086710,선진뷰티사이언스,매출 구성,아이레시피,0.4,[기재정정]반기보고서 (2026.06),2026-08-27
086710,선진뷰티사이언스,매출 구성,ODM/OEM,0.3,[기재정정]반기보고서 (2026.06),2026-08-27
014620,성광벤드,매출 구성,관이음쇠제조업,100,반기보고서 (2026.06),2026-08-14
014910,성문전자,매출 구성,금속증착필름(콘덴서용필름),97.9,반기보고서 (2026.06),2026-08-14
014910,성문전자,매출 구성,DM 사업부문,2.1,반기보고서 (2026.06),2026-08-14
004980,성신양회,매출 구성,무역,48.2,반기보고서 (2026.06),2026-08-14
004980,성신양회,매출 구성,시멘트,40.7,반기보고서 (2026.06),2026-08-14
004980,성신양회,매출 구성,레미콘,9.7,반기보고서 (2026.06),2026-08-14
004980,성신양회,매출 구성,기타,1.5,반기보고서 (2026.06),2026-08-14
458650,성우,매출 구성,이차전지,75.2,반기보고서 (2026.06),2026-08-14
458650,성우,매출 구성,자동차전장부품,19.2,반기보고서 (2026.06),2026-08-14
458650,성우,매출 구성,기타매출,5.6,반기보고서 (2026.06),2026-08-14
081580,성우전자,매출 구성,금속가공 부문,47.9,반기보고서 (2026.06),2026-08-14
081580,성우전자,매출 구성,정밀조립 부문,26.8,반기보고서 (2026.06),2026-08-14
081580,성우전자,매출 구성,사출성형 부문,23.5,반기보고서 (2026.06),2026-08-14
081580,성우전자,매출 구성,기타 부문,1.8,반기보고서 (2026.06),2026-08-14
015750,성우하이텍,매출 구성,판매,34,반기보고서 (2026.06),2026-08-14
015750,성우하이텍,매출 구성,생산,32,반기보고서 (2026.06),2026-08-14
015750,성우하이텍,매출 구성,- 수 출,20.8,반기보고서 (2026.06),2026-08-14
015750,성우하이텍,매출 구성,- 내 수,13.2,반기보고서 (2026.06),2026-08-14
340930,성원에너텍,매출 구성,이차전지 자동화 조립장비,93.3,[기재정정]사업보고서 (2025.12),2026-06-23
340930,성원에너텍,매출 구성,기타,6.7,[기재정정]사업보고서 (2025.12),2026-06-23
080470,성창오토텍,매출 구성,자동차 부품,99.9,반기보고서 (2026.06),2026-08-14
080470,성창오토텍,매출 구성,기타매출,0.1,반기보고서 (2026.06),2026-08-14
043260,성호전자,매출 구성,콘덴서및파워,49.1,반기보고서 (2026.06),2026-08-14
043260,성호전자,매출 구성,반도체,22.8,반기보고서 (2026.06),2026-08-14
043260,성호전자,매출 구성,건설,19.1,반기보고서 (2026.06),2026-08-14
043260,성호전자,매출 구성,기타,7.4,반기보고서 (2026.06),2026-08-14
043260,성호전자,매출 구성,그 밖,1.6,반기보고서 (2026.06),2026-08-14
148150,세경하이테크,매출 구성,광학필름,39.1,[첨부추가]반기보고서 (2026.06),2026-08-14
148150,세경하이테크,매출 구성,데코필름,32.7,[첨부추가]반기보고서 (2026.06),2026-08-14
148150,세경하이테크,매출 구성,사출필름,26.4,[첨부추가]반기보고서 (2026.06),2026-08-14
148150,세경하이테크,매출 구성,상품매출,1.8,[첨부추가]반기보고서 (2026.06),2026-08-14
002420,세기상사,매출 구성,석유판매사업부,87.9,반기보고서 (2026.06),2026-08-14
002420,세기상사,매출 구성,분류,5.8,반기보고서 (2026.06),2026-08-14
002420,세기상사,매출 구성,임대사업부,2.8,반기보고서 (2026.06),2026-08-14
002420,세기상사,매출 구성,문화레저사업부,1.9,반기보고서 (2026.06),2026-08-14
002420,세기상사,매출 구성,그 밖,1.6,반기보고서 (2026.06),2026-08-14
061090,세나테크놀로지,매출 구성,모터사이클팀 커뮤니케이션,84.7,반기보고서 (2026.06),2026-08-13
061090,세나테크놀로지,매출 구성,사이클/아웃도어팀 커뮤니케이션,9.9,반기보고서 (2026.06),2026-08-13
061090,세나테크놀로지,매출 구성,산업 현장용팀 커뮤니케이션,4.1,반기보고서 (2026.06),2026-08-13
061090,세나테크놀로지,매출 구성,네트워킹,1.4,반기보고서 (2026.06),2026-08-13
188260,세니젠,매출 구성,제20기(2024년),40,반기보고서 (2026.06),2026-08-13
188260,세니젠,매출 구성,제21기(2025년),33.9,반기보고서 (2026.06),2026-08-13
188260,세니젠,매출 구성,제22기(2026년 반기),26.1,반기보고서 (2026.06),2026-08-13
053060,세동,매출 구성,국내공장,88.9,[기재정정]사업보고서 (2019.12),2024-03-29
053060,세동,매출 구성,해외공장,11.1,[기재정정]사업보고서 (2019.12),2024-03-29
340440,세림B&G,매출 구성,진공성형,74,반기보고서 (2026.06),2026-08-14
340440,세림B&G,매출 구성,친환경,21,반기보고서 (2026.06),2026-08-14
340440,세림B&G,매출 구성,로보틱스,5,반기보고서 (2026.06),2026-08-14
017510,세명전기,매출 구성,금구류,98.1,사업보고서 (2025.12),2026-03-16
017510,세명전기,매출 구성,기타,1.6,사업보고서 (2025.12),2026-03-16
017510,세명전기,매출 구성,섬유용섹셔날빔,0.3,사업보고서 (2025.12),2026-03-16
490470,세미파이브,매출 구성,국내출원,53.2,반기보고서 (2026.06),2026-08-14
490470,세미파이브,매출 구성,국내특허,34.3,반기보고서 (2026.06),2026-08-14
490470,세미파이브,매출 구성,PCT 출원,12.5,반기보고서 (2026.06),2026-08-14
004360,세방,매출 구성,운송,61.7,반기보고서 (2026.06),2026-08-14
004360,세방,매출 구성,하역,22.2,반기보고서 (2026.06),2026-08-14
004360,세방,매출 구성,보관,13,반기보고서 (2026.06),2026-08-14
004360,세방,매출 구성,기타,3.1,반기보고서 (2026.06),2026-08-14
004490,세방전지,매출 구성,납축전지,84.8,반기보고서 (2026.06),2026-08-14
004490,세방전지,매출 구성,EV전지,15.2,반기보고서 (2026.06),2026-08-14
011560,세보엠이씨,매출 구성,국내도급공사,98.6,[기재정정]사업보고서 (2024.12),2025-07-09
011560,세보엠이씨,매출 구성,기타,1.4,[기재정정]사업보고서 (2024.12),2025-07-09
011560,세보엠이씨,매출 구성,해외도급공사,0,[기재정정]사업보고서 (2024.12),2025-07-09
306200,세아제강,매출 구성,강관제품,91.6,반기보고서 (2026.06),2026-08-14
306200,세아제강,매출 구성,상품등,8.4,반기보고서 (2026.06),2026-08-14
003030,세아제강지주,매출 구성,강관,89.5,반기보고서 (2026.06),2026-08-14
003030,세아제강지주,매출 구성,판재,8.9,반기보고서 (2026.06),2026-08-14
003030,세아제강지주,매출 구성,투자,1.6,반기보고서 (2026.06),2026-08-14
013000,세우글로벌,매출 구성,POLYMER 부문,100,반기보고서 (2026.06),2026-08-14
024830,세원물산,매출 구성,자동차차체부품,100,반기보고서 (2026.06),2026-08-14
091090,세원이앤씨,매출 구성,기타부문,47.4,반기보고서 (2026.06),2026-08-14
091090,세원이앤씨,매출 구성,플랜트사업부,31.2,반기보고서 (2026.06),2026-08-14
091090,세원이앤씨,매출 구성,유압사업부,21.5,반기보고서 (2026.06),2026-08-14
258830,세종메디칼,매출 구성,Trocar,37.6,반기보고서 (2026.06),2026-08-14
258830,세종메디칼,매출 구성,LapBag,23.4,반기보고서 (2026.06),2026-08-14
258830,세종메디칼,매출 구성,기타,22.9,반기보고서 (2026.06),2026-08-14
258830,세종메디칼,매출 구성,LapSingle,16.1,반기보고서 (2026.06),2026-08-14
036630,세종텔레콤,매출 구성,통신및 ICT,58.8,반기보고서 (2026.06),2026-08-14
036630,세종텔레콤,매출 구성,전기공사,41.2,반기보고서 (2026.06),2026-08-14
067770,세진티에스,매출 구성,LCD 부품,100,반기보고서 (2026.06),2026-08-13
053450,세코닉스,매출 구성,광학 사업부,93.8,[기재정정]사업보고서 (2020.12),2025-09-29
053450,세코닉스,매출 구성,필름 사업부,6.2,[기재정정]사업보고서 (2020.12),2025-09-29
252500,세화피앤씨,매출 구성,기초화장용제품류,75.3,반기보고서 (2026.06),2026-08-28
252500,세화피앤씨,매출 구성,색조화장품제품류,13.2,반기보고서 (2026.06),2026-08-28
252500,세화피앤씨,매출 구성,두발용제품류,4.5,반기보고서 (2026.06),2026-08-28
252500,세화피앤씨,매출 구성,인체세정용제품류,4.1,반기보고서 (2026.06),2026-08-28
252500,세화피앤씨,매출 구성,그 밖,3,반기보고서 (2026.06),2026-08-28
321370,센서뷰,매출 구성,국방 ㆍ항공 ㆍ우주,66.2,반기보고서 (2026.06),2026-08-14
321370,센서뷰,매출 구성,민수통신,31.6,반기보고서 (2026.06),2026-08-14
321370,센서뷰,매출 구성,반도체,2.2,반기보고서 (2026.06),2026-08-14
471820,셀로맥스사이언스,매출 구성,건강식품,84.5,반기보고서 (2026.06),2026-08-14
471820,셀로맥스사이언스,매출 구성,화장품,7,반기보고서 (2026.06),2026-08-14
471820,셀로맥스사이언스,매출 구성,일반의약품,6.1,반기보고서 (2026.06),2026-08-14
471820,셀로맥스사이언스,매출 구성,기타,2.4,반기보고서 (2026.06),2026-08-14
268600,셀리버리,사업 구성,신약 후보물질,85.7,분기보고서 (2024.09),2024-11-14
268600,셀리버리,사업 구성,공동개발진행,14.3,분기보고서 (2024.09),2024-11-14
108860,셀바스AI,매출 구성,용역,50.7,반기보고서 (2026.06),2026-08-14
108860,셀바스AI,매출 구성,기타,43.7,반기보고서 (2026.06),2026-08-14
108860,셀바스AI,매출 구성,로열티,5.6,반기보고서 (2026.06),2026-08-14
318160,셀바이오휴먼텍,매출 구성,화장품제조판매(*2),45.4,반기보고서 (2026.06),2026-08-14
318160,셀바이오휴먼텍,매출 구성,PT CELL류,26.3,반기보고서 (2026.06),2026-08-14
318160,셀바이오휴먼텍,매출 구성,SEMI GEL류,19.6,반기보고서 (2026.06),2026-08-14
318160,셀바이오휴먼텍,매출 구성,기타류(*1),8.8,반기보고서 (2026.06),2026-08-14
308430,셀비온,매출 구성,주사제외,97.3,반기보고서 (2026.06),2026-08-13
308430,셀비온,매출 구성,기타,2.7,반기보고서 (2026.06),2026-08-13
258250,셀젠텍,사업 구성,광학영상분석시스템,35.5,사업보고서 (2023.12),2024-04-18
258250,셀젠텍,사업 구성,기타장비시스템,23.4,사업보고서 (2023.12),2024-04-18
258250,셀젠텍,사업 구성,분리정제분석시스템,20.2,사업보고서 (2023.12),2024-04-18
258250,셀젠텍,사업 구성,세포분리분석시스템,6.9,사업보고서 (2023.12),2024-04-18
258250,셀젠텍,사업 구성,그 밖,14.1,사업보고서 (2023.12),2024-04-18
068270,셀트리온,매출 구성,바이오의약품,94.4,반기보고서 (2026.06),2026-08-14
068270,셀트리온,매출 구성,케미컬의약품,5.6,반기보고서 (2026.06),2026-08-14
068760,셀트리온제약,매출 구성,의약품,100,반기보고서 (2026.06),2026-08-14
068940,셀피글로벌,매출 구성,ICK카드사업,100,반기보고서 (2026.06),2026-08-14
053110,소리바다,사업 구성,컨텐츠사업부,53.2,사업보고서 (2023.12),2024-04-01
053110,소리바다,사업 구성,유통사업부,26.5,사업보고서 (2023.12),2024-04-01
053110,소리바다,사업 구성,매니지먼트사업부,20.3,사업보고서 (2023.12),2024-04-01
950200,소마젠,매출 구성,NGS,72.2,사업보고서 (2025.12),2026-03-23
950200,소마젠,매출 구성,DTC/Microbiome(상품 매출 포함),16.7,사업보고서 (2025.12),2026-03-23
950200,소마젠,매출 구성,CES 외,11.1,사업보고서 (2025.12),2026-03-23
066910,손오공,매출 구성,자동차판매,66.2,반기보고서 (2026.06),2026-08-14
066910,손오공,매출 구성,G&P,27.8,반기보고서 (2026.06),2026-08-14
066910,손오공,매출 구성,모빌리티,3.1,반기보고서 (2026.06),2026-08-14
066910,손오공,매출 구성,장난감,1.3,반기보고서 (2026.06),2026-08-14
066910,손오공,매출 구성,그 밖,1.6,반기보고서 (2026.06),2026-08-14
215090,솔디펜스,매출 구성,방산부문,96.2,반기보고서 (2026.06),2026-08-14
215090,솔디펜스,매출 구성,민수부문,3.8,반기보고서 (2026.06),2026-08-14
336370,솔루스첨단소재,매출 구성,전지박사업부문,69.7,반기보고서 (2026.06),2026-08-14
336370,솔루스첨단소재,매출 구성,OLED사업부문,25.3,반기보고서 (2026.06),2026-08-14
336370,솔루스첨단소재,매출 구성,첨단소재사업부문,5,반기보고서 (2026.06),2026-08-14
248070,솔루엠,매출 구성,파워모듈등,56.8,반기보고서 (2026.06),2026-08-14
248070,솔루엠,매출 구성,ESL,34.7,반기보고서 (2026.06),2026-08-14
248070,솔루엠,매출 구성,원자재등,6.4,반기보고서 (2026.06),2026-08-14
248070,솔루엠,매출 구성,기타제품,2.1,반기보고서 (2026.06),2026-08-14
035610,솔본,매출 구성,의료기기,82,반기보고서 (2026.06),2026-08-14
035610,솔본,매출 구성,기타,18,반기보고서 (2026.06),2026-08-14
357780,솔브레인,매출 구성,반도체,94.9,반기보고서 (2026.06),2026-08-14
357780,솔브레인,매출 구성,디스플레이,5.1,반기보고서 (2026.06),2026-08-14
036830,솔브레인홀딩스,매출 구성,바이오헬스케어외,75.5,반기보고서 (2026.06),2026-08-14
036830,솔브레인홀딩스,매출 구성,디스플레이재료,24.5,반기보고서 (2026.06),2026-08-14
304100,솔트룩스,매출 구성,용역및서비스매출,76.2,반기보고서 (2026.06),2026-08-14
304100,솔트룩스,매출 구성,라이선스,6.8,반기보고서 (2026.06),2026-08-14
304100,솔트룩스,매출 구성,라이선스 매출,6.8,반기보고서 (2026.06),2026-08-14
304100,솔트룩스,매출 구성,상품매출,6,반기보고서 (2026.06),2026-08-14
304100,솔트룩스,매출 구성,그 밖,4.2,반기보고서 (2026.06),2026-08-14
328380,솔트웨어,매출 구성,용역수입,97.4,반기보고서 (2026.06),2026-08-13
328380,솔트웨어,매출 구성,기타,1.4,반기보고서 (2026.06),2026-08-13
328380,솔트웨어,매출 구성,시스템통합,1.2,반기보고서 (2026.06),2026-08-13
328380,솔트웨어,매출 구성,솔루션,0.1,반기보고서 (2026.06),2026-08-13
004430,송원산업,매출 구성,그외기타분류안된화학제품제조업,100,반기보고서 (2026.06),2026-08-13
017550,수산세보틱스,매출 구성,특수장비,80.4,반기보고서 (2026.06),2026-08-14
017550,수산세보틱스,매출 구성,어태치먼트,19.6,반기보고서 (2026.06),2026-08-14
050960,수산아이앤티,매출 구성,보안솔루션,73.2,반기보고서 (2026.06),2026-08-14
050960,수산아이앤티,매출 구성,공유단말접속관리서비스,24.6,반기보고서 (2026.06),2026-08-14
050960,수산아이앤티,매출 구성,기타수입,2.2,반기보고서 (2026.06),2026-08-14
126720,수산인더스트리,매출 구성,원자력,44.2,반기보고서 (2026.06),2026-08-14
126720,수산인더스트리,매출 구성,화력,31.5,반기보고서 (2026.06),2026-08-14
126720,수산인더스트리,매출 구성,기타,17.1,반기보고서 (2026.06),2026-08-14
126720,수산인더스트리,매출 구성,신재생,7.2,반기보고서 (2026.06),2026-08-14
084180,수성웹툰,매출 구성,웹툰,97.4,반기보고서 (2026.06),2026-08-14
084180,수성웹툰,매출 구성,유통,2.6,반기보고서 (2026.06),2026-08-14
084180,수성웹툰,매출 구성,광고,0,반기보고서 (2026.06),2026-08-14
185190,수프로,사업 구성,수목매출,67.5,사업보고서 (2026.03),2026-06-17
185190,수프로,사업 구성,공사,32,사업보고서 (2026.03),2026-06-17
185190,수프로,사업 구성,용역,0.5,사업보고서 (2026.03),2026-06-17
298830,슈어소프트테크,매출 구성,Mission critical SW,58.1,반기보고서 (2026.06),2026-08-13
298830,슈어소프트테크,매출 구성,Safe Intelligence,41.8,반기보고서 (2026.06),2026-08-13
298830,슈어소프트테크,매출 구성,기타,0.1,반기보고서 (2026.06),2026-08-13
192440,슈피겐코리아,매출 구성,케이스,46.7,반기보고서 (2026.06),2026-08-14
192440,슈피겐코리아,매출 구성,기타,27.1,반기보고서 (2026.06),2026-08-14
192440,슈피겐코리아,매출 구성,보호필름,26.2,반기보고서 (2026.06),2026-08-14
099440,스맥,매출 구성,MCT,70,[첨부추가]반기보고서 (2026.06),2026-08-14
099440,스맥,매출 구성,CNC선반,30,[첨부추가]반기보고서 (2026.06),2026-08-14
066590,스모트로닉,매출 구성,변속기 부품,74.3,반기보고서 (2026.06),2026-08-14
066590,스모트로닉,매출 구성,엔진 부품,12.6,반기보고서 (2026.06),2026-08-14
066590,스모트로닉,매출 구성,전기/수소차전용 부품,7.1,반기보고서 (2026.06),2026-08-14
066590,스모트로닉,매출 구성,현가 부품,6,반기보고서 (2026.06),2026-08-14
276040,스코넥,매출 구성,XR 콘텐츠 개발 및 제작,91.6,반기보고서 (2026.06),2026-08-14
276040,스코넥,매출 구성,콘텐츠개발등,8.4,반기보고서 (2026.06),2026-08-14
060240,스타코링크,매출 구성,조선및해양플랜트사업부문,96.9,반기보고서 (2026.06),2026-08-14
060240,스타코링크,매출 구성,모바일게임사업부문,2.4,반기보고서 (2026.06),2026-08-14
060240,스타코링크,매출 구성,기타,0.7,반기보고서 (2026.06),2026-08-14
253450,스튜디오드래곤,매출 구성,드라마,100,반기보고서 (2026.06),2026-08-14
408900,스튜디오미르,매출 구성,애니메이션 제작,100,반기보고서 (2026.06),2026-08-14
415380,스튜디오삼익,매출 구성,전반기,52.9,반기보고서 (2026.06),2026-08-13
415380,스튜디오삼익,매출 구성,당반기,47.1,반기보고서 (2026.06),2026-08-13
046140,스튜디오에스,사업 구성,콘텐츠사업비,60.6,사업보고서 (2023.12),2024-03-21
046140,스튜디오에스,사업 구성,미디어사업비,38,사업보고서 (2023.12),2024-03-21
046140,스튜디오에스,사업 구성,부가사업비등,1.4,사업보고서 (2023.12),2024-03-21
013810,스페코,매출 구성,건설기계,55.3,반기보고서 (2026.06),2026-08-14
013810,스페코,매출 구성,박용기계,41.8,반기보고서 (2026.06),2026-08-14
013810,스페코,매출 구성,풍력,2.9,반기보고서 (2026.06),2026-08-14
039670,스포츠서울,매출 구성,미디어사업,99.5,분기보고서 (2026.06),2026-08-14
039670,스포츠서울,매출 구성,기타,0.5,분기보고서 (2026.06),2026-08-14
347700,스피어,매출 구성,우주항공사업특수합금등공급,99.9,반기보고서 (2026.06),2026-08-14
347700,스피어,매출 구성,"건강기능식품, 메디컬디바이스 등",0.1,반기보고서 (2026.06),2026-08-14
347700,스피어,매출 구성,디지털헬스케어 기술플랫폼,0,반기보고서 (2026.06),2026-08-14
020710,시공테크,매출 구성,전시 부문,90.1,[첨부추가]반기보고서 (2026.06),2026-08-14
020710,시공테크,매출 구성,임대 부문,5.7,[첨부추가]반기보고서 (2026.06),2026-08-14
020710,시공테크,매출 구성,투자운용 부문,4.2,[첨부추가]반기보고서 (2026.06),2026-08-14
033170,시그네틱스,매출 구성,당반기,53.8,반기보고서 (2026.06),2026-08-14
033170,시그네틱스,매출 구성,전반기,46.2,반기보고서 (2026.06),2026-08-14
048870,시너지이노베이션,매출 구성,의료,69.9,반기보고서 (2026.06),2026-08-14
048870,시너지이노베이션,매출 구성,바이오기술,19.3,반기보고서 (2026.06),2026-08-14
048870,시너지이노베이션,매출 구성,건강기능식품,10,반기보고서 (2026.06),2026-08-14
048870,시너지이노베이션,매출 구성,기타,0.8,반기보고서 (2026.06),2026-08-14
025320,시노펙스,매출 구성,SE 부문,87.7,반기보고서 (2026.06),2026-08-14
025320,시노펙스,매출 구성,AMFS 부문,12.3,반기보고서 (2026.06),2026-08-14
134790,시디즈,매출 구성,가구제조,100,반기보고서 (2026.06),2026-08-14
340810,시선AI,매출 구성,SI 사업,56,반기보고서 (2026.06),2026-08-14
340810,시선AI,매출 구성,AI 얼굴인식 시스템,14.6,반기보고서 (2026.06),2026-08-14
340810,시선AI,매출 구성,기타,9.5,반기보고서 (2026.06),2026-08-14
340810,시선AI,매출 구성,AI 얼굴인증 솔루션,8.8,반기보고서 (2026.06),2026-08-14
340810,시선AI,매출 구성,그 밖,11.1,반기보고서 (2026.06),2026-08-14
226440,시스네오텍,매출 구성,주문제작장비,96.6,반기보고서 (2026.06),2026-08-13
226440,시스네오텍,매출 구성,개조개선용역,3.2,반기보고서 (2026.06),2026-08-13
226440,시스네오텍,매출 구성,임대료수입,0.2,반기보고서 (2026.06),2026-08-13
000480,시알홀딩스,매출 구성,내화물제조업,64.3,반기보고서 (2026.06),2026-08-14
000480,시알홀딩스,매출 구성,기계부품제조업,25.5,반기보고서 (2026.06),2026-08-14
000480,시알홀딩스,매출 구성,기타,8.5,반기보고서 (2026.06),2026-08-14
000480,시알홀딩스,매출 구성,골프장업,1.1,반기보고서 (2026.06),2026-08-14
000480,시알홀딩스,매출 구성,그 밖,0.7,반기보고서 (2026.06),2026-08-14
056090,시지메드텍,매출 구성,의료기기,71.6,반기보고서 (2026.06),2026-08-14
056090,시지메드텍,매출 구성,전기에너지,28.4,반기보고서 (2026.06),2026-08-14
429270,시지트로닉스,매출 구성,ESD,73.7,반기보고서 (2026.06),2026-08-13
429270,시지트로닉스,매출 구성,Sensor,25.7,반기보고서 (2026.06),2026-08-13
429270,시지트로닉스,매출 구성,Power,0.5,반기보고서 (2026.06),2026-08-13
429270,시지트로닉스,매출 구성,기타,0.1,반기보고서 (2026.06),2026-08-13
131090,시큐브,매출 구성,정보보안 제품,69.2,반기보고서 (2026.06),2026-08-14
131090,시큐브,매출 구성,정보보안 서비스,28.5,반기보고서 (2026.06),2026-08-14
131090,시큐브,매출 구성,기타,2.3,반기보고서 (2026.06),2026-08-14
462870,시프트업,매출 구성,게임개발,100,반기보고서 (2026.06),2026-08-14
016590,신대양제지,매출 구성,골판지원지,100,반기보고서 (2026.06),2026-08-14
290520,신도기연,매출 구성,용역및부품등,100,반기보고서 (2026.06),2026-08-14
004970,신라교역,매출 구성,수산물유통,44.8,반기보고서 (2026.06),2026-08-14
004970,신라교역,매출 구성,원양어업,40.7,반기보고서 (2026.06),2026-08-14
004970,신라교역,매출 구성,농산물중개,9,반기보고서 (2026.06),2026-08-14
004970,신라교역,매출 구성,기타,5.6,반기보고서 (2026.06),2026-08-14
001000,신라섬유,매출 구성,토지·건물 임대,58.3,반기보고서 (2026.06),2026-08-14
001000,신라섬유,매출 구성,휴대폰등,41.7,반기보고서 (2026.06),2026-08-14
025870,신라에스지,매출 구성,소시지류,50,반기보고서 (2026.06),2026-08-14
025870,신라에스지,매출 구성,축육,50,반기보고서 (2026.06),2026-08-14
215600,신라젠,매출 구성,의약품 판매 부문,96.7,반기보고서 (2026.06),2026-08-14
215600,신라젠,매출 구성,기타사업부문,3.3,반기보고서 (2026.06),2026-08-14
416180,신성에스티,매출 구성,IT/자동차,100,사업보고서 (2024.12),2025-03-17
011930,신성이엔지,매출 구성,클린환경사업부문,85.3,[기재정정]반기보고서 (2026.06),2026-08-21
011930,신성이엔지,매출 구성,재생에너지사업부문,14,[기재정정]반기보고서 (2026.06),2026-08-21
011930,신성이엔지,매출 구성,기타사업,0.8,[기재정정]반기보고서 (2026.06),2026-08-21
004170,신세계,매출 구성,백화점업,38.4,[첨부추가]반기보고서 (2026.06),2026-08-14
004170,신세계,매출 구성,면세업,29.5,[첨부추가]반기보고서 (2026.06),2026-08-14
004170,신세계,매출 구성,도소매업,26.5,[첨부추가]반기보고서 (2026.06),2026-08-14
004170,신세계,매출 구성,부동산및자동차여객터미널업,3.6,[첨부추가]반기보고서 (2026.06),2026-08-14
004170,신세계,매출 구성,그 밖,2,[첨부추가]반기보고서 (2026.06),2026-08-14
031430,신세계인터내셔날,매출 구성,백화점,49.3,반기보고서 (2026.06),2026-08-14
031430,신세계인터내셔날,매출 구성,기타,34.6,반기보고서 (2026.06),2026-08-14
031430,신세계인터내셔날,매출 구성,면세점,9.3,반기보고서 (2026.06),2026-08-14
031430,신세계인터내셔날,매출 구성,아울렛및쇼핑몰,6.8,반기보고서 (2026.06),2026-08-14
012580,신세계톰보이,매출 구성,백화점외,99,반기보고서 (2026.06),2026-08-14
012580,신세계톰보이,매출 구성,대리점,1,반기보고서 (2026.06),2026-08-14
035510,신세계I&C,매출 구성,신세계아이앤씨,97.2,반기보고서 (2026.06),2026-08-14
035510,신세계I&C,매출 구성,플그림,2.8,반기보고서 (2026.06),2026-08-14
006880,신송홀딩스,매출 구성,대행매출,99.7,반기보고서 (2026.06),2026-08-14
006880,신송홀딩스,매출 구성,상품,0.3,반기보고서 (2026.06),2026-08-14
162300,신스틸,매출 구성,칼라강판,47.7,반기보고서 (2026.06),2026-08-14
162300,신스틸,매출 구성,기타,25,반기보고서 (2026.06),2026-08-14
162300,신스틸,매출 구성,아연도금강판,12,반기보고서 (2026.06),2026-08-14
162300,신스틸,매출 구성,등외품,11.7,반기보고서 (2026.06),2026-08-14
162300,신스틸,매출 구성,그 밖,3.7,반기보고서 (2026.06),2026-08-14
005800,신영와코루,매출 구성,여성내의류,97,반기보고서 (2026.06),2026-08-14
005800,신영와코루,매출 구성,임대수익,3,반기보고서 (2026.06),2026-08-14
009270,신원,매출 구성,의류,100,반기보고서 (2026.06),2026-08-14
012790,신일제약,매출 구성,"의약품(일반 / 전문동물용, OEM)",96.2,반기보고서 (2026.06),2026-08-14
012790,신일제약,매출 구성,화장품,2.2,반기보고서 (2026.06),2026-08-14
012790,신일제약,매출 구성,부동산임대,1.1,반기보고서 (2026.06),2026-08-14
012790,신일제약,매출 구성,의약외품,0.3,반기보고서 (2026.06),2026-08-14
012790,신일제약,매출 구성,그 밖,0.2,반기보고서 (2026.06),2026-08-14
226330,신테카바이오,매출 구성,AI 신약개발 플랫폼,38.6,반기보고서 (2026.06),2026-08-14
226330,신테카바이오,매출 구성,기술이전,29.4,반기보고서 (2026.06),2026-08-14
226330,신테카바이오,매출 구성,데이터센터 서비스,23,반기보고서 (2026.06),2026-08-14
226330,신테카바이오,매출 구성,SI 서비스,9.1,반기보고서 (2026.06),2026-08-14
002870,신풍,매출 구성,지류유통부문,74.4,반기보고서 (2026.06),2026-08-13
002870,신풍,매출 구성,기타(외식사업등),14.8,반기보고서 (2026.06),2026-08-13
002870,신풍,매출 구성,수입전기차부문,10.8,반기보고서 (2026.06),2026-08-13
019170,신풍제약,매출 구성,완제의약품,72.4,반기보고서 (2026.06),2026-08-14
019170,신풍제약,매출 구성,완제및원료의약품,18.9,반기보고서 (2026.06),2026-08-14
019170,신풍제약,매출 구성,수탁생산,5.2,반기보고서 (2026.06),2026-08-14
019170,신풍제약,매출 구성,원료의약품,3.5,반기보고서 (2026.06),2026-08-14
000010,신한은행,사업 구성,채널부문,79.8,반기보고서 (2026.06),2026-08-14
000010,신한은행,사업 구성,국제부문,13.7,반기보고서 (2026.06),2026-08-14
000010,신한은행,사업 구성,자본시장부문,6.5,반기보고서 (2026.06),2026-08-14
055550,신한지주,영업이익 구성,은행 부문,62.4,반기보고서 (2026.06),2026-08-14
055550,신한지주,영업이익 구성,증권,15.1,반기보고서 (2026.06),2026-08-14
055550,신한지주,영업이익 구성,신용카드,8,반기보고서 (2026.06),2026-08-14
055550,신한지주,영업이익 구성,보험,7.9,반기보고서 (2026.06),2026-08-14
055550,신한지주,영업이익 구성,그 밖,6.7,반기보고서 (2026.06),2026-08-14
056700,신화인터텍,매출 구성,광학 Film,90,반기보고서 (2026.06),2026-08-13
056700,신화인터텍,매출 구성,Tape,10,반기보고서 (2026.06),2026-08-13
187270,신화콘텍,매출 구성,휴대폰,37.8,반기보고서 (2026.06),2026-08-14
187270,신화콘텍,매출 구성,자동차및임가공,31.4,반기보고서 (2026.06),2026-08-14
187270,신화콘텍,매출 구성,기타,18.7,반기보고서 (2026.06),2026-08-14
187270,신화콘텍,매출 구성,디스플레이와가전,12.1,반기보고서 (2026.06),2026-08-14
095190,신화프리텍,매출 구성,방산/항공,90.6,반기보고서 (2026.06),2026-08-14
095190,신화프리텍,매출 구성,자동차부품,4.7,반기보고서 (2026.06),2026-08-14
095190,신화프리텍,매출 구성,기타,3.1,반기보고서 (2026.06),2026-08-14
095190,신화프리텍,매출 구성,발전/ITER,1.5,반기보고서 (2026.06),2026-08-14
004080,신흥,매출 구성,정상,89.3,반기보고서 (2026.06),2026-08-14
004080,신흥,매출 구성,개별평가,10.7,반기보고서 (2026.06),2026-08-14
257720,실리콘투,매출 구성,CA매출,94.3,반기보고서 (2026.06),2026-08-14
257720,실리콘투,매출 구성,PA매출,4.1,반기보고서 (2026.06),2026-08-14
257720,실리콘투,매출 구성,풀필먼트매출,1.6,반기보고서 (2026.06),2026-08-14
257720,실리콘투,매출 구성,기타,0,반기보고서 (2026.06),2026-08-14
222800,심텍,매출 구성,인쇄회로기판,100,반기보고서 (2026.06),2026-08-13
036710,심텍홀딩스,매출 구성,PCB 제조 사업,99.5,반기보고서 (2026.06),2026-08-14
036710,심텍홀딩스,매출 구성,지주회사 사업,0.5,반기보고서 (2026.06),2026-08-14
444530,심플랫폼,매출 구성,상표권,83.4,반기보고서 (2026.06),2026-08-14
444530,심플랫폼,매출 구성,서비스권,16.6,반기보고서 (2026.06),2026-08-14
234030,싸이닉솔루션,매출 구성,ASIC - PMIC,60.5,반기보고서 (2026.06),2026-08-14
234030,싸이닉솔루션,매출 구성,ASIC - CIS,23.3,반기보고서 (2026.06),2026-08-14
234030,싸이닉솔루션,매출 구성,ASIC - DDI(HV),7.1,반기보고서 (2026.06),2026-08-14
234030,싸이닉솔루션,매출 구성,개발용역외,4.8,반기보고서 (2026.06),2026-08-14
234030,싸이닉솔루션,매출 구성,그 밖,4.3,반기보고서 (2026.06),2026-08-14
160980,싸이맥스,매출 구성,반도체장비,81.7,사업보고서 (2025.12),2026-03-23
160980,싸이맥스,매출 구성,환경설비,18.3,사업보고서 (2025.12),2026-03-23
356890,싸이버원,매출 구성,정보보안제품(솔루션),71,반기보고서 (2026.06),2026-08-14
356890,싸이버원,매출 구성,정보보안관련서비스,28.3,반기보고서 (2026.06),2026-08-14
356890,싸이버원,매출 구성,기타,0.8,반기보고서 (2026.06),2026-08-14
217330,싸이토젠,매출 구성,Liquid Biopsy응용사업,48.2,반기보고서 (2026.06),2026-08-13
217330,싸이토젠,매출 구성,게놈기술개발및분석서비스,46.4,반기보고서 (2026.06),2026-08-13
217330,싸이토젠,매출 구성,독성및분자진단,5.4,반기보고서 (2026.06),2026-08-13
102280,쌍방울,매출 구성,트라이/ 마스크,84.5,반기보고서 (2026.06),2026-08-14
102280,쌍방울,매출 구성,마트,15.3,반기보고서 (2026.06),2026-08-14
102280,쌍방울,매출 구성,기타,0.2,반기보고서 (2026.06),2026-08-14
003410,쌍용씨앤이,매출 구성,시멘트사업,79.6,반기보고서 (2026.06),2026-08-14
003410,쌍용씨앤이,매출 구성,기타사업,11.9,반기보고서 (2026.06),2026-08-14
003410,쌍용씨앤이,매출 구성,환경사업,8.4,반기보고서 (2026.06),2026-08-14
004770,써니전자,매출 구성,수정진동자사업부,100,반기보고서 (2026.06),2026-08-13
217320,썬테크,사업 구성,민수,55.7,[첨부추가]사업보고서 (2025.12),2026-03-17
217320,썬테크,사업 구성,관급,38.6,[첨부추가]사업보고서 (2025.12),2026-03-17
217320,썬테크,사업 구성,A/S,5.7,[첨부추가]사업보고서 (2025.12),2026-03-17
208640,썸에이지,매출 구성,모바일게임,96.9,반기보고서 (2026.06),2026-08-14
208640,썸에이지,매출 구성,로열티 매출,2.3,반기보고서 (2026.06),2026-08-14
208640,썸에이지,매출 구성,기술지원서비스,0.7,반기보고서 (2026.06),2026-08-14
222420,쎄노텍,매출 구성,세라믹 비드,67.6,반기보고서 (2026.06),2026-07-31
222420,쎄노텍,매출 구성,이차전지 첨가제,13.6,반기보고서 (2026.06),2026-07-31
222420,쎄노텍,매출 구성,세라믹 분체,8.7,반기보고서 (2026.06),2026-07-31
222420,쎄노텍,매출 구성,플럭스,7.7,반기보고서 (2026.06),2026-07-31
222420,쎄노텍,매출 구성,그 밖,2.5,반기보고서 (2026.06),2026-07-31
037760,쎄니트,매출 구성,철강,54.3,[첨부추가]반기보고서 (2026.06),2026-08-14
037760,쎄니트,매출 구성,콘크리트,31.6,[첨부추가]반기보고서 (2026.06),2026-08-14
037760,쎄니트,매출 구성,시네마,8.8,[첨부추가]반기보고서 (2026.06),2026-08-14
037760,쎄니트,매출 구성,의약품시험검사,5.1,[첨부추가]반기보고서 (2026.06),2026-08-14
037760,쎄니트,매출 구성,그 밖,0.1,[첨부추가]반기보고서 (2026.06),2026-08-14
099320,쎄트렉아이,매출 구성,위성사업,93.9,반기보고서 (2026.06),2026-08-13
099320,쎄트렉아이,매출 구성,위성영상 판매사업,5.6,반기보고서 (2026.06),2026-08-13
099320,쎄트렉아이,매출 구성,위성영상 분석사업,0.6,반기보고서 (2026.06),2026-08-13
088280,쏘닉스,매출 구성,파운드리,56.9,반기보고서 (2026.06),2026-08-14
088280,쏘닉스,매출 구성,필터제품,38.7,반기보고서 (2026.06),2026-08-14
088280,쏘닉스,매출 구성,파운드리 용역서비스,4.4,반기보고서 (2026.06),2026-08-14
403550,쏘카,매출 구성,카셰어링 부문,77.5,반기보고서 (2026.06),2026-08-13
403550,쏘카,매출 구성,기타,15.3,반기보고서 (2026.06),2026-08-13
403550,쏘카,매출 구성,플랫폼 부문,7.2,반기보고서 (2026.06),2026-08-13
050890,쏠리드,매출 구성,통신장비,95.2,반기보고서 (2026.06),2026-08-14
050890,쏠리드,매출 구성,기타,4.8,반기보고서 (2026.06),2026-08-14
394800,쓰리빌리언,매출 구성,Full Service,86.3,반기보고서 (2026.06),2026-08-13
394800,쓰리빌리언,매출 구성,소프트웨어 구독(SaaS형),6.6,반기보고서 (2026.06),2026-08-13
394800,쓰리빌리언,매출 구성,특정 질환 진단 지원,6,반기보고서 (2026.06),2026-08-13
394800,쓰리빌리언,매출 구성,데이터 기반 진단 검사,1.2,반기보고서 (2026.06),2026-08-13
177900,쓰리에이로직스,매출 구성,NFC 사업부문,100,반기보고서 (2026.06),2026-08-14
475400,씨메스로보틱스,매출 구성,지능형 로봇 솔루션,84.5,반기보고서 (2026.06),2026-08-13
475400,씨메스로보틱스,매출 구성,인스펙션솔루션,9.2,반기보고서 (2026.06),2026-08-13
475400,씨메스로보틱스,매출 구성,유통,6.3,반기보고서 (2026.06),2026-08-13
066790,씨씨에스,매출 구성,방송매출,54.3,반기보고서 (2026.06),2026-08-07
066790,씨씨에스,매출 구성,광고매출,24.5,반기보고서 (2026.06),2026-08-07
066790,씨씨에스,매출 구성,인터넷매출,12.5,반기보고서 (2026.06),2026-08-07
066790,씨씨에스,매출 구성,기타매출,8.2,반기보고서 (2026.06),2026-08-07
066790,씨씨에스,매출 구성,그 밖,0.6,반기보고서 (2026.06),2026-08-07
004920,씨아이테크,매출 구성,IT사업,81.4,반기보고서 (2026.06),2026-08-14
004920,씨아이테크,매출 구성,기타유통및임대사업,18.6,반기보고서 (2026.06),2026-08-14
236030,씨알푸드,매출 구성,시리얼,100,사업보고서 (2025.12),2026-03-27
245450,씨앤에스링크,매출 구성,IoT Device,60.9,사업보고서 (2025.12),2026-03-19
245450,씨앤에스링크,매출 구성,블랙박스,21.3,사업보고서 (2025.12),2026-03-19
245450,씨앤에스링크,매출 구성,내비게이션,7.7,사업보고서 (2025.12),2026-03-19
245450,씨앤에스링크,매출 구성,상품매출,5.2,사업보고서 (2025.12),2026-03-19
245450,씨앤에스링크,매출 구성,그 밖,4.9,사업보고서 (2025.12),2026-03-19
032040,씨앤에스자산관리,매출 구성,아웃소싱,47.9,반기보고서 (2026.06),2026-08-14
032040,씨앤에스자산관리,매출 구성,파킹BIZ부문,30.6,반기보고서 (2026.06),2026-08-14
032040,씨앤에스자산관리,매출 구성,민자부문,21.3,반기보고서 (2026.06),2026-08-14
032040,씨앤에스자산관리,매출 구성,지원부문(임대),0.1,반기보고서 (2026.06),2026-08-14
352700,씨앤투스,매출 구성,공기청정기용 필터,43.5,반기보고서 (2026.06),2026-08-14
352700,씨앤투스,매출 구성,정수기 필터,13.4,반기보고서 (2026.06),2026-08-14
352700,씨앤투스,매출 구성,진공청소기 필터,10.2,반기보고서 (2026.06),2026-08-14
352700,씨앤투스,매출 구성,산업용 마스크,9.5,반기보고서 (2026.06),2026-08-14
352700,씨앤투스,매출 구성,그 밖,23.4,반기보고서 (2026.06),2026-08-14
297090,씨에스베어링,매출 구성,베어링 外,98.4,반기보고서 (2026.06),2026-08-14
297090,씨에스베어링,매출 구성,상품 外,1.6,반기보고서 (2026.06),2026-08-14
112610,씨에스윈드,매출 구성,풍력타워 제조,84.2,반기보고서 (2026.06),2026-08-14
112610,씨에스윈드,매출 구성,해상풍력 하부구조물,15.8,반기보고서 (2026.06),2026-08-14
286000,씨엔티드림,사업 구성,ODM,98.3,[기재정정]사업보고서 (2020.12),2025-08-19
286000,씨엔티드림,사업 구성,자체브랜드,1.7,[기재정정]사업보고서 (2020.12),2025-08-19
115530,씨엔플러스,매출 구성,공사수익,55.7,[기재정정]사업보고서 (2025.12),2026-08-21
115530,씨엔플러스,매출 구성,제품매출,31,[기재정정]사업보고서 (2025.12),2026-08-21
115530,씨엔플러스,매출 구성,상품매출,6.2,[기재정정]사업보고서 (2025.12),2026-08-21
115530,씨엔플러스,매출 구성,기타매출,4.6,[기재정정]사업보고서 (2025.12),2026-08-21
115530,씨엔플러스,매출 구성,그 밖,2.4,[기재정정]사업보고서 (2025.12),2026-08-21
388210,씨엠티엑스,매출 구성,Silicon parts,96.2,[기재정정]반기보고서 (2026.06),2026-08-14
388210,씨엠티엑스,매출 구성,기타,3.2,[기재정정]반기보고서 (2026.06),2026-08-14
388210,씨엠티엑스,매출 구성,Ceramic Parts,0.4,[기재정정]반기보고서 (2026.06),2026-08-14
388210,씨엠티엑스,매출 구성,Sapphire Parts,0.3,[기재정정]반기보고서 (2026.06),2026-08-14
376290,씨유테크,매출 구성,FPCA,98,반기보고서 (2026.06),2026-08-13
376290,씨유테크,매출 구성,PCA(*),2,반기보고서 (2026.06),2026-08-13
189330,씨이랩,매출 구성,AI Infra,65.1,반기보고서 (2026.06),2026-08-13
189330,씨이랩,매출 구성,Digital twin,23.9,반기보고서 (2026.06),2026-08-13
189330,씨이랩,매출 구성,Vision AI,11,반기보고서 (2026.06),2026-08-13
096530,씨젠,매출 구성,국내 매출,56.1,반기보고서 (2026.06),2026-08-14
096530,씨젠,매출 구성,해외 매출,43.9,반기보고서 (2026.06),2026-08-14
480370,씨케이솔루션,매출 구성,드라이룸,74.3,반기보고서 (2026.06),2026-08-14
480370,씨케이솔루션,매출 구성,기타,16.4,반기보고서 (2026.06),2026-08-14
480370,씨케이솔루션,매출 구성,클린룸,9.4,반기보고서 (2026.06),2026-08-14
101240,씨큐브,매출 구성,자동차용,44.1,반기보고서 (2026.06),2026-08-14
101240,씨큐브,매출 구성,화장품용,34.8,반기보고서 (2026.06),2026-08-14
101240,씨큐브,매출 구성,산업용,20.3,반기보고서 (2026.06),2026-08-14
101240,씨큐브,매출 구성,알루미늄 페이스트,0.6,반기보고서 (2026.06),2026-08-14
101240,씨큐브,매출 구성,그 밖,0.1,반기보고서 (2026.06),2026-08-14
308170,씨티알모빌리티,매출 구성,구동부분,58.9,반기보고서 (2026.06),2026-08-14
308170,씨티알모빌리티,매출 구성,현가부분,40.9,반기보고서 (2026.06),2026-08-14
308170,씨티알모빌리티,매출 구성,기타,0.2,반기보고서 (2026.06),2026-08-14
013990,아가방컴퍼니,매출 구성,국내영업,97.7,반기보고서 (2026.06),2026-08-14
013990,아가방컴퍼니,매출 구성,해외영업,2.3,반기보고서 (2026.06),2026-08-14
175140,아고스,매출 구성,제품매출,75.4,반기보고서 (2026.06),2026-08-14
175140,아고스,매출 구성,유통매출,19.4,반기보고서 (2026.06),2026-08-14
175140,아고스,매출 구성,기타매출,5.1,반기보고서 (2026.06),2026-08-14
175140,아고스,매출 구성,영상컨텐츠매출,0.1,반기보고서 (2026.06),2026-08-14
123860,아나패스,매출 구성,OLED향,95.2,반기보고서 (2026.06),2026-08-14
123860,아나패스,매출 구성,용역매출등,4.8,반기보고서 (2026.06),2026-08-14
025980,아난티,매출 구성,플랫폼 운영,92.5,반기보고서 (2026.06),2026-08-14
025980,아난티,매출 구성,플랫폼 개발(분양),7.5,반기보고서 (2026.06),2026-08-14
008700,아남전자,매출 구성,Audio제품,93.5,반기보고서 (2026.06),2026-08-11
008700,아남전자,매출 구성,기타,6.5,반기보고서 (2026.06),2026-08-11
008700,아남전자,매출 구성,Audio부품,0,반기보고서 (2026.06),2026-08-11
0015N0,아로마티카,매출 구성,헤어&스칼프,61.6,[기재정정]반기보고서 (2026.06),2026-08-18
0015N0,아로마티카,매출 구성,스킨&바디,38.4,[기재정정]반기보고서 (2026.06),2026-08-18
290690,아리바이오홀딩스,매출 구성,조명사업부문,61.5,반기보고서 (2026.06),2026-08-14
290690,아리바이오홀딩스,매출 구성,시공사업부문,38.5,반기보고서 (2026.06),2026-08-14
125210,아모그린텍,매출 구성,첨단 소재,99.4,반기보고서 (2026.06),2026-08-14
125210,아모그린텍,매출 구성,기타,0.6,반기보고서 (2026.06),2026-08-14
125210,아모그린텍,매출 구성,에너지 환경,0,반기보고서 (2026.06),2026-08-14
125210,아모그린텍,매출 구성,기능성 소재 부품,0,반기보고서 (2026.06),2026-08-14
090430,아모레퍼시픽,매출 구성,화장품 사업부문,89.5,사업보고서 (2024.12),2025-03-17
090430,아모레퍼시픽,매출 구성,DB(Daily Beauty) 사업부문,10.5,사업보고서 (2024.12),2025-03-17
002790,아모레퍼시픽홀딩스,매출 구성,화장품사업부문,95.5,반기보고서 (2026.06),2026-08-14
002790,아모레퍼시픽홀딩스,매출 구성,기타사업부문,4.5,반기보고서 (2026.06),2026-08-14
052710,아모텍,매출 구성,안테나 부문,39.8,반기보고서 (2026.06),2026-08-14
052710,아모텍,매출 구성,모터 부문,35.2,반기보고서 (2026.06),2026-08-14
052710,아모텍,매출 구성,EMC 부문,21.7,반기보고서 (2026.06),2026-08-14
052710,아모텍,매출 구성,기타전자부품 부문,3.3,반기보고서 (2026.06),2026-08-14
074430,아미노로직스,매출 구성,아미노산 부문,80.8,반기보고서 (2026.06),2026-08-14
074430,아미노로직스,매출 구성,원료의약품 부문,19.2,반기보고서 (2026.06),2026-08-14
083930,아바코,매출 구성,진공,76.2,[기재정정]사업보고서 (2025.12),2026-06-08
083930,아바코,매출 구성,자동화 System,10,[기재정정]사업보고서 (2025.12),2026-06-08
083930,아바코,매출 구성,전용기,6.2,[기재정정]사업보고서 (2025.12),2026-06-08
083930,아바코,매출 구성,컨버팅머신,5.5,[기재정정]사업보고서 (2025.12),2026-06-08
083930,아바코,매출 구성,그 밖,2.2,[기재정정]사업보고서 (2025.12),2026-06-08
002030,아세아,매출 구성,시멘트부문,50.6,반기보고서 (2026.06),2026-08-14
002030,아세아,매출 구성,제지부문,46.1,반기보고서 (2026.06),2026-08-14
002030,아세아,매출 구성,기타부문,3.3,반기보고서 (2026.06),2026-08-14
002310,아세아제지,매출 구성,수량,88.9,반기보고서 (2026.06),2026-08-14
002310,아세아제지,매출 구성,금액,11.1,반기보고서 (2026.06),2026-08-14
136410,아셈스,매출 구성,이형지필름,41.6,반기보고서 (2026.06),2026-08-14
136410,아셈스,매출 구성,무이형지필름,30.8,반기보고서 (2026.06),2026-08-14
136410,아셈스,매출 구성,썬루프원단,20.6,반기보고서 (2026.06),2026-08-14
136410,아셈스,매출 구성,래미네이션,6.3,반기보고서 (2026.06),2026-08-14
136410,아셈스,매출 구성,그 밖,0.7,반기보고서 (2026.06),2026-08-14
450950,아스테라시스,매출 구성,미용의료기기,97.9,반기보고서 (2026.06),2026-08-14
450950,아스테라시스,매출 구성,"미용기기,스킨케어 등 기타",2.1,반기보고서 (2026.06),2026-08-14
159010,아스플로,매출 구성,튜브 / 파이프,56.1,반기보고서 (2026.06),2026-08-13
159010,아스플로,매출 구성,밸브 / 레귤레이터,23.2,반기보고서 (2026.06),2026-08-13
159010,아스플로,매출 구성,피팅,11.9,반기보고서 (2026.06),2026-08-13
159010,아스플로,매출 구성,디퓨저 / 필터,4.7,반기보고서 (2026.06),2026-08-13
159010,아스플로,매출 구성,그 밖,4.1,반기보고서 (2026.06),2026-08-13
127710,아시아경제,매출 구성,광고사업,80.6,반기보고서 (2026.06),2026-08-14
127710,아시아경제,매출 구성,광고사업외,19.4,반기보고서 (2026.06),2026-08-14
020560,아시아나항공,매출 구성,항공운송,93.8,반기보고서 (2026.06),2026-08-13
020560,아시아나항공,매출 구성,항공운송지원서비스,3.4,반기보고서 (2026.06),2026-08-13
020560,아시아나항공,매출 구성,정보통신,2.6,반기보고서 (2026.06),2026-08-13
020560,아시아나항공,매출 구성,기타,0.2,반기보고서 (2026.06),2026-08-13
267850,아시아나IDT,매출 구성,운영유지보수,79.7,반기보고서 (2026.06),2026-08-12
267850,아시아나IDT,매출 구성,컨설팅/SI 등,20.3,반기보고서 (2026.06),2026-08-12
154030,아시아종묘,매출 구성,종자,90.9,사업보고서 (2025.12),2026-03-20
154030,아시아종묘,매출 구성,상품,9,사업보고서 (2025.12),2026-03-20
154030,아시아종묘,매출 구성,용역,0.1,사업보고서 (2025.12),2026-03-20
331740,아우토크립트,매출 구성,용역,59.3,반기보고서 (2026.06),2026-08-14
331740,아우토크립트,매출 구성,솔루션,27.5,반기보고서 (2026.06),2026-08-14
331740,아우토크립트,매출 구성,로열티,13.3,반기보고서 (2026.06),2026-08-14
143160,아이디스,매출 구성,영상보안,100,반기보고서 (2026.06),2026-08-14
066430,아이로보틱스,매출 구성,유통사업부,67.2,반기보고서 (2026.06),2026-08-14
066430,아이로보틱스,매출 구성,PE 제조,28.5,반기보고서 (2026.06),2026-08-14
066430,아이로보틱스,매출 구성,자동차 부품가공,3.9,반기보고서 (2026.06),2026-08-14
066430,아이로보틱스,매출 구성,태양광발전,0.4,반기보고서 (2026.06),2026-08-14
122900,아이마켓코리아,매출 구성,산업재 B2B전자상거래업,72.3,반기보고서 (2026.06),2026-08-14
122900,아이마켓코리아,매출 구성,의약품 및의료용품 도매업,23.7,반기보고서 (2026.06),2026-08-14
122900,아이마켓코리아,매출 구성,기타,4,반기보고서 (2026.06),2026-08-14
339950,아이비김영,매출 구성,편입사업부문,60.8,반기보고서 (2026.06),2026-08-14
339950,아이비김영,매출 구성,뷰티사업부문,20.5,반기보고서 (2026.06),2026-08-14
339950,아이비김영,매출 구성,기타사업부문,18.8,반기보고서 (2026.06),2026-08-14
469750,아이비젼웍스,매출 구성,이차전지검사시스템Setup 및 CS,80.1,반기보고서 (2026.06),2026-08-14
469750,아이비젼웍스,매출 구성,이차전지검사시스템,18.8,반기보고서 (2026.06),2026-08-14
469750,아이비젼웍스,매출 구성,임대매출,1.1,반기보고서 (2026.06),2026-08-14
460470,아이빔테크놀로지,매출 구성,생체현미경,91.4,반기보고서 (2026.06),2026-08-13
460470,아이빔테크놀로지,매출 구성,기타,4.5,반기보고서 (2026.06),2026-08-13
460470,아이빔테크놀로지,매출 구성,CRO서비스,3.5,반기보고서 (2026.06),2026-08-13
460470,아이빔테크놀로지,매출 구성,이미징액세서리,0.6,반기보고서 (2026.06),2026-08-13
099190,아이센스,매출 구성,혈당측정기,92.2,반기보고서 (2026.06),2026-08-14
099190,아이센스,매출 구성,기타,4.6,반기보고서 (2026.06),2026-08-14
099190,아이센스,매출 구성,기타 바이오센서,1.7,반기보고서 (2026.06),2026-08-14
099190,아이센스,매출 구성,당화혈색소,1.1,반기보고서 (2026.06),2026-08-14
099190,아이센스,매출 구성,그 밖,0.5,반기보고서 (2026.06),2026-08-14
461300,아이스크림미디어,매출 구성,LTM 매출액,90.8,반기보고서 (2026.06),2026-08-14
461300,아이스크림미디어,매출 구성,분기 매출액,9.2,반기보고서 (2026.06),2026-08-14
461300,아이스크림미디어,매출 구성,변동율(%),0,반기보고서 (2026.06),2026-08-14
289010,아이스크림에듀,매출 구성,"제품주1,2)",99,반기보고서 (2026.06),2026-08-13
289010,아이스크림에듀,매출 구성,"기타매출주2,3)",1,반기보고서 (2026.06),2026-08-13
214430,아이쓰리시스템,매출 구성,적외선영상센서,97.1,반기보고서 (2026.06),2026-08-13
214430,아이쓰리시스템,매출 구성,엑스레이영상센서,1.8,반기보고서 (2026.06),2026-08-13
214430,아이쓰리시스템,매출 구성,기타,0.5,반기보고서 (2026.06),2026-08-13
214430,아이쓰리시스템,매출 구성,A/S,0.4,반기보고서 (2026.06),2026-08-13
214430,아이쓰리시스템,매출 구성,그 밖,0.1,반기보고서 (2026.06),2026-08-13
368600,아이씨에이치,매출 구성,테이프/필름,55.3,반기보고서 (2026.06),2026-08-14
368600,아이씨에이치,매출 구성,가스켓,19.7,반기보고서 (2026.06),2026-08-14
368600,아이씨에이치,매출 구성,MFA,17.9,반기보고서 (2026.06),2026-08-14
368600,아이씨에이치,매출 구성,기타,7,반기보고서 (2026.06),2026-08-14
456010,아이씨티케이,매출 구성,솔루션등개발용역,65.2,반기보고서 (2026.06),2026-08-14
456010,아이씨티케이,매출 구성,보안칩,31.8,반기보고서 (2026.06),2026-08-14
456010,아이씨티케이,매출 구성,보안모듈 /디바이스,3,반기보고서 (2026.06),2026-08-14
052860,아이앤씨,매출 구성,SS사업팀_MS사업,67.5,반기보고서 (2026.06),2026-08-14
052860,아이앤씨,매출 구성,SS사업_SE사업,27.4,반기보고서 (2026.06),2026-08-14
052860,아이앤씨,매출 구성,임대수입등,3.3,반기보고서 (2026.06),2026-08-14
052860,아이앤씨,매출 구성,AE사업,1.9,반기보고서 (2026.06),2026-08-14
010780,아이에스동서,매출 구성,환경,69.4,반기보고서 (2026.06),2026-08-12
010780,아이에스동서,매출 구성,콘크리트,13.1,반기보고서 (2026.06),2026-08-12
010780,아이에스동서,매출 구성,건설,12.7,반기보고서 (2026.06),2026-08-12
010780,아이에스동서,매출 구성,기타,4.8,반기보고서 (2026.06),2026-08-12
212710,아이에스티이,매출 구성,장비사업,96.5,반기보고서 (2026.06),2026-08-13
212710,아이에스티이,매출 구성,에너지사업,3.4,반기보고서 (2026.06),2026-08-13
212710,아이에스티이,매출 구성,기타사업,0.1,반기보고서 (2026.06),2026-08-13
307180,아이엘,매출 구성,자동차전장,37.2,반기보고서 (2026.06),2026-08-12
307180,아이엘,매출 구성,모듈및램프,31.1,반기보고서 (2026.06),2026-08-12
307180,아이엘,매출 구성,조명,17.6,반기보고서 (2026.06),2026-08-12
307180,아이엘,매출 구성,ICT,12.2,반기보고서 (2026.06),2026-08-12
307180,아이엘,매출 구성,그 밖,1.9,반기보고서 (2026.06),2026-08-12
403810,아이엘로보틱스,사업 구성,IoT 제어 시스템,69.5,사업보고서 (2025.12),2026-03-20
403810,아이엘로보틱스,사업 구성,스마트터널제어 시스템,28.2,사업보고서 (2025.12),2026-03-20
403810,아이엘로보틱스,사업 구성,미세먼지측정 시스템,2.3,사업보고서 (2025.12),2026-03-20
005270,아이엠뱅크,사업 구성,마케팅본부,81.3,반기보고서 (2026.06),2026-08-14
005270,아이엠뱅크,사업 구성,자금시장본부,18.7,반기보고서 (2026.06),2026-08-14
451220,아이엠티,매출 구성,소재ㆍ부품,69.8,반기보고서 (2026.06),2026-08-14
451220,아이엠티,매출 구성,장비,30.2,반기보고서 (2026.06),2026-08-14
090150,아이윈,매출 구성,현대자동차,66.4,반기보고서 (2026.06),2026-08-14
090150,아이윈,매출 구성,기아자동차,32.4,반기보고서 (2026.06),2026-08-14
090150,아이윈,매출 구성,기타,0.8,반기보고서 (2026.06),2026-08-14
090150,아이윈,매출 구성,르노코리아자동차,0.3,반기보고서 (2026.06),2026-08-14
031310,아이즈비전,매출 구성,정보통신제조,56.1,반기보고서 (2026.06),2026-08-14
031310,아이즈비전,매출 구성,모바일사업,35.5,반기보고서 (2026.06),2026-08-14
031310,아이즈비전,매출 구성,환경안전사업,4.6,반기보고서 (2026.06),2026-08-14
031310,아이즈비전,매출 구성,HMR/콘텐츠사업,3.8,반기보고서 (2026.06),2026-08-14
462980,아이지넷,매출 구성,B2C,93.5,반기보고서 (2026.06),2026-08-20
462980,아이지넷,매출 구성,B2B,6.5,반기보고서 (2026.06),2026-08-20
185490,아이진,매출 구성,상품매출,69.6,사업보고서 (2025.12),2026-03-19
185490,아이진,매출 구성,기술료수입,30.3,사업보고서 (2025.12),2026-03-19
185490,아이진,매출 구성,용역수입,0.1,사업보고서 (2025.12),2026-03-19
185490,아이진,매출 구성,기타매출,0,사업보고서 (2025.12),2026-03-19
059100,아이컴포넌트,매출 구성,"COATED(COP,PET)",82.3,반기보고서 (2026.06),2026-08-11
059100,아이컴포넌트,매출 구성,PC,8.9,반기보고서 (2026.06),2026-08-11
059100,아이컴포넌트,매출 구성,"COATED(PC,PMMA)",5.9,반기보고서 (2026.06),2026-08-11
059100,아이컴포넌트,매출 구성,PMMA,2.4,반기보고서 (2026.06),2026-08-11
059100,아이컴포넌트,매출 구성,그 밖,0.5,반기보고서 (2026.06),2026-08-11
149010,아이케이세미콘,사업 구성,AUTOMOTIVE,28.1,사업보고서 (2025.12),2026-03-23
149010,아이케이세미콘,사업 구성,기타제품,21.3,사업보고서 (2025.12),2026-03-23
149010,아이케이세미콘,사업 구성,TR ARRAY,18.9,사업보고서 (2025.12),2026-03-23
149010,아이케이세미콘,사업 구성,전화기홈오토메이션,12.9,사업보고서 (2025.12),2026-03-23
149010,아이케이세미콘,사업 구성,그 밖,18.8,사업보고서 (2025.12),2026-03-23
262840,아이퀘스트,매출 구성,IT 컨설팅,97.9,반기보고서 (2026.06),2026-08-12
262840,아이퀘스트,매출 구성,B2B 소프트웨어,2.1,반기보고서 (2026.06),2026-08-12
175250,아이큐어,매출 구성,화장품,86.2,반기보고서 (2026.06),2026-08-14
175250,아이큐어,매출 구성,제약,13.8,반기보고서 (2026.06),2026-08-14
052460,아이크래프트,매출 구성,인터넷핵심망외,100,반기보고서 (2026.06),2026-08-14
119830,아이텍,매출 구성,반도체 테스트,80.4,반기보고서 (2026.06),2026-08-14
119830,아이텍,매출 구성,반도체 인프라콜드체인,14.2,반기보고서 (2026.06),2026-08-14
119830,아이텍,매출 구성,개발매출,5,반기보고서 (2026.06),2026-08-14
119830,아이텍,매출 구성,기타,0.3,반기보고서 (2026.06),2026-08-14
052770,아이톡시,매출 구성,중단사업부문-해외유통,86,반기보고서 (2026.06),2026-08-14
052770,아이톡시,매출 구성,중단사업부문-기타,14,반기보고서 (2026.06),2026-08-14
124500,아이티센글로벌,매출 구성,웹3,91,반기보고서 (2026.06),2026-08-13
124500,아이티센글로벌,매출 구성,IT서비스,9,반기보고서 (2026.06),2026-08-13
124500,아이티센글로벌,매출 구성,경영·투자,0,반기보고서 (2026.06),2026-08-13
010280,아이티센엔텍,매출 구성,IT 서비스 부문(클라우드 외),64.9,반기보고서 (2026.06),2026-08-13
010280,아이티센엔텍,매출 구성,클라우드,35.1,반기보고서 (2026.06),2026-08-13
243870,아이티센코어,사업 구성,Total,33.3,[기재정정]사업보고서 (2025.12),2026-07-31
243870,아이티센코어,사업 구성,ITO,23.2,[기재정정]사업보고서 (2025.12),2026-07-31
243870,아이티센코어,사업 구성,EVC,22,[기재정정]사업보고서 (2025.12),2026-07-31
243870,아이티센코어,사업 구성,ERP,13,[기재정정]사업보고서 (2025.12),2026-07-31
243870,아이티센코어,사업 구성,그 밖,8.5,[기재정정]사업보고서 (2025.12),2026-07-31
232830,아이티센피엔에스,매출 구성,[대신증권/SI] 안면인식 시스템 구축,100,사업보고서 (2025.12),2026-03-18
084850,아이티엠반도체,매출 구성,부품 부문,59.4,반기보고서 (2026.06),2026-08-14
084850,아이티엠반도체,매출 구성,SET 부문,40.6,반기보고서 (2026.06),2026-08-14
084850,아이티엠반도체,매출 구성,임대 매출,0,반기보고서 (2026.06),2026-08-14
309710,아이티켐,매출 구성,의약품중간체,50.7,반기보고서 (2026.06),2026-08-28
309710,아이티켐,매출 구성,기타,30.5,반기보고서 (2026.06),2026-08-28
309710,아이티켐,매출 구성,원료의약품,9.1,반기보고서 (2026.06),2026-08-28
309710,아이티켐,매출 구성,OPC,6,반기보고서 (2026.06),2026-08-28
309710,아이티켐,매출 구성,그 밖,3.8,반기보고서 (2026.06),2026-08-28
114840,아이패밀리에스씨,매출 구성,화장품사업부,95.1,반기보고서 (2026.06),2026-08-13
114840,아이패밀리에스씨,매출 구성,화장품사업부 외(웨딩/리빙/App),4.9,반기보고서 (2026.06),2026-08-13
139990,아주스틸,매출 구성,철강부문,100,반기보고서 (2026.06),2026-08-14
032080,아즈텍WB,매출 구성,직물,65.4,반기보고서 (2026.06),2026-08-14
032080,아즈텍WB,매출 구성,의류,30.9,반기보고서 (2026.06),2026-08-14
032080,아즈텍WB,매출 구성,임가공,3.7,반기보고서 (2026.06),2026-08-14
013310,아진산업,매출 구성,자동차차체부품,100,반기보고서 (2026.06),2026-08-14
059120,아진엑스텍,매출 구성,직접매출,66.7,반기보고서 (2026.06),2026-08-13
059120,아진엑스텍,매출 구성,대리점매출,33.3,반기보고서 (2026.06),2026-08-13
009320,아진전자부품,매출 구성,내수부문,93.5,반기보고서 (2026.06),2026-08-14
009320,아진전자부품,매출 구성,수출부문,6.5,반기보고서 (2026.06),2026-08-14
203690,아크솔루션스,매출 구성,생활건강사업,86.4,반기보고서 (2026.06),2026-08-24
203690,아크솔루션스,매출 구성,유통(주유소),13.6,반기보고서 (2026.06),2026-08-24
158430,아톤,매출 구성,연결매출,46.5,반기보고서 (2026.06),2026-08-14
158430,아톤,매출 구성,핀테크 보안 솔루션,27.2,반기보고서 (2026.06),2026-08-14
158430,아톤,매출 구성,핀테크 플랫폼,20.4,반기보고서 (2026.06),2026-08-14
158430,아톤,매출 구성,스마트금융,4.6,반기보고서 (2026.06),2026-08-14
158430,아톤,매출 구성,그 밖,1.4,반기보고서 (2026.06),2026-08-14
297570,아틀라스링크,매출 구성,PHC파일(제품),53.5,반기보고서 (2026.06),2026-08-14
297570,아틀라스링크,매출 구성,OTT BOX(제품),46,반기보고서 (2026.06),2026-08-14
297570,아틀라스링크,매출 구성,기타,0.6,반기보고서 (2026.06),2026-08-14
200350,아티스트스튜디오,매출 구성,콘텐츠,96.1,반기보고서 (2026.06),2026-08-14
200350,아티스트스튜디오,매출 구성,기타,3.9,반기보고서 (2026.06),2026-08-14
321820,아티스트컴퍼니,매출 구성,연예 매니지먼트,50.2,반기보고서 (2026.06),2026-08-14
321820,아티스트컴퍼니,매출 구성,애드테크(Ad-Tech)플랫폼,22.2,반기보고서 (2026.06),2026-08-14
321820,아티스트컴퍼니,매출 구성,콘텐츠 제작/배급,16.1,반기보고서 (2026.06),2026-08-14
321820,아티스트컴퍼니,매출 구성,사업구분,10.9,반기보고서 (2026.06),2026-08-14
321820,아티스트컴퍼니,매출 구성,그 밖,0.7,반기보고서 (2026.06),2026-08-14
001540,안국약품,매출 구성,의약품,90.3,반기보고서 (2026.06),2026-08-14
001540,안국약품,매출 구성,헬스&뷰티,9.1,반기보고서 (2026.06),2026-08-14
001540,안국약품,매출 구성,기타,0.6,반기보고서 (2026.06),2026-08-14
065660,안트로젠,매출 구성,레모둘린등,96.9,반기보고서 (2026.06),2026-08-14
065660,안트로젠,매출 구성,"큐피스템,줄기세포화장품 등",3.1,반기보고서 (2026.06),2026-08-14
065660,안트로젠,매출 구성,기타매출,0,반기보고서 (2026.06),2026-08-14
260660,알리코제약,매출 구성,의약품,84.8,반기보고서 (2026.06),2026-08-14
260660,알리코제약,매출 구성,의약외품,15.2,반기보고서 (2026.06),2026-08-14
361570,알비더블유,매출 구성,음원음반영상 저작권리매출,39.7,반기보고서 (2026.06),2026-08-14
361570,알비더블유,매출 구성,매니지먼트매출,20.5,반기보고서 (2026.06),2026-08-14
361570,알비더블유,매출 구성,기타매출,16.7,반기보고서 (2026.06),2026-08-14
361570,알비더블유,매출 구성,제작대행매출,13.1,반기보고서 (2026.06),2026-08-14
361570,알비더블유,매출 구성,그 밖,10.1,반기보고서 (2026.06),2026-08-14
131370,알서포트,매출 구성,RemoteCall 제품군,57.5,사업보고서 (2024.12),2025-03-20
131370,알서포트,매출 구성,RemoteView,34.7,사업보고서 (2024.12),2025-03-20
131370,알서포트,매출 구성,기타,7.8,사업보고서 (2024.12),2025-03-20
140670,알에스오토메이션,매출 구성,로봇모션제어기,70.6,사업보고서 (2025.12),2026-03-20
140670,알에스오토메이션,매출 구성,에너지 제어장치,29.4,사업보고서 (2025.12),2026-03-20
096610,알에프세미,매출 구성,반도체,91.2,반기보고서 (2026.06),2026-08-14
096610,알에프세미,매출 구성,LED 조명,6.6,반기보고서 (2026.06),2026-08-14
096610,알에프세미,매출 구성,기타,2.2,반기보고서 (2026.06),2026-08-14
061040,알에프텍,매출 구성,무선통신응용장치,79.1,반기보고서 (2026.06),2026-08-14
061040,알에프텍,매출 구성,장비(COATER/VCD 장비 외),20.9,반기보고서 (2026.06),2026-08-14
123010,알엔티엑스,매출 구성,모바일 카메라모듈용 정밀부품 도장,76.1,반기보고서 (2026.06),2026-08-14
123010,알엔티엑스,매출 구성,이미지센서 패키징,12.5,반기보고서 (2026.06),2026-08-14
123010,알엔티엑스,매출 구성,자동차 부품,9.7,반기보고서 (2026.06),2026-08-14
123010,알엔티엑스,매출 구성,개발 용역,1.6,반기보고서 (2026.06),2026-08-14
347860,알체라,매출 구성,Solution,61.6,반기보고서 (2026.06),2026-08-14
347860,알체라,매출 구성,Data,32.6,반기보고서 (2026.06),2026-08-14
347860,알체라,매출 구성,이상상황 감지,5.8,반기보고서 (2026.06),2026-08-14
196170,알테오젠,매출 구성,기술용역매출,87.4,[첨부추가]반기보고서 (2026.06),2026-08-14
196170,알테오젠,매출 구성,상품 매출,12.1,[첨부추가]반기보고서 (2026.06),2026-08-14
196170,알테오젠,매출 구성,제품 매출,0.5,[첨부추가]반기보고서 (2026.06),2026-08-14
196170,알테오젠,매출 구성,품 목/프로젝트,0,[첨부추가]반기보고서 (2026.06),2026-08-14
123750,알톤,매출 구성,전기자전거등,85.6,반기보고서 (2026.06),2026-08-14
123750,알톤,매출 구성,보수용부품등,14.4,반기보고서 (2026.06),2026-08-14
459550,알트,매출 구성,모바일,87,반기보고서 (2026.06),2026-08-14
459550,알트,매출 구성,미디어,12.5,반기보고서 (2026.06),2026-08-14
459550,알트,매출 구성,기타,0.4,반기보고서 (2026.06),2026-08-14
459550,알트,매출 구성,용역,0.1,반기보고서 (2026.06),2026-08-14
085810,알티캐스트,매출 구성,공사매출,93.6,반기보고서 (2026.06),2026-08-14
085810,알티캐스트,매출 구성,SW Quality Insight,4.7,반기보고서 (2026.06),2026-08-14
085810,알티캐스트,매출 구성,미디어,1.6,반기보고서 (2026.06),2026-08-14
117670,알파칩스,매출 구성,Design service,82.7,반기보고서 (2026.06),2026-08-12
117670,알파칩스,매출 구성,Mixed Signal,17.3,반기보고서 (2026.06),2026-08-12
043100,알파AI,매출 구성,메디칼,94.9,반기보고서 (2026.06),2026-08-14
043100,알파AI,매출 구성,헬스케어(*),5.1,반기보고서 (2026.06),2026-08-14
314140,알피바이오,매출 구성,건강기능식품,56,반기보고서 (2026.06),2026-08-14
314140,알피바이오,매출 구성,의약품,43.9,반기보고서 (2026.06),2026-08-14
314140,알피바이오,매출 구성,기초제작비등,0.1,반기보고서 (2026.06),2026-08-14
314140,알피바이오,매출 구성,원부자재등,0,반기보고서 (2026.06),2026-08-14
293780,압타바이오,매출 구성,신사업부문,98.9,반기보고서 (2026.06),2026-08-14
293780,압타바이오,매출 구성,연구개발부문,1.1,반기보고서 (2026.06),2026-08-14
161000,애경케미칼,매출 구성,기초화학사업부문,52.5,반기보고서 (2026.06),2026-08-14
161000,애경케미칼,매출 구성,생활화학사업부문,26,반기보고서 (2026.06),2026-08-14
161000,애경케미칼,매출 구성,합성수지사업부문,20.6,반기보고서 (2026.06),2026-08-14
161000,애경케미칼,매출 구성,기타,0.9,반기보고서 (2026.06),2026-08-14
390110,애니메디솔루션,매출 구성,코스메틱AI (이노핏),52.6,사업보고서 (2025.12),2026-03-24
390110,애니메디솔루션,매출 구성,"메디컬AI (수술가이드,시뮬레이터외)",40.8,사업보고서 (2025.12),2026-03-24
390110,애니메디솔루션,매출 구성,기타,6.7,사업보고서 (2025.12),2026-03-24
310200,애니플러스,매출 구성,키즈애니,82.2,반기보고서 (2026.06),2026-08-14
310200,애니플러스,매출 구성,성인(유스)애니,17.8,반기보고서 (2026.06),2026-08-14
299910,애닉,매출 구성,당분기말,93.5,분기보고서 (2024.09),2024-11-14
299910,애닉,매출 구성,전기말,6.5,분기보고서 (2024.09),2024-11-14
179530,애드바이오텍,매출 구성,동아시아,55.8,반기보고서 (2026.06),2026-08-14
179530,애드바이오텍,매출 구성,동남아시아등,44.2,반기보고서 (2026.06),2026-08-14
397810,애드포러스,매출 구성,광고 플랫폼,87.6,반기보고서 (2026.06),2026-08-14
397810,애드포러스,매출 구성,브랜드 전략,8.7,반기보고서 (2026.06),2026-08-14
397810,애드포러스,매출 구성,광고대행,3.3,반기보고서 (2026.06),2026-08-14
397810,애드포러스,매출 구성,임대사업,0.4,반기보고서 (2026.06),2026-08-14
0011A0,액스비스,매출 구성,AXWELD,69.6,반기보고서 (2026.06),2026-08-14
0011A0,액스비스,매출 구성,AXSURF,23,반기보고서 (2026.06),2026-08-14
0011A0,액스비스,매출 구성,AXHEAT,6.2,반기보고서 (2026.06),2026-08-14
0011A0,액스비스,매출 구성,AXCUT,0.4,반기보고서 (2026.06),2026-08-14
0011A0,액스비스,매출 구성,그 밖,0.7,반기보고서 (2026.06),2026-08-14
052790,액토즈소프트,매출 구성,게임운영,49.3,반기보고서 (2026.06),2026-08-14
052790,액토즈소프트,매출 구성,로열티,47,반기보고서 (2026.06),2026-08-14
052790,액토즈소프트,매출 구성,기타,3.7,반기보고서 (2026.06),2026-08-14
138360,앤로보틱스,매출 구성,로봇ㆍ인프라사업본부,63,반기보고서 (2026.06),2026-08-14
138360,앤로보틱스,매출 구성,자동화사업본부,37,반기보고서 (2026.06),2026-08-14
092600,앤씨앤,매출 구성,차량용블랙박스부문,96.9,반기보고서 (2026.06),2026-08-14
092600,앤씨앤,매출 구성,영상처리칩부문,3.1,반기보고서 (2026.06),2026-08-14
126870,앤에스,매출 구성,블로워사업부,90.1,반기보고서 (2026.06),2026-08-14
126870,앤에스,매출 구성,기타(용역/상품),9.9,반기보고서 (2026.06),2026-08-14
174900,앱클론,매출 구성,상품,63.1,사업보고서 (2025.12),2026-03-13
174900,앱클론,매출 구성,용역서비스,21.6,사업보고서 (2025.12),2026-03-13
174900,앱클론,매출 구성,항체의약품,15.3,사업보고서 (2025.12),2026-03-13
109960,앱토크롬,매출 구성,의약품 사업,62.7,반기보고서 (2026.06),2026-08-13
109960,앱토크롬,매출 구성,단열 사업,32.7,반기보고서 (2026.06),2026-08-13
109960,앱토크롬,매출 구성,임대 사업,4.6,반기보고서 (2026.06),2026-08-13
255440,야스,매출 구성,부품및기타,86.4,사업보고서 (2025.12),2026-03-23
255440,야스,매출 구성,증착원,13.6,사업보고서 (2025.12),2026-03-23
102120,어보브반도체,매출 구성,MCU,62.4,반기보고서 (2026.06),2026-08-14
102120,어보브반도체,매출 구성,PKG,30.2,반기보고서 (2026.06),2026-08-14
102120,어보브반도체,매출 구성,TEST,7.2,반기보고서 (2026.06),2026-08-14
102120,어보브반도체,매출 구성,기타,0.1,반기보고서 (2026.06),2026-08-14
238120,얼라인드,매출 구성,생명공학 부문,99.8,반기보고서 (2026.06),2026-08-14
238120,얼라인드,매출 구성,기타,0.2,반기보고서 (2026.06),2026-08-14
019990,에너토크,매출 구성,액츄에이터및관련장비,100,반기보고서 (2026.06),2026-08-14
011090,에넥스,매출 구성,가구제조판매,100,반기보고서 (2026.06),2026-08-14
011090,에넥스,매출 구성,매출장려금,0,반기보고서 (2026.06),2026-08-14
435570,에르코스,매출 구성,영유아식품,49,반기보고서 (2026.06),2026-08-14
435570,에르코스,매출 구성,상품매출계,34.7,반기보고서 (2026.06),2026-08-14
435570,에르코스,매출 구성,제품매출계,15.3,반기보고서 (2026.06),2026-08-14
435570,에르코스,매출 구성,대체식품,0.9,반기보고서 (2026.06),2026-08-14
435570,에르코스,매출 구성,그 밖,0.1,반기보고서 (2026.06),2026-08-14
270660,에브리봇,매출 구성,쓰리스핀,40.4,사업보고서 (2023.12),2024-03-20
270660,에브리봇,매출 구성,쓰리스핀 EVO,31.8,사업보고서 (2023.12),2024-03-20
270660,에브리봇,매출 구성,엣지2,11,사업보고서 (2023.12),2024-03-20
270660,에브리봇,매출 구성,기타,8.1,사업보고서 (2023.12),2024-03-20
270660,에브리봇,매출 구성,그 밖,8.8,사업보고서 (2023.12),2024-03-20
038680,에스넷,매출 구성,IT서비스,100,반기보고서 (2026.06),2026-08-13
137310,에스디바이오센서,매출 구성,기타 제품,40,반기보고서 (2026.06),2026-08-14
137310,에스디바이오센서,매출 구성,"기타 (상품, 용역 등)",26.5,반기보고서 (2026.06),2026-08-14
137310,에스디바이오센서,매출 구성,면역화학진단,18,반기보고서 (2026.06),2026-08-14
137310,에스디바이오센서,매출 구성,자가혈당측정,12.1,반기보고서 (2026.06),2026-08-14
137310,에스디바이오센서,매출 구성,그 밖,3.4,반기보고서 (2026.06),2026-08-14
121890,에스디시스템,매출 구성,공사,84.9,사업보고서 (2025.12),2026-03-18
121890,에스디시스템,매출 구성,용역,15.1,사업보고서 (2025.12),2026-03-18
304360,에스바이오메딕스,매출 구성,의료기기,99.8,반기보고서 (2026.06),2026-08-14
304360,에스바이오메딕스,매출 구성,줄기세포치료제,0.2,반기보고서 (2026.06),2026-08-14
389500,에스비비테크,매출 구성,베어링,52.6,반기보고서 (2026.06),2026-08-14
389500,에스비비테크,매출 구성,감속기,31.5,반기보고서 (2026.06),2026-08-14
389500,에스비비테크,매출 구성,기타,16,반기보고서 (2026.06),2026-08-14
065420,에스아이리소스,매출 구성,자원판매부문,100,반기보고서 (2026.06),2026-08-14
103230,에스앤더블류,매출 구성,선박(디젤)엔진 부품,90.6,반기보고서 (2026.06),2026-08-14
103230,에스앤더블류,매출 구성,산업부품,4.4,반기보고서 (2026.06),2026-08-14
103230,에스앤더블류,매출 구성,단조품,2.8,반기보고서 (2026.06),2026-08-14
103230,에스앤더블류,매출 구성,기타매출,2.2,반기보고서 (2026.06),2026-08-14
260970,에스앤디,매출 구성,자사제품,97.8,반기보고서 (2026.06),2026-08-14
260970,에스앤디,매출 구성,하청제품,2.2,반기보고서 (2026.06),2026-08-14
101490,에스앤에스텍,매출 구성,블랭크마스크사업,97.6,반기보고서 (2026.06),2026-08-13
101490,에스앤에스텍,매출 구성,신기술사업금융업,1.4,반기보고서 (2026.06),2026-08-13
101490,에스앤에스텍,매출 구성,바이오및과학기술서비스업,0.9,반기보고서 (2026.06),2026-08-13
095910,에스에너지,매출 구성,태양광부문,68.2,반기보고서 (2026.06),2026-08-14
095910,에스에너지,매출 구성,O&M부문,19,반기보고서 (2026.06),2026-08-14
095910,에스에너지,매출 구성,연료전지부문,12.1,반기보고서 (2026.06),2026-08-14
095910,에스에너지,매출 구성,기타,0.7,반기보고서 (2026.06),2026-08-14
275630,에스에스알,매출 구성,보안취약점솔루션,79.6,반기보고서 (2026.06),2026-08-14
275630,에스에스알,매출 구성,"기술, 관리, CSAP컨설팅",20.4,반기보고서 (2026.06),2026-08-14
031330,에스에이엠티,매출 구성,국내매출,52.9,반기보고서 (2026.06),2026-08-14
031330,에스에이엠티,매출 구성,해외매출,47.1,반기보고서 (2026.06),2026-08-14
0008Z0,에스엔시스,매출 구성,파워솔루션,48.9,반기보고서 (2026.06),2026-08-14
0008Z0,에스엔시스,매출 구성,MRO솔루션 등,19.7,반기보고서 (2026.06),2026-08-14
0008Z0,에스엔시스,매출 구성,에코솔루션,15.9,반기보고서 (2026.06),2026-08-14
0008Z0,에스엔시스,매출 구성,운항제어솔루션,15.4,반기보고서 (2026.06),2026-08-14
005850,에스엘,매출 구성,SC제일은행,50,반기보고서 (2026.06),2026-08-14
005850,에스엘,매출 구성,JP모건,50,반기보고서 (2026.06),2026-08-14
246250,에스엘에스바이오,매출 구성,SSmarTest,50,반기보고서 (2026.06),2026-08-14
246250,에스엘에스바이오,매출 구성,SSMART,50,반기보고서 (2026.06),2026-08-14
258540,에스엘테라퓨틱스,사업 구성,제품매출,49.9,사업보고서 (2024.12),2025-03-31
258540,에스엘테라퓨틱스,사업 구성,매출전체,49.9,사업보고서 (2024.12),2025-03-31
258540,에스엘테라퓨틱스,사업 구성,매출별,0.1,사업보고서 (2024.12),2025-03-31
041510,에스엠,매출 구성,엔터테인먼트,96,반기보고서 (2026.06),2026-08-14
041510,에스엠,매출 구성,광고,2.3,반기보고서 (2026.06),2026-08-14
041510,에스엠,매출 구성,기타,1.7,반기보고서 (2026.06),2026-08-14
010580,에스엠벡셀,매출 구성,자동차,57,반기보고서 (2026.06),2026-08-14
010580,에스엠벡셀,매출 구성,배터리,43,반기보고서 (2026.06),2026-08-14
460870,에스엠씨지,매출 구성,유색 초자 용기,63.4,반기보고서 (2026.06),2026-08-10
460870,에스엠씨지,매출 구성,부자재등,24.3,반기보고서 (2026.06),2026-08-10
460870,에스엠씨지,매출 구성,투명 초자 용기,12.3,반기보고서 (2026.06),2026-08-10
464080,에스오에스랩,매출 구성,모빌리티,55.6,반기보고서 (2026.06),2026-08-14
464080,에스오에스랩,매출 구성,인프라,31.5,반기보고서 (2026.06),2026-08-14
464080,에스오에스랩,매출 구성,기타,13,반기보고서 (2026.06),2026-08-14
109610,에스와이,매출 구성,패널,58.3,반기보고서 (2026.06),2026-08-14
109610,에스와이,매출 구성,기타,25.1,반기보고서 (2026.06),2026-08-14
109610,에스와이,매출 구성,데크 플레이트,12,반기보고서 (2026.06),2026-08-14
109610,에스와이,매출 구성,단열재 (보드),4.6,반기보고서 (2026.06),2026-08-14
365330,에스와이스틸텍,매출 구성,제품매출,39.1,반기보고서 (2026.06),2026-08-14
365330,에스와이스틸텍,매출 구성,상품매출,32.5,반기보고서 (2026.06),2026-08-14
365330,에스와이스틸텍,매출 구성,공사매출,28.3,반기보고서 (2026.06),2026-08-14
365330,에스와이스틸텍,매출 구성,기타매출,0.1,반기보고서 (2026.06),2026-08-14
012750,에스원,매출 구성,인프라,50.6,반기보고서 (2026.06),2026-08-14
012750,에스원,매출 구성,시큐리티,48.9,반기보고서 (2026.06),2026-08-14
012750,에스원,매출 구성,기타,0.5,반기보고서 (2026.06),2026-08-14
306040,에스제이그룹,매출 구성,패션부문,97.6,반기보고서 (2026.06),2026-08-14
306040,에스제이그룹,매출 구성,기타부문,2.4,반기보고서 (2026.06),2026-08-14
025530,에스제이엠홀딩스,매출 구성,자동차사업부(자동차용BELLOWS),85.3,반기보고서 (2026.06),2026-08-14
025530,에스제이엠홀딩스,매출 구성,플랜트사업부(산업용BELLOWS),13.2,반기보고서 (2026.06),2026-08-14
025530,에스제이엠홀딩스,매출 구성,기타부문(통신용반도체_MMIC등),1.5,반기보고서 (2026.06),2026-08-14
217910,에스제이켐,매출 구성,수처리 응집제등,71.5,사업보고서 (2024.12),2025-03-20
217910,에스제이켐,매출 구성,재생폴리프로필렌그외,28.5,사업보고서 (2024.12),2025-03-20
398120,에스지헬스케어,매출 구성,해외매출,80.9,반기보고서 (2026.06),2026-08-31
398120,에스지헬스케어,매출 구성,용역,16,반기보고서 (2026.06),2026-08-31
398120,에스지헬스케어,매출 구성,국내매출,1.6,반기보고서 (2026.06),2026-08-31
398120,에스지헬스케어,매출 구성,IAI,1.5,반기보고서 (2026.06),2026-08-31
326030,에스케이바이오팜,매출 구성,제품등,92.6,반기보고서 (2026.06),2026-08-14
326030,에스케이바이오팜,매출 구성,용역,7.4,반기보고서 (2026.06),2026-08-14
033630,에스케이브로드밴드,매출 구성,유선통신,59.2,반기보고서 (2026.06),2026-08-13
033630,에스케이브로드밴드,매출 구성,미디어,40.8,반기보고서 (2026.06),2026-08-13
475660,에스켐,매출 구성,OLED,93.4,반기보고서 (2026.06),2026-08-14
475660,에스켐,매출 구성,헬스케어,6.3,반기보고서 (2026.06),2026-08-14
475660,에스켐,매출 구성,기타,0.3,반기보고서 (2026.06),2026-08-14
488280,에스투더블유,매출 구성,QUAXAR,60.1,반기보고서 (2026.06),2026-08-13
488280,에스투더블유,매출 구성,XARVIS,35.3,반기보고서 (2026.06),2026-08-13
488280,에스투더블유,매출 구성,SAIP모의해킹 등,4.6,반기보고서 (2026.06),2026-08-13
234300,에스트래픽,매출 구성,철도,64.4,반기보고서 (2026.06),2026-08-14
234300,에스트래픽,매출 구성,도로,35.6,반기보고서 (2026.06),2026-08-14
039440,에스티아이,매출 구성,반도체ㆍ디스플레이,100,반기보고서 (2026.06),2026-08-14
237690,에스티팜,매출 구성,올리고치료제원료의약품등,96.7,반기보고서 (2026.06),2026-08-14
237690,에스티팜,매출 구성,당뇨병치료제원료의약품등,2.7,반기보고서 (2026.06),2026-08-14
237690,에스티팜,매출 구성,D-Serine 등,0.6,반기보고서 (2026.06),2026-08-14
458350,에스팀,매출 구성,콘텐츠,80.6,반기보고서 (2026.06),2026-08-14
458350,에스팀,매출 구성,매니지먼트,19,반기보고서 (2026.06),2026-08-14
458350,에스팀,매출 구성,기타,0.4,반기보고서 (2026.06),2026-08-14
050760,에스폴리텍,매출 구성,PC/PMMA 등,99.1,반기보고서 (2026.06),2026-08-14
050760,에스폴리텍,매출 구성,임대료,0.9,반기보고서 (2026.06),2026-08-14
288620,에스프리즘,매출 구성,건물용 연료전지,86,반기보고서 (2026.06),2026-08-14
288620,에스프리즘,매출 구성,발전용 연료전지,14,반기보고서 (2026.06),2026-08-14
317830,에스피시스템스,매출 구성,로보틱스사업부,45,반기보고서 (2026.06),2026-08-14
317830,에스피시스템스,매출 구성,ICT사업부,44.8,반기보고서 (2026.06),2026-08-14
317830,에스피시스템스,매출 구성,배터리사업부,10.2,반기보고서 (2026.06),2026-08-14
058610,에스피지,매출 구성,모터외,100,반기보고서 (2026.06),2026-08-14
043340,에쎈테크,매출 구성,황동소재부품제조업,100,반기보고서 (2026.06),2026-08-13
023960,에쓰씨엔지니어링,매출 구성,산업설비공사,65.8,반기보고서 (2026.06),2026-08-14
023960,에쓰씨엔지니어링,매출 구성,셀론텍,24.8,반기보고서 (2026.06),2026-08-14
023960,에쓰씨엔지니어링,매출 구성,건강식품,8.9,반기보고서 (2026.06),2026-08-14
023960,에쓰씨엔지니어링,매출 구성,기타,0.5,반기보고서 (2026.06),2026-08-14
163280,에어레인,매출 구성,질소 발생 모듈,81.1,반기보고서 (2026.06),2026-08-13
163280,에어레인,매출 구성,바이오가스 시스템,10.9,반기보고서 (2026.06),2026-08-13
163280,에어레인,매출 구성,기타 모듈,4.5,반기보고서 (2026.06),2026-08-13
163280,에어레인,매출 구성,상품매출,1.2,반기보고서 (2026.06),2026-08-13
163280,에어레인,매출 구성,그 밖,2.3,반기보고서 (2026.06),2026-08-13
298690,에어부산,매출 구성,여객,93.1,반기보고서 (2026.06),2026-08-13
298690,에어부산,매출 구성,기타,6.8,반기보고서 (2026.06),2026-08-13
298690,에어부산,매출 구성,화물,0.1,반기보고서 (2026.06),2026-08-13
054630,에이디칩스,매출 구성,SOC사업,95.9,사업보고서 (2025.12),2026-03-31
054630,에이디칩스,매출 구성,냉동냉장사업,2.2,사업보고서 (2025.12),2026-03-31
054630,에이디칩스,매출 구성,패션사업,1.9,사업보고서 (2025.12),2026-03-31
200710,에이디테크놀로지,매출 구성,주문형 반도체(ASIC) 설계 및 제조,100,반기보고서 (2026.06),2026-08-14
475580,에이럭스,매출 구성,교육운영사업 및 B2C교육사업,47.5,사업보고서 (2024.12),2025-03-19
475580,에이럭스,매출 구성,기타,28.7,사업보고서 (2024.12),2025-03-19
475580,에이럭스,매출 구성,로봇및드론제품,23.8,사업보고서 (2024.12),2025-03-19
298380,에이비엘바이오,매출 구성,기술이전수익,100,반기보고서 (2026.06),2026-08-11
203400,에이비온,매출 구성,연구용역사업,95.3,반기보고서 (2026.06),2026-08-14
203400,에이비온,매출 구성,임대수익,4.7,반기보고서 (2026.06),2026-08-14
003800,에이스침대,매출 구성,침대,89.2,반기보고서 (2026.06),2026-08-11
003800,에이스침대,매출 구성,가구,10.7,반기보고서 (2026.06),2026-08-11
003800,에이스침대,매출 구성,기타,0.1,반기보고서 (2026.06),2026-08-11
088800,에이스테크,매출 구성,당기,55.6,사업보고서 (2024.12),2025-03-21
088800,에이스테크,매출 구성,전기,44.4,사업보고서 (2024.12),2025-03-21
241840,에이스토리,매출 구성,콘텐츠 제작및 유통,89.7,반기보고서 (2026.06),2026-08-14
241840,에이스토리,매출 구성,매니지먼트및 IP부가사업,10.3,반기보고서 (2026.06),2026-08-14
241840,에이스토리,매출 구성,평균환율,0,반기보고서 (2026.06),2026-08-14
364950,에이아이코리아,매출 구성,인프라사업,84.9,반기보고서 (2026.06),2026-08-14
364950,에이아이코리아,매출 구성,시스템사업,11.6,반기보고서 (2026.06),2026-08-14
364950,에이아이코리아,매출 구성,공통,3.4,반기보고서 (2026.06),2026-08-14
312610,에이에프더블류,매출 구성,다이캐스팅,71.5,반기보고서 (2026.06),2026-08-14
312610,에이에프더블류,매출 구성,기타매출,8.1,반기보고서 (2026.06),2026-08-14
312610,에이에프더블류,매출 구성,FSW,6.8,반기보고서 (2026.06),2026-08-14
312610,에이에프더블류,매출 구성,음극마찰용접단자,5.4,반기보고서 (2026.06),2026-08-14
312610,에이에프더블류,매출 구성,그 밖,8.2,반기보고서 (2026.06),2026-08-14
015260,에이엔피,매출 구성,인쇄회로기판 (PCB),79.1,반기보고서 (2026.06),2026-08-14
015260,에이엔피,매출 구성,자동차 구성품,15.4,반기보고서 (2026.06),2026-08-14
015260,에이엔피,매출 구성,전문생산방식 (EMS),3.7,반기보고서 (2026.06),2026-08-14
015260,에이엔피,매출 구성,기타,1.8,반기보고서 (2026.06),2026-08-14
172670,에이엘티,매출 구성,TEST 매출,97,반기보고서 (2026.06),2026-08-14
172670,에이엘티,매출 구성,패키지 가공 매출,3,반기보고서 (2026.06),2026-08-14
495900,에이엠시지,사업 구성,기술이전,66.6,[기재정정]사업보고서 (2023.12),2025-03-20
495900,에이엠시지,사업 구성,구매 약정서,33.4,[기재정정]사업보고서 (2023.12),2025-03-20
140910,에이자기관리부동산투자회사,매출 구성,부동산 임대,75.4,반기보고서 (2026.06),2026-08-14
140910,에이자기관리부동산투자회사,매출 구성,주차장 위탁운영,24.6,반기보고서 (2026.06),2026-08-14
060900,에이전트AI,매출 구성,태양광 공사,71.5,[기재정정]사업보고서 (2025.12),2026-03-24
060900,에이전트AI,매출 구성,풍력발전설비 MSA,28.5,[기재정정]사업보고서 (2025.12),2026-03-24
445090,에이직랜드,매출 구성,주문형 반도체 설계,80,반기보고서 (2026.06),2026-08-14
445090,에이직랜드,매출 구성,양산 계약,20,반기보고서 (2026.06),2026-08-14
010620,에이치디현대미포,매출 구성,조선,100,[기재정정]분기보고서 (2025.09),2025-11-17
042670,에이치디현대인프라코어,매출 구성,HD현대인프라코어,100,분기보고서 (2025.09),2025-11-14
295310,에이치브이엠,매출 구성,우주,65.9,반기보고서 (2026.06),2026-08-14
295310,에이치브이엠,매출 구성,"반도체(전기,전자)",20.1,반기보고서 (2026.06),2026-08-14
295310,에이치브이엠,매출 구성,항공ㆍ방위,11.1,반기보고서 (2026.06),2026-08-14
295310,에이치브이엠,매출 구성,석유ㆍ화학ㆍ에너지ㆍ플랜트 등,2.9,반기보고서 (2026.06),2026-08-14
072990,에이치시티,매출 구성,정보통신,32.5,반기보고서 (2026.06),2026-08-14
072990,에이치시티,매출 구성,교정,24.3,반기보고서 (2026.06),2026-08-14
072990,에이치시티,매출 구성,차량용기기,17.2,반기보고서 (2026.06),2026-08-14
072990,에이치시티,매출 구성,방산등,8,반기보고서 (2026.06),2026-08-14
072990,에이치시티,매출 구성,그 밖,18,반기보고서 (2026.06),2026-08-14
037340,에이치씨코퍼레이션,매출 구성,통신사업부문,87.6,사업보고서 (2024.12),2025-03-31
037340,에이치씨코퍼레이션,매출 구성,유통사업부문,9.5,사업보고서 (2024.12),2025-03-31
037340,에이치씨코퍼레이션,매출 구성,기타매출,2.9,사업보고서 (2024.12),2025-03-31
044990,에이치엔에스하이텍,매출 구성,소재사업부,66.7,반기보고서 (2026.06),2026-08-03
044990,에이치엔에스하이텍,매출 구성,전자사업부,33.3,반기보고서 (2026.06),2026-08-03
239610,에이치엘사이언스,매출 구성,기타,40.7,반기보고서 (2026.06),2026-08-14
239610,에이치엘사이언스,매출 구성,석류농축제품류,21.4,반기보고서 (2026.06),2026-08-14
239610,에이치엘사이언스,매출 구성,밀크씨슬류,15.9,반기보고서 (2026.06),2026-08-14
239610,에이치엘사이언스,매출 구성,우슬등복합물,9.2,반기보고서 (2026.06),2026-08-14
239610,에이치엘사이언스,매출 구성,그 밖,12.8,반기보고서 (2026.06),2026-08-14
036170,에이치엠넥스,매출 구성,반도체장비 사업부,60.5,반기보고서 (2026.06),2026-08-14
036170,에이치엠넥스,매출 구성,LED 사업부,39.5,반기보고서 (2026.06),2026-08-14
044780,에이치케이,매출 구성,직판,59.1,반기보고서 (2026.06),2026-08-14
044780,에이치케이,매출 구성,독점딜러체계,40.9,반기보고서 (2026.06),2026-08-14
357230,에이치피오,매출 구성,건강기능식품,76.8,반기보고서 (2026.06),2026-08-14
357230,에이치피오,매출 구성,주니어라이프,22.8,반기보고서 (2026.06),2026-08-14
357230,에이치피오,매출 구성,기타,0.3,반기보고서 (2026.06),2026-08-14
355690,에이텀,매출 구성,선박/기계부품,61.2,반기보고서 (2026.06),2026-08-14
355690,에이텀,매출 구성,부품유통,28.8,반기보고서 (2026.06),2026-08-14
355690,에이텀,매출 구성,트랜스,9.9,반기보고서 (2026.06),2026-08-14
071670,에이테크솔루션,매출 구성,금형제조,51.6,반기보고서 (2026.06),2026-08-14
071670,에이테크솔루션,매출 구성,부품제조,48.4,반기보고서 (2026.06),2026-08-14
200470,에이팩트,매출 구성,임가공,93.4,반기보고서 (2026.06),2026-08-14
200470,에이팩트,매출 구성,상품/기타 매출,6.6,반기보고서 (2026.06),2026-08-14
207490,에이펙스인텍,사업 구성,LED조명,86.1,사업보고서 (2025.12),2026-03-18
207490,에이펙스인텍,사업 구성,신재생,13.9,사업보고서 (2025.12),2026-03-18
007460,에이프로젠,매출 구성,의약품,41.4,반기보고서 (2026.06),2026-08-14
007460,에이프로젠,매출 구성,Hardfacing,22.2,반기보고서 (2026.06),2026-08-14
007460,에이프로젠,매출 구성,반도체 장비부품 사업,20.6,반기보고서 (2026.06),2026-08-14
007460,에이프로젠,매출 구성,신재생에너지,11,반기보고서 (2026.06),2026-08-14
007460,에이프로젠,매출 구성,그 밖,4.8,반기보고서 (2026.06),2026-08-14
003060,에이프로젠바이오로직스,매출 구성,의약품,66.5,반기보고서 (2026.06),2026-08-13
003060,에이프로젠바이오로직스,매출 구성,반도체 장비부품,33.5,반기보고서 (2026.06),2026-08-13
397030,에이프릴바이오,매출 구성,매출유형,99.9,사업보고서 (2024.12),2025-03-13
397030,에이프릴바이오,매출 구성,기술이전,0.1,사업보고서 (2024.12),2025-03-13
244920,에이플러스에셋,매출 구성,보험중개수익,88.1,사업보고서 (2025.12),2026-03-23
244920,에이플러스에셋,매출 구성,바이오장비 사업수익(*),5.3,사업보고서 (2025.12),2026-03-23
244920,에이플러스에셋,매출 구성,상조및부대사업수익,3.5,사업보고서 (2025.12),2026-03-23
244920,에이플러스에셋,매출 구성,대출판매수익,1.5,사업보고서 (2025.12),2026-03-23
244920,에이플러스에셋,매출 구성,그 밖,1.5,사업보고서 (2025.12),2026-03-23
278470,에이피알,매출 구성,뷰티,98.9,반기보고서 (2026.06),2026-08-14
278470,에이피알,매출 구성,기타,1.1,반기보고서 (2026.06),2026-08-14
159910,에코글로우,매출 구성,화장품제조,99.1,반기보고서 (2026.06),2026-08-14
159910,에코글로우,매출 구성,메탈사업,0.9,반기보고서 (2026.06),2026-08-14
230360,에코마케팅,매출 구성,의류제조및판매부문,73.6,반기보고서 (2026.06),2026-08-14
230360,에코마케팅,매출 구성,광고대행서비스부문,15,반기보고서 (2026.06),2026-08-14
230360,에코마케팅,매출 구성,D2C 커머스 사업부분,11.4,반기보고서 (2026.06),2026-08-14
230360,에코마케팅,매출 구성,기타부문(투자업 등),0,반기보고서 (2026.06),2026-08-14
038870,에코심플렉스,매출 구성,수도권매립지관리공사,50,반기보고서 (2026.06),2026-08-14
038870,에코심플렉스,매출 구성,한국지역난방공사,25,반기보고서 (2026.06),2026-08-14
038870,에코심플렉스,매출 구성,강원바이오에너지,25,반기보고서 (2026.06),2026-08-14
448280,에코아이,매출 구성,온실가스감축사업,63.6,반기보고서 (2026.06),2026-08-14
448280,에코아이,매출 구성,글로벌 ETS 배출권 거래,34.8,반기보고서 (2026.06),2026-08-14
448280,에코아이,매출 구성,환경컨설팅,1.6,반기보고서 (2026.06),2026-08-14
101360,에코앤드림,매출 구성,이차전지소재,47.6,반기보고서 (2026.06),2026-08-14
101360,에코앤드림,매출 구성,촉매소재,41.8,반기보고서 (2026.06),2026-08-14
101360,에코앤드림,매출 구성,기타,10.5,반기보고서 (2026.06),2026-08-14
086520,에코프로,매출 구성,전지재료사업,75.9,반기보고서 (2026.06),2026-08-14
086520,에코프로,매출 구성,지주회사,19.8,반기보고서 (2026.06),2026-08-14
086520,에코프로,매출 구성,환경사업,3.7,반기보고서 (2026.06),2026-08-14
086520,에코프로,매출 구성,기타사업,0.5,반기보고서 (2026.06),2026-08-14
450080,에코프로머티,매출 구성,"전구체, 메탈 등",89.5,반기보고서 (2026.06),2026-08-14
450080,에코프로머티,매출 구성,상품매출등,10.5,반기보고서 (2026.06),2026-08-14
247540,에코프로비엠,매출 구성,액면가액,40,반기보고서 (2026.06),2026-08-14
247540,에코프로비엠,매출 구성,발행가액,40,반기보고서 (2026.06),2026-08-14
247540,에코프로비엠,매출 구성,전환가격,19.5,반기보고서 (2026.06),2026-08-14
247540,에코프로비엠,매출 구성,만기일자,0.2,반기보고서 (2026.06),2026-08-14
247540,에코프로비엠,매출 구성,그 밖,0.4,반기보고서 (2026.06),2026-08-14
383310,에코프로에이치엔,매출 구성,클린룸 케미컬 필터,32.1,반기보고서 (2026.06),2026-08-14
383310,에코프로에이치엔,매출 구성,미세먼지 저감 솔루션,31.4,반기보고서 (2026.06),2026-08-14
383310,에코프로에이치엔,매출 구성,온실가스 감축 솔루션,27.4,반기보고서 (2026.06),2026-08-14
383310,에코프로에이치엔,매출 구성,수처리 솔루션,8.4,반기보고서 (2026.06),2026-08-14
383310,에코프로에이치엔,매출 구성,그 밖,0.7,반기보고서 (2026.06),2026-08-14
038110,에코플라스틱,매출 구성,자동차부품,100,반기보고서 (2026.06),2026-08-14
073540,에프알텍,매출 구성,통신,100,사업보고서 (2024.12),2025-03-21
073540,에프알텍,매출 구성,에너지,0,사업보고서 (2024.12),2025-03-21
036810,에프에스티,매출 구성,재료,65.9,반기보고서 (2026.06),2026-08-14
036810,에프에스티,매출 구성,장비,33.3,반기보고서 (2026.06),2026-08-14
036810,에프에스티,매출 구성,기타,0.7,반기보고서 (2026.06),2026-08-14
173940,에프엔씨엔터,매출 구성,음악사업,71,반기보고서 (2026.06),2026-08-14
173940,에프엔씨엔터,매출 구성,매니지먼트사업,15.9,반기보고서 (2026.06),2026-08-14
173940,에프엔씨엔터,매출 구성,기타사업,13.1,반기보고서 (2026.06),2026-08-14
173940,에프엔씨엔터,매출 구성,미디어콘텐츠제작사업,0,반기보고서 (2026.06),2026-08-14
083500,에프엔에스테크,매출 구성,부품소재,72.3,반기보고서 (2026.06),2026-08-12
083500,에프엔에스테크,매출 구성,장비,27.7,반기보고서 (2026.06),2026-08-12
446440,에피바이오텍,사업 구성,연구용역매출,49.7,사업보고서 (2025.12),2026-03-23
446440,에피바이오텍,사업 구성,제품매출,30.1,사업보고서 (2025.12),2026-03-23
446440,에피바이오텍,사업 구성,상품 및기타매출,20.2,사업보고서 (2025.12),2026-03-23
317530,에피소드컴퍼니,매출 구성,콘텐츠,50,사업보고서 (2025.12),2026-03-23
317530,에피소드컴퍼니,매출 구성,콘텐츠 IP,50,사업보고서 (2025.12),2026-03-23
950130,엑세스바이오,매출 구성,의료미용,44.2,반기보고서 (2026.06),2026-08-14
950130,엑세스바이오,매출 구성,진단제품,38.4,반기보고서 (2026.06),2026-08-14
950130,엑세스바이오,매출 구성,투자및경영자문,16.9,반기보고서 (2026.06),2026-08-14
950130,엑세스바이오,매출 구성,기타,0.4,반기보고서 (2026.06),2026-08-14
373110,엑셀세라퓨틱스,매출 구성,상품,64.8,[기재정정]사업보고서 (2025.12),2026-05-15
373110,엑셀세라퓨틱스,매출 구성,세포배지,33.5,[기재정정]사업보고서 (2025.12),2026-05-15
373110,엑셀세라퓨틱스,매출 구성,용역,1.2,[기재정정]사업보고서 (2025.12),2026-05-15
373110,엑셀세라퓨틱스,매출 구성,기타,0.5,[기재정정]사업보고서 (2025.12),2026-05-15
205100,엑셈,매출 구성,DB성능관리,60.1,반기보고서 (2026.06),2026-08-14
205100,엑셈,매출 구성,AIㆍ빅데이터플랫폼,15.4,반기보고서 (2026.06),2026-08-14
205100,엑셈,매출 구성,APM,13.2,반기보고서 (2026.06),2026-08-14
205100,엑셈,매출 구성,기타,5.5,반기보고서 (2026.06),2026-08-14
205100,엑셈,매출 구성,그 밖,5.9,반기보고서 (2026.06),2026-08-14
356680,엑스게이트,매출 구성,HW/SW,59.6,반기보고서 (2026.06),2026-08-14
356680,엑스게이트,매출 구성,서비스,40.4,반기보고서 (2026.06),2026-08-14
373200,엑스플러스,매출 구성,핸드폰악세사리등,56.5,반기보고서 (2026.06),2026-08-14
373200,엑스플러스,매출 구성,케이스및기타,33.1,반기보고서 (2026.06),2026-08-14
373200,엑스플러스,매출 구성,서비스및용역,9.4,반기보고서 (2026.06),2026-08-14
373200,엑스플러스,매출 구성,화장품,0.9,반기보고서 (2026.06),2026-08-14
092870,엑시콘,매출 구성,CLT 및 Burn-in Tester,41.8,사업보고서 (2025.12),2026-03-16
092870,엑시콘,매출 구성,CLT,40.2,사업보고서 (2025.12),2026-03-16
092870,엑시콘,매출 구성,CLT INTERFACE BOARD,18,사업보고서 (2025.12),2026-03-16
019490,엑시큐어하이트론,매출 구성,정보통신,42.2,반기보고서 (2026.06),2026-08-14
019490,엑시큐어하이트론,매출 구성,신선식품,36.4,반기보고서 (2026.06),2026-08-14
019490,엑시큐어하이트론,매출 구성,씨큐리티,21.4,반기보고서 (2026.06),2026-08-14
059180,엔더블유시,매출 구성,기타,44,[기재정정]사업보고서 (2024.12),2025-12-31
059180,엔더블유시,매출 구성,FTTH DROP,28.3,[기재정정]사업보고서 (2024.12),2025-12-31
059180,엔더블유시,매출 구성,FTTH 커넥터류,24.8,[기재정정]사업보고서 (2024.12),2025-12-31
059180,엔더블유시,매출 구성,FTTH MDU,2.5,[기재정정]사업보고서 (2024.12),2025-12-31
059180,엔더블유시,매출 구성,그 밖,0.4,[기재정정]사업보고서 (2024.12),2025-12-31
317870,엔바이오니아,매출 구성,액면금액,100,반기보고서 (2026.06),2026-08-14
317870,엔바이오니아,매출 구성,전환가격,0,반기보고서 (2026.06),2026-08-14
317870,엔바이오니아,매출 구성,만기일,0,반기보고서 (2026.06),2026-08-14
317870,엔바이오니아,매출 구성,발행일,0,반기보고서 (2026.06),2026-08-14
236810,엔비티,매출 구성,광고,69.3,반기보고서 (2026.06),2026-08-13
236810,엔비티,매출 구성,쇼핑,28.9,반기보고서 (2026.06),2026-08-13
236810,엔비티,매출 구성,광고물제작및대행,1.8,반기보고서 (2026.06),2026-08-13
140610,엔솔바이오사이언스,매출 구성,바이오,100,사업보고서 (2025.12),2026-03-18
475230,엔알비,매출 구성,주거시설,61.3,반기보고서 (2026.06),2026-08-14
475230,엔알비,매출 구성,교육시설,32.4,반기보고서 (2026.06),2026-08-14
475230,엔알비,매출 구성,제품군,5.2,반기보고서 (2026.06),2026-08-14
475230,엔알비,매출 구성,그외,1.2,반기보고서 (2026.06),2026-08-14
224760,엔에스컴퍼니,사업 구성,건설공사,50.4,사업보고서 (2025.12),2026-03-23
224760,엔에스컴퍼니,사업 구성,발전정비공사,30.9,사업보고서 (2025.12),2026-03-23
224760,엔에스컴퍼니,사업 구성,제품매출,18.7,사업보고서 (2025.12),2026-03-23
354200,엔젠바이오,매출 구성,의약품등유통사업부문,85.2,반기보고서 (2026.06),2026-08-14
354200,엔젠바이오,매출 구성,정밀진단 사업 부문,14.8,반기보고서 (2026.06),2026-08-14
455900,엔젤로보틱스,매출 구성,angel MEDI,59.8,반기보고서 (2026.06),2026-08-14
455900,엔젤로보틱스,매출 구성,유상유지보수,19.6,반기보고서 (2026.06),2026-08-14
455900,엔젤로보틱스,매출 구성,angel SUIT,14.8,반기보고서 (2026.06),2026-08-14
455900,엔젤로보틱스,매출 구성,웨어러블로봇개발용역등,3.4,반기보고서 (2026.06),2026-08-14
455900,엔젤로보틱스,매출 구성,그 밖,2.4,반기보고서 (2026.06),2026-08-14
183490,엔지켐생명과학,매출 구성,바이오유지,67.7,반기보고서 (2026.06),2026-08-14
183490,엔지켐생명과학,매출 구성,원료의약품,22,반기보고서 (2026.06),2026-08-14
183490,엔지켐생명과학,매출 구성,K-메디컬뷰티,10.4,반기보고서 (2026.06),2026-08-14
085310,엔케이,매출 구성,소화장치(고정식),71.9,반기보고서 (2026.06),2026-08-14
085310,엔케이,매출 구성,고압가스용기,16.6,반기보고서 (2026.06),2026-08-14
085310,엔케이,매출 구성,기타,7.1,반기보고서 (2026.06),2026-08-14
085310,엔케이,매출 구성,특수기기,4.3,반기보고서 (2026.06),2026-08-14
085310,엔케이,매출 구성,그 밖,0.1,반기보고서 (2026.06),2026-08-14
182400,엔케이젠바이오텍코리아,매출 구성,NK Vue KIT,50.9,반기보고서 (2026.06),2026-08-13
182400,엔케이젠바이오텍코리아,매출 구성,재조합 단백질,34.1,반기보고서 (2026.06),2026-08-13
182400,엔케이젠바이오텍코리아,매출 구성,NK365 등,7.6,반기보고서 (2026.06),2026-08-13
182400,엔케이젠바이오텍코리아,매출 구성,세포치료제,4.5,반기보고서 (2026.06),2026-08-13
182400,엔케이젠바이오텍코리아,매출 구성,그 밖,2.9,반기보고서 (2026.06),2026-08-13
348370,엔켐,매출 구성,전해액,98.6,반기보고서 (2026.06),2026-08-14
348370,엔켐,매출 구성,NMP,1.4,반기보고서 (2026.06),2026-08-14
068420,엔터미디어,매출 구성,휴대용노래반주기,100,반기보고서 (2026.06),2026-08-14
069410,엔텔스,매출 구성,소프트웨어 개발 및공급,100,반기보고서 (2026.06),2026-08-14
004250,엔피씨,매출 구성,합성수지,100,[기재정정]반기보고서 (2026.06),2026-08-14
048830,엔피케이,매출 구성,합성수지사업,100,반기보고서 (2026.06),2026-08-14
096870,엘디티,매출 구성,디스플레이구동IC,81.4,반기보고서 (2026.06),2026-08-14
096870,엘디티,매출 구성,SSN,17.1,반기보고서 (2026.06),2026-08-14
096870,엘디티,매출 구성,임대사업,1.5,반기보고서 (2026.06),2026-08-14
376190,엘비루셈,사업 구성,반도체제조용역,98.8,분기보고서 (2024.09),2024-11-13
376190,엘비루셈,사업 구성,기타,1.2,분기보고서 (2024.09),2024-11-13
138690,엘아이에스,사업 구성,장비 사업부문,98.6,사업보고서 (2023.12),2024-03-21
138690,엘아이에스,사업 구성,화장품 부문,1.4,사업보고서 (2023.12),2024-03-21
290650,엘앤씨바이오,매출 구성,인체조직이식재,86.4,반기보고서 (2026.06),2026-08-14
290650,엘앤씨바이오,매출 구성,의료기기,10,반기보고서 (2026.06),2026-08-14
290650,엘앤씨바이오,매출 구성,제약,3.2,반기보고서 (2026.06),2026-08-14
290650,엘앤씨바이오,매출 구성,코스메슈티컬,0.4,반기보고서 (2026.06),2026-08-14
156100,엘앤케이바이오,매출 구성,"Screw, Cage, Rod 외",95.6,반기보고서 (2026.06),2026-08-14
156100,엘앤케이바이오,매출 구성,"DBM, Knee, 기타",4.3,반기보고서 (2026.06),2026-08-14
156100,엘앤케이바이오,매출 구성,임대외,0.1,반기보고서 (2026.06),2026-08-14
010120,엘에스일렉트릭,매출 구성,LSELECTRIC,55.8,반기보고서 (2026.06),2026-08-14
010120,엘에스일렉트릭,매출 구성,LS ELECTRICAmerica,16.5,반기보고서 (2026.06),2026-08-14
010120,엘에스일렉트릭,매출 구성,LS메탈,9.1,반기보고서 (2026.06),2026-08-14
010120,엘에스일렉트릭,매출 구성,기타,7.8,반기보고서 (2026.06),2026-08-14
010120,엘에스일렉트릭,매출 구성,그 밖,10.7,반기보고서 (2026.06),2026-08-14
073110,엘엠에스,매출 구성,디스플레이,94.2,반기보고서 (2026.06),2026-08-14
073110,엘엠에스,매출 구성,광정보,5.8,반기보고서 (2026.06),2026-08-14
037950,엘컴텍,매출 구성,"EMS,사출, 기타",100,반기보고서 (2026.06),2026-08-14
489500,엘케이켐,매출 구성,반도체박막증착소재,84.6,반기보고서 (2026.06),2026-08-14
489500,엘케이켐,매출 구성,상품,13.2,반기보고서 (2026.06),2026-08-14
489500,엘케이켐,매출 구성,기타소재,2.1,반기보고서 (2026.06),2026-08-14
489500,엘케이켐,매출 구성,임대,0,반기보고서 (2026.06),2026-08-14
170920,엘티씨,매출 구성,반도체&FPD소재/장비,100,반기보고서 (2026.06),2026-08-13
058630,엠게임,매출 구성,온라인 게임,88.7,반기보고서 (2026.06),2026-08-14
058630,엠게임,매출 구성,기타서비스,11.3,반기보고서 (2026.06),2026-08-14
058970,엠로,매출 구성,시스템구축및전문용역,45.8,[기재정정]반기보고서 (2026.06),2026-08-28
058970,엠로,매출 구성,기술지원,37.5,[기재정정]반기보고서 (2026.06),2026-08-28
058970,엠로,매출 구성,클라우드사용료,8.8,[기재정정]반기보고서 (2026.06),2026-08-28
058970,엠로,매출 구성,라이선스,8,[기재정정]반기보고서 (2026.06),2026-08-28
008120,엠소닉,매출 구성,TV Unit사업부,90.2,반기보고서 (2026.06),2026-08-14
008120,엠소닉,매출 구성,오디오 사업부,9.8,반기보고서 (2026.06),2026-08-14
097520,엠씨넥스,매출 구성,개발,48.9,반기보고서 (2026.06),2026-08-14
097520,엠씨넥스,매출 구성,상품,33.1,반기보고서 (2026.06),2026-08-14
097520,엠씨넥스,매출 구성,기타,18.1,반기보고서 (2026.06),2026-08-14
373170,엠아이큐브솔루션,매출 구성,MES,60.4,반기보고서 (2026.06),2026-08-14
373170,엠아이큐브솔루션,매출 구성,TC,17.9,반기보고서 (2026.06),2026-08-14
373170,엠아이큐브솔루션,매출 구성,AI/DT,10.8,반기보고서 (2026.06),2026-08-14
373170,엠아이큐브솔루션,매출 구성,MCS,5.3,반기보고서 (2026.06),2026-08-14
373170,엠아이큐브솔루션,매출 구성,그 밖,5.5,반기보고서 (2026.06),2026-08-14
179290,엠아이텍,매출 구성,의료,100,반기보고서 (2026.06),2026-08-14
484870,엠앤씨솔루션,매출 구성,방산사업,98.7,반기보고서 (2026.06),2026-08-14
484870,엠앤씨솔루션,매출 구성,사업구분,1.3,반기보고서 (2026.06),2026-08-14
323230,엠에프엠코리아,매출 구성,의류제조업(단일사업부문),100,반기보고서 (2024.06),2024-08-14
347890,엠엑스온,매출 구성,물류 로봇 및자동화 시스템,71.8,반기보고서 (2026.06),2026-08-14
347890,엠엑스온,매출 구성,스마트HMI,25.2,반기보고서 (2026.06),2026-08-14
347890,엠엑스온,매출 구성,스마트DEVICE,0.9,반기보고서 (2026.06),2026-08-14
347890,엠엑스온,매출 구성,스마트SCADA,0.8,반기보고서 (2026.06),2026-08-14
347890,엠엑스온,매출 구성,그 밖,1.3,반기보고서 (2026.06),2026-08-14
032790,엠젠솔루션,매출 구성,ICT,83.8,반기보고서 (2026.06),2026-08-14
032790,엠젠솔루션,매출 구성,전기전자,12.2,반기보고서 (2026.06),2026-08-14
032790,엠젠솔루션,매출 구성,소방전기,4,반기보고서 (2026.06),2026-08-14
033160,엠케이전자,매출 구성,본딩와이어,91.5,반기보고서 (2026.06),2026-08-13
033160,엠케이전자,매출 구성,솔더볼,3.5,반기보고서 (2026.06),2026-08-13
033160,엠케이전자,매출 구성,스퍼터링 타겟,2.3,반기보고서 (2026.06),2026-08-13
033160,엠케이전자,매출 구성,기타,2.2,반기보고서 (2026.06),2026-08-13
033160,엠케이전자,매출 구성,그 밖,0.5,반기보고서 (2026.06),2026-08-13
033310,엠투엔,매출 구성,전장 사업부,59.6,반기보고서 (2026.06),2026-08-14
033310,엠투엔,매출 구성,스틸드럼 사업부,40.4,반기보고서 (2026.06),2026-08-14
060850,영림원소프트랩,매출 구성,ERPPackage,70,반기보고서 (2026.06),2026-08-14
060850,영림원소프트랩,매출 구성,유지관리서비스,30,반기보고서 (2026.06),2026-08-14
014440,영보화학,매출 구성,자동차 부문,64.2,반기보고서 (2026.06),2026-08-14
014440,영보화학,매출 구성,일반소재 부문,35.8,반기보고서 (2026.06),2026-08-14
143540,영우디에스피,매출 구성,디스플레이 장비,95.6,반기보고서 (2026.06),2026-08-14
143540,영우디에스피,매출 구성,"기타(상품, 용역 등)",2.8,반기보고서 (2026.06),2026-08-14
143540,영우디에스피,매출 구성,스마트 물류자동화 시스템,1.7,반기보고서 (2026.06),2026-08-14
111770,영원무역,매출 구성,제조OEM사업부문,80,반기보고서 (2026.06),2026-08-14
111770,영원무역,매출 구성,SCOTT사업부문,17.7,반기보고서 (2026.06),2026-08-14
111770,영원무역,매출 구성,기타 사업부문,2.3,반기보고서 (2026.06),2026-08-14
009970,영원무역홀딩스,매출 구성,제조OEM,68.9,반기보고서 (2026.06),2026-08-14
009970,영원무역홀딩스,매출 구성,SCOTT,15.2,반기보고서 (2026.06),2026-08-14
009970,영원무역홀딩스,매출 구성,내수리테일,10.4,반기보고서 (2026.06),2026-08-14
009970,영원무역홀딩스,매출 구성,기타사업부문,5.6,반기보고서 (2026.06),2026-08-14
003520,영진약품,매출 구성,"제약(약품,원료)",100,반기보고서 (2026.06),2026-08-14
000670,영풍,매출 구성,"FPCB, PCB 부문",51.1,반기보고서 (2026.06),2026-08-14
000670,영풍,매출 구성,제련부문등,42.4,반기보고서 (2026.06),2026-08-14
000670,영풍,매출 구성,상품중개 부문,3.3,반기보고서 (2026.06),2026-08-14
000670,영풍,매출 구성,반도체 부문,3.2,반기보고서 (2026.06),2026-08-14
036000,예림당,매출 구성,출판,90.4,사업보고서 (2025.12),2026-03-23
036000,예림당,매출 구성,임대,9.3,사업보고서 (2025.12),2026-03-23
036000,예림당,매출 구성,물류,0.3,사업보고서 (2025.12),2026-03-23
250930,예선테크,매출 구성,접착소재부품,100,반기보고서 (2026.06),2026-08-14
053280,예스24,매출 구성,총거래액,50,반기보고서 (2026.06),2026-08-14
053280,예스24,매출 구성,종합몰,27.7,반기보고서 (2026.06),2026-08-14
053280,예스24,매출 구성,전문몰,22.3,반기보고서 (2026.06),2026-08-14
122640,예스티,매출 구성,반도체장비,62.5,반기보고서 (2026.06),2026-08-14
122640,예스티,매출 구성,디스플레이장비등,31.6,반기보고서 (2026.06),2026-08-14
122640,예스티,매출 구성,기타매출,5.9,반기보고서 (2026.06),2026-08-14
476040,오가노이드사이언스,매출 구성,신소재 평가솔루션,78.7,반기보고서 (2026.06),2026-08-14
476040,오가노이드사이언스,매출 구성,RUO 제품 판매,21.3,반기보고서 (2026.06),2026-08-14
212310,오건에코텍,사업 구성,척추임플란트및카테타,80.6,[기재정정]사업보고서 (2025.12),2026-04-29
212310,오건에코텍,사업 구성,OEM,17.8,[기재정정]사업보고서 (2025.12),2026-04-29
212310,오건에코텍,사업 구성,기타 상품,1.7,[기재정정]사업보고서 (2025.12),2026-04-29
045060,오공,매출 구성,"접착제및광택제제조,판매",100,반기보고서 (2026.06),2026-08-14
192410,오늘이엔엠,매출 구성,안테나사업부문,98.8,반기보고서 (2026.06),2026-08-14
192410,오늘이엔엠,매출 구성,여행 사업부문,0.9,반기보고서 (2026.06),2026-08-14
192410,오늘이엔엠,매출 구성,로봇사업부문,0.4,반기보고서 (2026.06),2026-08-14
007310,오뚜기,매출 구성,대형마트,30.7,반기보고서 (2026.06),2026-08-14
007310,오뚜기,매출 구성,특약점,29.6,반기보고서 (2026.06),2026-08-14
007310,오뚜기,매출 구성,기타,23.4,반기보고서 (2026.06),2026-08-14
007310,오뚜기,매출 구성,대리점,10.1,반기보고서 (2026.06),2026-08-14
007310,오뚜기,매출 구성,그 밖,6.3,반기보고서 (2026.06),2026-08-14
039830,오로라,매출 구성,미국 사업본부,72.1,반기보고서 (2026.06),2026-08-14
039830,오로라,매출 구성,본사 사업본부,9.3,반기보고서 (2026.06),2026-08-14
039830,오로라,매출 구성,영국 사업본부,9,반기보고서 (2026.06),2026-08-14
039830,오로라,매출 구성,홍콩 사업본부,6.8,반기보고서 (2026.06),2026-08-14
039830,오로라,매출 구성,그 밖,2.9,반기보고서 (2026.06),2026-08-14
322310,오로스테크놀로지,매출 구성,OL-12inch,46.2,반기보고서 (2026.06),2026-08-14
322310,오로스테크놀로지,매출 구성,기타,28.6,반기보고서 (2026.06),2026-08-14
322310,오로스테크놀로지,매출 구성,용역,20.7,반기보고서 (2026.06),2026-08-14
322310,오로스테크놀로지,매출 구성,상품,4.5,반기보고서 (2026.06),2026-08-14
046120,오르비텍,매출 구성,항공사업,43,반기보고서 (2026.06),2026-08-14
046120,오르비텍,매출 구성,원자력사업,23.6,반기보고서 (2026.06),2026-08-14
046120,오르비텍,매출 구성,기타(파인테크닉스),17.9,반기보고서 (2026.06),2026-08-14
046120,오르비텍,매출 구성,ISI사업,15.5,반기보고서 (2026.06),2026-08-14
475830,오름테라퓨틱,매출 구성,당반기,77.2,반기보고서 (2026.06),2026-08-14
475830,오름테라퓨틱,매출 구성,전반기,22.8,반기보고서 (2026.06),2026-08-14
014940,오리엔탈정공,매출 구성,기계품,50.1,반기보고서 (2026.06),2026-08-14
014940,오리엔탈정공,매출 구성,구조물,49.9,반기보고서 (2026.06),2026-08-14
065500,오리엔트정공,매출 구성,자동차부품(오리엔트정공),81.3,반기보고서 (2026.06),2026-08-14
065500,오리엔트정공,매출 구성,자동차사업부(오리엔트신소재),9.1,반기보고서 (2026.06),2026-08-14
065500,오리엔트정공,매출 구성,SMPS(오리엔트 정공),6.2,반기보고서 (2026.06),2026-08-14
065500,오리엔트정공,매출 구성,플라스틱 사출(오리엔트플라스틱),3.4,반기보고서 (2026.06),2026-08-14
417860,오브젠,매출 구성,프로페셔널 서비스,56.9,사업보고서 (2025.12),2026-03-19
417860,오브젠,매출 구성,제품 라이선스비,26.7,사업보고서 (2025.12),2026-03-19
417860,오브젠,매출 구성,제품 기술비,8.5,사업보고서 (2025.12),2026-03-19
417860,오브젠,매출 구성,제품 운영비,7.9,사업보고서 (2025.12),2026-03-19
036220,오상헬스케어,매출 구성,혈당측정기,56.4,반기보고서 (2026.06),2026-08-14
036220,오상헬스케어,매출 구성,당화혈색소측정기,20.6,반기보고서 (2026.06),2026-08-14
036220,오상헬스케어,매출 구성,면역진단기기및 측정마커,16.9,반기보고서 (2026.06),2026-08-14
036220,오상헬스케어,매출 구성,분자진단 시약및 KIT,3.5,반기보고서 (2026.06),2026-08-14
036220,오상헬스케어,매출 구성,그 밖,2.6,반기보고서 (2026.06),2026-08-14
052420,오성첨단소재,매출 구성,DISPLAY 소재,100,반기보고서 (2026.06),2026-08-14
048260,오스템임플란트,매출 구성,임플란트,100,반기보고서 (2026.06),2026-08-14
342870,오아,매출 구성,중소형 가전,79.4,반기보고서 (2026.06),2026-08-14
342870,오아,매출 구성,건강 푸드,20.5,반기보고서 (2026.06),2026-08-14
342870,오아,매출 구성,신사업,0.1,반기보고서 (2026.06),2026-08-14
368970,오에스피,매출 구성,ODM제품,62.6,반기보고서 (2026.06),2026-08-14
368970,오에스피,매출 구성,PB제품,37.4,반기보고서 (2026.06),2026-08-14
138080,오이솔루션,매출 구성,광통신 모듈,93.9,반기보고서 (2026.06),2026-08-14
138080,오이솔루션,매출 구성,광통신 소자,6.1,반기보고서 (2026.06),2026-08-14
080580,오킨스전자,매출 구성,BI Socket 외 제조관련,91.9,반기보고서 (2026.06),2026-08-14
080580,오킨스전자,매출 구성,반도체테스트 서비스,6.7,반기보고서 (2026.06),2026-08-14
080580,오킨스전자,매출 구성,기타,1.4,반기보고서 (2026.06),2026-08-14
067170,오텍,매출 구성,에어컨사업부문,88.4,반기보고서 (2026.06),2026-08-14
067170,오텍,매출 구성,시스템사업부문,11.6,반기보고서 (2026.06),2026-08-14
173130,오파스넷,매출 구성,네트워크 구축,54.8,반기보고서 (2026.06),2026-08-14
173130,오파스넷,매출 구성,유지보수,40.7,반기보고서 (2026.06),2026-08-14
173130,오파스넷,매출 구성,기타,4.5,반기보고서 (2026.06),2026-08-14
440320,오픈놀,매출 구성,디지털사이니지 및산업용 디스플레이,54.3,반기보고서 (2026.06),2026-08-12
440320,오픈놀,매출 구성,플랫폼 서비스,28.4,반기보고서 (2026.06),2026-08-12
440320,오픈놀,매출 구성,솔루션 부문,16.9,반기보고서 (2026.06),2026-08-12
440320,오픈놀,매출 구성,기타,0.4,반기보고서 (2026.06),2026-08-12
049480,오픈베이스,매출 구성,컴퓨터 통신장비판매업과소프트웨어개발,97.3,반기보고서 (2026.06),2026-08-14
049480,오픈베이스,매출 구성,기타,1.4,반기보고서 (2026.06),2026-08-14
049480,오픈베이스,매출 구성,부동산 임대업,1.3,반기보고서 (2026.06),2026-08-14
394280,오픈엣지테크놀로지,매출 구성,라이선스,68.4,반기보고서 (2026.06),2026-08-14
394280,오픈엣지테크놀로지,매출 구성,유지보수,28.3,반기보고서 (2026.06),2026-08-14
394280,오픈엣지테크놀로지,매출 구성,기타,2.7,반기보고서 (2026.06),2026-08-14
394280,오픈엣지테크놀로지,매출 구성,로열티,0.7,반기보고서 (2026.06),2026-08-14
005320,온타이드,매출 구성,당반기,54.8,반기보고서 (2026.06),2026-08-14
005320,온타이드,매출 구성,전반기,45.2,반기보고서 (2026.06),2026-08-14
244460,올리패스,매출 구성,Analysis Research,33.3,반기보고서 (2026.06),2026-08-14
244460,올리패스,매출 구성,Monomer,22.2,반기보고서 (2026.06),2026-08-14
244460,올리패스,매출 구성,Oligo Sciences,22.2,반기보고서 (2026.06),2026-08-14
244460,올리패스,매출 구성,BioPharmacology,22.2,반기보고서 (2026.06),2026-08-14
226950,올릭스,매출 구성,연구용역매출,68.7,반기보고서 (2026.06),2026-08-14
226950,올릭스,매출 구성,기술이전수익,31.3,반기보고서 (2026.06),2026-08-14
057540,옴니시스템,매출 구성,MMV부문,47.3,[첨부추가]반기보고서 (2026.06),2026-08-14
057540,옴니시스템,매출 구성,카드부문,47.1,[첨부추가]반기보고서 (2026.06),2026-08-14
057540,옴니시스템,매출 구성,조명부문,5.6,[첨부추가]반기보고서 (2026.06),2026-08-14
131030,옵투스제약,매출 구성,의약품,98.8,반기보고서 (2026.06),2026-08-14
131030,옵투스제약,매출 구성,의약품외,0.7,반기보고서 (2026.06),2026-08-14
131030,옵투스제약,매출 구성,기타,0.5,반기보고서 (2026.06),2026-08-14
082210,옵트론텍,매출 구성,광학부품,100,반기보고서 (2026.06),2026-08-13
109080,옵티시스,매출 구성,영상신호용광링크,73.6,반기보고서 (2026.06),2026-08-14
109080,옵티시스,매출 구성,IP Solution,9.9,반기보고서 (2026.06),2026-08-14
109080,옵티시스,매출 구성,CABLE,8.1,반기보고서 (2026.06),2026-08-14
109080,옵티시스,매출 구성,기타,4.6,반기보고서 (2026.06),2026-08-14
109080,옵티시스,매출 구성,그 밖,3.8,반기보고서 (2026.06),2026-08-14
380540,옵티코어,매출 구성,자동화장비외,45.8,사업보고서 (2024.12),2025-03-20
380540,옵티코어,매출 구성,광트랜시버,40.2,사업보고서 (2024.12),2025-03-20
380540,옵티코어,매출 구성,광다중화장치,14,사업보고서 (2024.12),2025-03-20
432430,와이랩,매출 구성,K-POP 사업화,48.9,반기보고서 (2026.06),2026-08-14
432430,와이랩,매출 구성,영상 제작,25.7,반기보고서 (2026.06),2026-08-14
432430,와이랩,매출 구성,웹툰 제작,14.5,반기보고서 (2026.06),2026-08-14
432430,와이랩,매출 구성,IP OSMU,10.9,반기보고서 (2026.06),2026-08-14
338840,와이바이오로직스,매출 구성,계약연구 서비스,97.3,사업보고서 (2024.12),2025-03-21
338840,와이바이오로직스,매출 구성,공동 연구,2.7,사업보고서 (2024.12),2025-03-21
122990,와이솔,매출 구성,전자부품제조,98.1,반기보고서 (2026.06),2026-08-13
122990,와이솔,매출 구성,기타,1.9,반기보고서 (2026.06),2026-08-13
232140,와이씨,매출 구성,반도체및전자,98.1,사업보고서 (2025.12),2026-03-18
232140,와이씨,매출 구성,금융업,1.9,사업보고서 (2025.12),2026-03-18
112290,와이씨켐,매출 구성,Photo 소재,51.7,반기보고서 (2026.06),2026-08-12
112290,와이씨켐,매출 구성,Wet chemical,28.3,반기보고서 (2026.06),2026-08-12
112290,와이씨켐,매출 구성,기타전자재료,8.6,반기보고서 (2026.06),2026-08-12
112290,와이씨켐,매출 구성,PR용 Rinse,8.1,반기보고서 (2026.06),2026-08-12
112290,와이씨켐,매출 구성,그 밖,3.4,반기보고서 (2026.06),2026-08-12
065530,와이어블,매출 구성,공용무선기지국(중계망),74.7,반기보고서 (2026.06),2026-08-14
065530,와이어블,매출 구성,국방부체계지원,24,반기보고서 (2026.06),2026-08-14
065530,와이어블,매출 구성,신재생에너지,1.4,반기보고서 (2026.06),2026-08-14
067900,와이엔텍,매출 구성,해운,64.1,반기보고서 (2026.06),2026-08-14
067900,와이엔텍,매출 구성,폐기물처리,21,반기보고서 (2026.06),2026-08-14
067900,와이엔텍,매출 구성,골프장,7.7,반기보고서 (2026.06),2026-08-14
067900,와이엔텍,매출 구성,레미콘,7.2,반기보고서 (2026.06),2026-08-14
007530,와이엠,매출 구성,파스너등,98.1,반기보고서 (2026.06),2026-08-14
007530,와이엠,매출 구성,용역매출,1.9,반기보고서 (2026.06),2026-08-14
007530,와이엠,매출 구성,기타매출,0,반기보고서 (2026.06),2026-08-14
155650,와이엠씨,매출 구성,디스플레이소재,41.1,반기보고서 (2026.06),2026-08-14
155650,와이엠씨,매출 구성,반도체 및디스플레이부품,35.3,반기보고서 (2026.06),2026-08-14
155650,와이엠씨,매출 구성,용역,17.9,반기보고서 (2026.06),2026-08-14
155650,와이엠씨,매출 구성,기타및상품,5.7,반기보고서 (2026.06),2026-08-14
251370,와이엠티,매출 구성,다층,38.6,반기보고서 (2026.06),2026-08-14
251370,와이엠티,매출 구성,FPCB,19,반기보고서 (2026.06),2026-08-14
251370,와이엠티,매출 구성,HDI,15.5,반기보고서 (2026.06),2026-08-14
251370,와이엠티,매출 구성,PKG,15,반기보고서 (2026.06),2026-08-14
251370,와이엠티,매출 구성,그 밖,12,반기보고서 (2026.06),2026-08-14
209640,와이제이링크,매출 구성,기타,19.5,반기보고서 (2026.06),2026-08-14
209640,와이제이링크,매출 구성,Conveyor,19,반기보고서 (2026.06),2026-08-14
209640,와이제이링크,매출 구성,LaserMarking,18.9,반기보고서 (2026.06),2026-08-14
209640,와이제이링크,매출 구성,Loader / Unloader,16.4,반기보고서 (2026.06),2026-08-14
209640,와이제이링크,매출 구성,그 밖,26.2,반기보고서 (2026.06),2026-08-14
096250,와이즈넛,매출 구성,AI 에이전트(AI Agent),42,반기보고서 (2026.06),2026-08-14
096250,와이즈넛,매출 구성,인공지능(AI),22.6,반기보고서 (2026.06),2026-08-14
096250,와이즈넛,매출 구성,유지보수,20.9,반기보고서 (2026.06),2026-08-14
096250,와이즈넛,매출 구성,서비스,12.3,반기보고서 (2026.06),2026-08-14
096250,와이즈넛,매출 구성,그 밖,2.2,반기보고서 (2026.06),2026-08-14
273060,와이즈버즈,매출 구성,광고대행,95.2,반기보고서 (2026.06),2026-08-07
273060,와이즈버즈,매출 구성,기타,4.8,반기보고서 (2026.06),2026-08-07
273060,와이즈버즈,매출 구성,임대수익,0,반기보고서 (2026.06),2026-08-07
019210,와이지-원,매출 구성,절삭공구,100,반기보고서 (2026.06),2026-08-14
122870,와이지엔터테인먼트,매출 구성,기타 사업,42.9,반기보고서 (2026.06),2026-08-14
122870,와이지엔터테인먼트,매출 구성,상ㆍ제품,35.3,반기보고서 (2026.06),2026-08-14
122870,와이지엔터테인먼트,매출 구성,음악서비스,11.3,반기보고서 (2026.06),2026-08-14
122870,와이지엔터테인먼트,매출 구성,공연,10.5,반기보고서 (2026.06),2026-08-14
011690,와이투솔루션,매출 구성,바이오에너지,70.1,반기보고서 (2026.06),2026-08-14
011690,와이투솔루션,매출 구성,PSU,28.5,반기보고서 (2026.06),2026-08-14
011690,와이투솔루션,매출 구성,로봇 및기타,1.4,반기보고서 (2026.06),2026-08-14
032820,우리기술,매출 구성,연결후금액,49.6,반기보고서 (2026.06),2026-08-14
032820,우리기술,매출 구성,방위산업장비,26.5,반기보고서 (2026.06),2026-08-14
032820,우리기술,매출 구성,제어시스템,19.8,반기보고서 (2026.06),2026-08-14
032820,우리기술,매출 구성,임대사업,2.5,반기보고서 (2026.06),2026-08-14
032820,우리기술,매출 구성,그 밖,1.6,반기보고서 (2026.06),2026-08-14
115440,우리넷,매출 구성,통신장비IoT모듈 등,68.5,반기보고서 (2026.06),2026-08-14
115440,우리넷,매출 구성,설치및유지보수등,18.9,반기보고서 (2026.06),2026-08-14
115440,우리넷,매출 구성,OLED 소재,7.7,반기보고서 (2026.06),2026-08-14
115440,우리넷,매출 구성,통신장비,4.9,반기보고서 (2026.06),2026-08-14
046970,우리로,매출 구성,SI 사업부,59.2,반기보고서 (2026.06),2026-08-12
046970,우리로,매출 구성,광통신 사업부,29.7,반기보고서 (2026.06),2026-08-12
046970,우리로,매출 구성,음향기기 판매 사업부,11,반기보고서 (2026.06),2026-08-12
082850,우리바이오,매출 구성,LED,94.5,반기보고서 (2026.06),2026-08-14
082850,우리바이오,매출 구성,바이오 (건강기능식품),5.5,반기보고서 (2026.06),2026-08-14
073560,우리손에프앤지,매출 구성,가공유통사업,53.8,반기보고서 (2026.06),2026-08-14
073560,우리손에프앤지,매출 구성,해외사업,30,반기보고서 (2026.06),2026-08-14
073560,우리손에프앤지,매출 구성,가금사업,15.7,반기보고서 (2026.06),2026-08-14
073560,우리손에프앤지,매출 구성,상품,0.5,반기보고서 (2026.06),2026-08-14
037400,우리엔터프라이즈,매출 구성,LED BLU,92.9,반기보고서 (2026.06),2026-08-14
037400,우리엔터프라이즈,매출 구성,바이오(건강기능식품),5.3,반기보고서 (2026.06),2026-08-14
037400,우리엔터프라이즈,매출 구성,조명사업부문,1.7,반기보고서 (2026.06),2026-08-14
037400,우리엔터프라이즈,매출 구성,임대사업부,0,반기보고서 (2026.06),2026-08-14
153490,우리이앤엘하루틴,매출 구성,LED,86.8,반기보고서 (2026.06),2026-08-14
153490,우리이앤엘하루틴,매출 구성,건강기능식품,13.2,반기보고서 (2026.06),2026-08-14
101170,우림피티에스,매출 구성,방산.항공.로봇.건설장비용기어박스 등,50.8,반기보고서 (2026.06),2026-08-14
101170,우림피티에스,매출 구성,제철설비/산업용기어박스,49.2,반기보고서 (2026.06),2026-08-14
006980,우성,매출 구성,아산부문,41.3,반기보고서 (2026.06),2026-08-14
006980,우성,매출 구성,논산부문,25,반기보고서 (2026.06),2026-08-14
006980,우성,매출 구성,본사부문등,14.2,반기보고서 (2026.06),2026-08-14
006980,우성,매출 구성,경산부문,13,반기보고서 (2026.06),2026-08-14
006980,우성,매출 구성,그 밖,6.6,반기보고서 (2026.06),2026-08-14
103840,우양,매출 구성,당반기,52.7,반기보고서 (2026.06),2026-08-14
103840,우양,매출 구성,전반기,47.3,반기보고서 (2026.06),2026-08-14
101970,우양에이치씨,매출 구성,화공플랜트,88.1,반기보고서 (2026.06),2026-08-14
101970,우양에이치씨,매출 구성,기타,7.7,반기보고서 (2026.06),2026-08-14
101970,우양에이치씨,매출 구성,에너지플랜트,4.3,반기보고서 (2026.06),2026-08-14
065680,우주일렉트로,매출 구성,IT,59,반기보고서 (2026.06),2026-08-14
065680,우주일렉트로,매출 구성,AD,41,반기보고서 (2026.06),2026-08-14
065680,우주일렉트로,매출 구성,공통,0,반기보고서 (2026.06),2026-08-14
105840,우진,매출 구성,온도센서및계측기사업등,71.5,반기보고서 (2026.06),2026-08-14
105840,우진,매출 구성,원자력사업,22,반기보고서 (2026.06),2026-08-14
105840,우진,매출 구성,플랜트사업,6.5,반기보고서 (2026.06),2026-08-14
018620,우진비앤지,매출 구성,동물약품제조외,87.2,반기보고서 (2026.06),2026-08-14
018620,우진비앤지,매출 구성,동물약품수입상품외,10.9,반기보고서 (2026.06),2026-08-14
018620,우진비앤지,매출 구성,임가공,1.9,반기보고서 (2026.06),2026-08-14
049800,우진플라임,매출 구성,한국부문,92.7,반기보고서 (2026.06),2026-08-14
049800,우진플라임,매출 구성,중국부문,5.9,반기보고서 (2026.06),2026-08-14
049800,우진플라임,매출 구성,미국부문,1.3,반기보고서 (2026.06),2026-08-14
049800,우진플라임,매출 구성,기타,0,반기보고서 (2026.06),2026-08-14
095720,웅진씽크빅,매출 구성,국내교육서비스및출판사업,69.7,반기보고서 (2026.06),2026-08-14
095720,웅진씽크빅,매출 구성,도서유통및물류사업,26,반기보고서 (2026.06),2026-08-14
095720,웅진씽크빅,매출 구성,영어 교육사업,4.2,반기보고서 (2026.06),2026-08-14
396470,워트,매출 구성,THC,56.7,반기보고서 (2026.06),2026-08-07
396470,워트,매출 구성,FFU,29.9,반기보고서 (2026.06),2026-08-07
396470,워트,매출 구성,상품,4.7,반기보고서 (2026.06),2026-08-07
396470,워트,매출 구성,기타,4.5,반기보고서 (2026.06),2026-08-07
396470,워트,매출 구성,그 밖,4.2,반기보고서 (2026.06),2026-08-07
005820,원림,매출 구성,화성사업부문,83.1,반기보고서 (2026.06),2026-08-14
005820,원림,매출 구성,의료기기부문,16.9,반기보고서 (2026.06),2026-08-14
307280,원바이오젠,매출 구성,폴리우레탄폼드레싱류,52.3,반기보고서 (2026.06),2026-08-14
307280,원바이오젠,매출 구성,화장품류,26.1,반기보고서 (2026.06),2026-08-14
307280,원바이오젠,매출 구성,하이드로콜로이드 드레싱류,11.6,반기보고서 (2026.06),2026-08-14
307280,원바이오젠,매출 구성,기타드레싱류,10,반기보고서 (2026.06),2026-08-14
032940,원익,매출 구성,헬스케어통상부문,75.2,반기보고서 (2026.06),2026-08-14
032940,원익,매출 구성,전자부품부문,21.5,반기보고서 (2026.06),2026-08-14
032940,원익,매출 구성,기타부문,3.3,반기보고서 (2026.06),2026-08-14
014190,원익큐브,매출 구성,폴리머 부문,39.6,반기보고서 (2026.06),2026-08-14
014190,원익큐브,매출 구성,케미칼 부문,29.8,반기보고서 (2026.06),2026-08-14
014190,원익큐브,매출 구성,건자재 부문,15.5,반기보고서 (2026.06),2026-08-14
014190,원익큐브,매출 구성,실리콘 부문,8.2,반기보고서 (2026.06),2026-08-14
014190,원익큐브,매출 구성,그 밖,6.9,반기보고서 (2026.06),2026-08-14
030530,원익홀딩스,매출 구성,가스,60.5,반기보고서 (2026.06),2026-08-14
030530,원익홀딩스,매출 구성,반도체 장비,32.3,반기보고서 (2026.06),2026-08-14
030530,원익홀딩스,매출 구성,투자,5.2,반기보고서 (2026.06),2026-08-14
030530,원익홀딩스,매출 구성,신사업,2,반기보고서 (2026.06),2026-08-14
240810,원익IPS,매출 구성,제품매출액,81.8,반기보고서 (2026.06),2026-08-14
240810,원익IPS,매출 구성,기타매출액,18.2,반기보고서 (2026.06),2026-08-14
074600,원익QnC,매출 구성,쿼츠,85.2,반기보고서 (2026.06),2026-08-14
074600,원익QnC,매출 구성,세정,11.3,반기보고서 (2026.06),2026-08-14
074600,원익QnC,매출 구성,세라믹스,2.8,반기보고서 (2026.06),2026-08-14
074600,원익QnC,매출 구성,기타,0.6,반기보고서 (2026.06),2026-08-14
012620,원일특강,매출 구성,특수강,91.9,반기보고서 (2026.06),2026-08-14
012620,원일특강,매출 구성,단조,7.3,반기보고서 (2026.06),2026-08-14
012620,원일특강,매출 구성,임가공,0.8,반기보고서 (2026.06),2026-08-14
136150,원일티엔아이,매출 구성,고압연소식기화기,50,반기보고서 (2026.06),2026-08-14
136150,원일티엔아이,매출 구성,수소저장합금,33.4,반기보고서 (2026.06),2026-08-14
136150,원일티엔아이,매출 구성,개질기,16.7,반기보고서 (2026.06),2026-08-14
382840,원준,매출 구성,열처리 장비,56.4,사업보고서 (2025.12),2026-03-23
382840,원준,매출 구성,공정 설비,28.8,사업보고서 (2025.12),2026-03-23
382840,원준,매출 구성,기타,14.8,사업보고서 (2025.12),2026-03-23
122830,원포유,사업 구성,MS사업매출,45.7,반기보고서 (2026.06),2026-08-14
122830,원포유,사업 구성,비대면서비스 매출,30.5,반기보고서 (2026.06),2026-08-14
122830,원포유,사업 구성,통신료매출,23.8,반기보고서 (2026.06),2026-08-14
122830,원포유,사업 구성,기타 매출,0,반기보고서 (2026.06),2026-08-14
101160,월덱스,매출 구성,재고지수,21.1,사업보고서 (2023.12),2024-03-19
101160,월덱스,매출 구성,생산지수,19.7,사업보고서 (2023.12),2024-03-19
101160,월덱스,매출 구성,출하지수,19.7,사업보고서 (2023.12),2024-03-19
101160,월덱스,매출 구성,가동률지수,19.7,사업보고서 (2023.12),2024-03-19
101160,월덱스,매출 구성,그 밖,19.7,사업보고서 (2023.12),2024-03-19
289930,웨이비스,매출 구성,GaN RF 반도체,100,반기보고서 (2026.06),2026-08-13
010600,웰바이오텍,매출 구성,당반기,52.8,반기보고서 (2026.06),2026-08-11
010600,웰바이오텍,매출 구성,전반기,47.2,반기보고서 (2026.06),2026-08-11
065950,웰크론,매출 구성,기타,64.8,반기보고서 (2026.06),2026-08-14
065950,웰크론,매출 구성,C社,12.5,반기보고서 (2026.06),2026-08-14
065950,웰크론,매출 구성,D社,10.1,반기보고서 (2026.06),2026-08-14
065950,웰크론,매출 구성,S社,4.8,반기보고서 (2026.06),2026-08-14
065950,웰크론,매출 구성,그 밖,7.8,반기보고서 (2026.06),2026-08-14
076080,웰크론한텍,매출 구성,연구기간,99.9,반기보고서 (2026.06),2026-08-14
076080,웰크론한텍,매출 구성,연구개발주요내용,0,반기보고서 (2026.06),2026-08-14
076080,웰크론한텍,매출 구성,사업화 계획,0,반기보고서 (2026.06),2026-08-14
043590,웰킵스하이텍,매출 구성,자동차사업부,76.5,반기보고서 (2026.06),2026-08-14
043590,웰킵스하이텍,매출 구성,반도체사업부,23.5,반기보고서 (2026.06),2026-08-14
196700,웹스,매출 구성,자동차내장 소재,74,반기보고서 (2026.06),2026-08-14
196700,웹스,매출 구성,건축외장 소재,19.4,반기보고서 (2026.06),2026-08-14
196700,웹스,매출 구성,임대수입외,3.5,반기보고서 (2026.06),2026-08-14
196700,웹스,매출 구성,기능성 소재,3.1,반기보고서 (2026.06),2026-08-14
069080,웹젠,매출 구성,"게임사업(개발, 퍼블리싱,IP 관련)",100,사업보고서 (2023.12),2024-03-13
053580,웹케시,매출 구성,공공/금융기관,38.8,반기보고서 (2026.06),2026-08-14
053580,웹케시,매출 구성,중소기업,35.3,반기보고서 (2026.06),2026-08-14
053580,웹케시,매출 구성,중견/대기업,25.9,반기보고서 (2026.06),2026-08-14
479960,위너스일렉,매출 구성,배선기구,40.7,반기보고서 (2026.06),2026-08-14
479960,위너스일렉,매출 구성,기타(통신),34.4,반기보고서 (2026.06),2026-08-14
479960,위너스일렉,매출 구성,멀티탭,24.3,반기보고서 (2026.06),2026-08-14
479960,위너스일렉,매출 구성,스마트배선/분전함,0.6,반기보고서 (2026.06),2026-08-14
039790,위노바,매출 구성,화장품,96.5,[기재정정]사업보고서 (2025.12),2026-07-31
039790,위노바,매출 구성,세정제공산품,3.4,[기재정정]사업보고서 (2025.12),2026-07-31
039790,위노바,매출 구성,마스크,0.1,[기재정정]사업보고서 (2025.12),2026-07-31
044340,위닉스,매출 구성,여객,87,반기보고서 (2026.06),2026-08-14
044340,위닉스,매출 구성,화물운송수입,7.6,반기보고서 (2026.06),2026-08-14
044340,위닉스,매출 구성,기타,5.4,반기보고서 (2026.06),2026-08-14
330350,위더스제약,매출 구성,순환기용제,28.4,반기보고서 (2026.06),2026-08-14
330350,위더스제약,매출 구성,기타 처방 의약품,25.6,반기보고서 (2026.06),2026-08-14
330350,위더스제약,매출 구성,항생제,18.2,반기보고서 (2026.06),2026-08-14
330350,위더스제약,매출 구성,C M O,11.7,반기보고서 (2026.06),2026-08-14
330350,위더스제약,매출 구성,그 밖,16.1,반기보고서 (2026.06),2026-08-14
348350,위드텍,매출 구성,용역,54.8,반기보고서 (2026.06),2026-08-14
348350,위드텍,매출 구성,대기(AMC),27.6,반기보고서 (2026.06),2026-08-14
348350,위드텍,매출 구성,대기환경(TMS),8.7,반기보고서 (2026.06),2026-08-14
348350,위드텍,매출 구성,공정프로세스,8.5,반기보고서 (2026.06),2026-08-14
348350,위드텍,매출 구성,그 밖,0.3,반기보고서 (2026.06),2026-08-14
112040,위메이드,매출 구성,모바일,74.1,반기보고서 (2026.06),2026-08-14
112040,위메이드,매출 구성,라이선스,10.6,반기보고서 (2026.06),2026-08-14
112040,위메이드,매출 구성,PC온라인,10.3,반기보고서 (2026.06),2026-08-14
112040,위메이드,매출 구성,블록체인,4.8,반기보고서 (2026.06),2026-08-14
112040,위메이드,매출 구성,그 밖,0.2,반기보고서 (2026.06),2026-08-14
101730,위메이드맥스,매출 구성,라이선스,42,반기보고서 (2026.06),2026-08-14
101730,위메이드맥스,매출 구성,모바일,31.2,반기보고서 (2026.06),2026-08-14
101730,위메이드맥스,매출 구성,PC온라인,24.1,반기보고서 (2026.06),2026-08-14
101730,위메이드맥스,매출 구성,기타,2.7,반기보고서 (2026.06),2026-08-14
123420,위메이드플레이,매출 구성,모바일게임,83.1,반기보고서 (2026.06),2026-08-14
123420,위메이드플레이,매출 구성,광고 등기타,16.9,반기보고서 (2026.06),2026-08-14
065370,위세아이텍,매출 구성,빅데이터 (분석과 품질),86.5,반기보고서 (2026.06),2026-08-14
065370,위세아이텍,매출 구성,AI,11.4,반기보고서 (2026.06),2026-08-14
065370,위세아이텍,매출 구성,기타,2.1,반기보고서 (2026.06),2026-08-14
038620,위즈코프,매출 구성,휴게소사업부문,68.4,반기보고서 (2026.06),2026-08-14
038620,위즈코프,매출 구성,학원교육사업부문,31.6,반기보고서 (2026.06),2026-08-14
299900,위지윅스튜디오,매출 구성,방송,47.9,분기보고서 (2026.03),2026-04-30
299900,위지윅스튜디오,매출 구성,음악,20.2,분기보고서 (2026.03),2026-04-30
299900,위지윅스튜디오,매출 구성,콘텐츠솔루션,16.7,분기보고서 (2026.03),2026-04-30
299900,위지윅스튜디오,매출 구성,영화,13.5,분기보고서 (2026.03),2026-04-30
299900,위지윅스튜디오,매출 구성,그 밖,1.7,분기보고서 (2026.03),2026-04-30
459100,위츠,매출 구성,전자사업,77.4,반기보고서 (2026.06),2026-08-14
459100,위츠,매출 구성,전장사업,21.4,반기보고서 (2026.06),2026-08-14
459100,위츠,매출 구성,기타,1.1,반기보고서 (2026.06),2026-08-14
136540,윈스테크넷,매출 구성,정보보안,95.9,반기보고서 (2026.06),2026-08-13
136540,윈스테크넷,매출 구성,기타,4.1,반기보고서 (2026.06),2026-08-13
097800,윈팩,매출 구성,PKG,81.6,반기보고서 (2026.06),2026-08-14
097800,윈팩,매출 구성,TEST,18.1,반기보고서 (2026.06),2026-08-14
097800,윈팩,매출 구성,상품,0.3,반기보고서 (2026.06),2026-08-14
192390,윈하이텍,매출 구성,데크플레이트외,100,반기보고서 (2026.06),2026-08-14
008600,윌비스,매출 구성,섬유사업,62.6,반기보고서 (2026.06),2026-08-14
008600,윌비스,매출 구성,교육사업,37.2,반기보고서 (2026.06),2026-08-14
008600,윌비스,매출 구성,소프트웨어,0.2,반기보고서 (2026.06),2026-08-14
335870,윙스풋,매출 구성,페슈라(FESSURA),29.1,반기보고서 (2026.06),2026-08-14
335870,윙스풋,매출 구성,쉐어러스(Shearers),15.1,반기보고서 (2026.06),2026-08-14
335870,윙스풋,매출 구성,캘빈클라인(Calvin Klein),15.1,반기보고서 (2026.06),2026-08-14
335870,윙스풋,매출 구성,컬트(CULT),14,반기보고서 (2026.06),2026-08-14
335870,윙스풋,매출 구성,그 밖,26.8,반기보고서 (2026.06),2026-08-14
900340,윙입푸드,매출 구성,전통식품: 중국식 살라미,37.1,반기보고서 (2026.06),2026-08-31
900340,윙입푸드,매출 구성,간편식품,36.5,반기보고서 (2026.06),2026-08-31
900340,윙입푸드,매출 구성,전통식품: 중국식 베이컨,11.1,반기보고서 (2026.06),2026-08-31
900340,윙입푸드,매출 구성,전통식품: 기타,8.7,반기보고서 (2026.06),2026-08-31
900340,윙입푸드,매출 구성,그 밖,6.6,반기보고서 (2026.06),2026-08-31
064510,유네코,매출 구성,슬래그처리,41,반기보고서 (2026.06),2026-08-14
064510,유네코,매출 구성,PS Ball,31,반기보고서 (2026.06),2026-08-14
064510,유네코,매출 구성,중량골재,7.9,반기보고서 (2026.06),2026-08-14
064510,유네코,매출 구성,용역기타,7.5,반기보고서 (2026.06),2026-08-14
064510,유네코,매출 구성,그 밖,12.6,반기보고서 (2026.06),2026-08-14
014830,유니드,매출 구성,화학사업부,100,반기보고서 (2026.06),2026-08-13
014830,유니드,매출 구성,사업부,0,반기보고서 (2026.06),2026-08-13
446070,유니드비티플러스,매출 구성,"MDF, 포르말린 등",91.8,반기보고서 (2026.06),2026-08-14
446070,유니드비티플러스,매출 구성,"PB, 제재목 등",8.2,반기보고서 (2026.06),2026-08-14
036200,유니셈,매출 구성,Chiller Unit,80.5,반기보고서 (2026.06),2026-08-14
036200,유니셈,매출 구성,Gas Scrubber,19.5,반기보고서 (2026.06),2026-08-14
018000,유니슨,매출 구성,풍력사업부,57.8,사업보고서 (2025.12),2026-03-19
018000,유니슨,매출 구성,발전운영사업부,38.6,사업보고서 (2025.12),2026-03-19
018000,유니슨,매출 구성,타워사업부,2.9,사업보고서 (2025.12),2026-03-19
018000,유니슨,매출 구성,기타,0.7,사업보고서 (2025.12),2026-03-19
000910,유니온,매출 구성,시멘트제조,46.3,반기보고서 (2026.06),2026-08-14
000910,유니온,매출 구성,페라이트사업,31.5,반기보고서 (2026.06),2026-08-14
000910,유니온,매출 구성,세라믹사업,20.6,반기보고서 (2026.06),2026-08-14
000910,유니온,매출 구성,환경기계등,1.6,반기보고서 (2026.06),2026-08-14
047400,유니온머티리얼,매출 구성,페라이트,60.4,반기보고서 (2026.06),2026-08-14
047400,유니온머티리얼,매출 구성,세라믹,39.6,반기보고서 (2026.06),2026-08-14
203450,유니온바이오메트릭스,매출 구성,유니온커뮤니티,100,사업보고서 (2024.12),2025-03-20
011330,유니켐,매출 구성,제 조(소재),74.3,[기재정정]반기보고서 (2026.06),2026-08-18
011330,유니켐,매출 구성,엔터,25.5,[기재정정]반기보고서 (2026.06),2026-08-18
011330,유니켐,매출 구성,기타,0.2,[기재정정]반기보고서 (2026.06),2026-08-18
011330,유니켐,매출 구성,상품,0,[기재정정]반기보고서 (2026.06),2026-08-18
077500,유니퀘스트,매출 구성,본사 소재지 국가,99.4,반기보고서 (2026.06),2026-08-14
077500,유니퀘스트,매출 구성,외국,0.6,반기보고서 (2026.06),2026-08-14
011320,유니크,매출 구성,자동차부품,100,반기보고서 (2026.06),2026-08-14
241690,유니테크노,매출 구성,친환경및내연기관공용제품,82.3,반기보고서 (2026.06),2026-08-14
241690,유니테크노,매출 구성,내연기관제품,17.7,반기보고서 (2026.06),2026-08-14
142210,유니트론텍,매출 구성,반도체,77.8,반기보고서 (2026.06),2026-08-14
142210,유니트론텍,매출 구성,디스플레이,22.2,반기보고서 (2026.06),2026-08-14
142210,유니트론텍,매출 구성,기타,0.1,반기보고서 (2026.06),2026-08-14
142210,유니트론텍,매출 구성,수수료,0,반기보고서 (2026.06),2026-08-14
121060,유니포인트,매출 구성,IT인프라사업(SI),44.3,사업보고서 (2025.12),2026-03-16
121060,유니포인트,매출 구성,보안사업,29.9,사업보고서 (2025.12),2026-03-16
121060,유니포인트,매출 구성,SI유지보수,20.5,사업보고서 (2025.12),2026-03-16
121060,유니포인트,매출 구성,보안유지보수,4.9,사업보고서 (2025.12),2026-03-16
121060,유니포인트,매출 구성,그 밖,0.4,사업보고서 (2025.12),2026-03-16
088340,유라클,매출 구성,모바일플랫폼,40.4,반기보고서 (2026.06),2026-08-14
088340,유라클,매출 구성,운영/유지보수,32.6,반기보고서 (2026.06),2026-08-14
088340,유라클,매출 구성,모바일 기기 유통,16.5,반기보고서 (2026.06),2026-08-14
088340,유라클,매출 구성,AI 플랫폼,10.4,반기보고서 (2026.06),2026-08-14
048430,유라테크,매출 구성,자동차부품,100,반기보고서 (2026.06),2026-08-14
206650,유바이오로직스,매출 구성,유비콜외,99,반기보고서 (2026.06),2026-08-13
206650,유바이오로직스,매출 구성,바이오의약품수탁연구및제조,1,반기보고서 (2026.06),2026-08-13
495810,유비씨,사업 구성,On-Premise DT,70.8,사업보고서 (2025.12),2026-03-23
495810,유비씨,사업 구성,SaaS DT,18.8,사업보고서 (2025.12),2026-03-23
495810,유비씨,사업 구성,솔루션,8.3,사업보고서 (2025.12),2026-03-23
495810,유비씨,사업 구성,기타,2.1,사업보고서 (2025.12),2026-03-23
084440,유비온,매출 구성,학습관리 플랫폼 소프트웨어,64.3,분기보고서 (2026.06),2026-08-14
084440,유비온,매출 구성,에듀테크 서비스,35.7,분기보고서 (2026.06),2026-08-14
264450,유비쿼스,매출 구성,네트워크사업,100,반기보고서 (2026.06),2026-08-14
002920,유성기업,매출 구성,내연기관부품제조판매,100,반기보고서 (2026.06),2026-08-14
024800,유성티엔에스,매출 구성,물류,98.9,반기보고서 (2026.06),2026-08-14
024800,유성티엔에스,매출 구성,기타,0.8,반기보고서 (2026.06),2026-08-14
024800,유성티엔에스,매출 구성,유통,0.2,반기보고서 (2026.06),2026-08-14
000700,유수홀딩스,매출 구성,종합물류,64.1,반기보고서 (2026.06),2026-08-14
000700,유수홀딩스,매출 구성,IT,31.5,반기보고서 (2026.06),2026-08-14
000700,유수홀딩스,매출 구성,기타,4.4,반기보고서 (2026.06),2026-08-14
069330,유아이디,매출 구성,임가공,47.7,반기보고서 (2026.06),2026-08-14
069330,유아이디,매출 구성,임가공제품,30.2,반기보고서 (2026.06),2026-08-14
069330,유아이디,매출 구성,기타,22.1,반기보고서 (2026.06),2026-08-14
069330,유아이디,매출 구성,ESS,0,반기보고서 (2026.06),2026-08-14
049520,유아이엘,매출 구성,전반기,53.4,반기보고서 (2026.06),2026-08-14
049520,유아이엘,매출 구성,당반기,46.6,반기보고서 (2026.06),2026-08-14
003470,유안타증권,매출 구성,증권업,99.8,사업보고서 (2025.12),2026-03-12
003470,유안타증권,매출 구성,창업투자업,0.2,사업보고서 (2025.12),2026-03-12
003470,유안타증권,매출 구성,해외증권업,0.1,사업보고서 (2025.12),2026-03-12
263770,유에스티,매출 구성,스테인리스강관외,95.7,반기보고서 (2026.06),2026-08-14
263770,유에스티,매출 구성,기타,4.3,반기보고서 (2026.06),2026-08-14
337840,유엑스엔,사업 구성,개발용역,81.1,사업보고서 (2025.12),2026-03-23
337840,유엑스엔,사업 구성,기타,18.9,사업보고서 (2025.12),2026-03-23
072130,유엔젤,매출 구성,글로벌데이터,49.9,반기보고서 (2026.06),2026-08-14
072130,유엔젤,매출 구성,스마트러닝,21.8,반기보고서 (2026.06),2026-08-14
072130,유엔젤,매출 구성,코어네트워크(5G/6G),16.7,반기보고서 (2026.06),2026-08-14
072130,유엔젤,매출 구성,서비스사업,11.6,반기보고서 (2026.06),2026-08-14
388720,유일로보틱스,매출 구성,자동화 시스템,66.7,반기보고서 (2026.06),2026-08-14
388720,유일로보틱스,매출 구성,로봇,23.4,반기보고서 (2026.06),2026-08-14
388720,유일로보틱스,매출 구성,기타,9.4,반기보고서 (2026.06),2026-08-14
388720,유일로보틱스,매출 구성,컨베어,0.5,반기보고서 (2026.06),2026-08-14
023410,유진기업,매출 구성,레미콘,63.3,반기보고서 (2026.06),2026-08-14
023410,유진기업,매출 구성,건자재,31.9,반기보고서 (2026.06),2026-08-14
023410,유진기업,매출 구성,기타,4.8,반기보고서 (2026.06),2026-08-14
023410,유진기업,매출 구성,건설,0.1,반기보고서 (2026.06),2026-08-14
056080,유진로봇,매출 구성,고객과의 계약에서 생기는 수익,99.8,반기보고서 (2026.06),2026-08-14
056080,유진로봇,매출 구성,투자부동산으로부터 발생하는 수익,0.2,반기보고서 (2026.06),2026-08-14
084370,유진테크,매출 구성,반도체장비,82.1,반기보고서 (2026.06),2026-08-14
084370,유진테크,매출 구성,상품및기타,14.5,반기보고서 (2026.06),2026-08-14
084370,유진테크,매출 구성,반도체용산업가스반도체 소재,3.4,반기보고서 (2026.06),2026-08-14
179900,유티아이,매출 구성,카메라윈도우,53.8,반기보고서 (2026.06),2026-08-14
179900,유티아이,매출 구성,Slimming,35,반기보고서 (2026.06),2026-08-14
179900,유티아이,매출 구성,기타,11.2,반기보고서 (2026.06),2026-08-14
263050,유틸렉스,매출 구성,라이선스아웃,50,반기보고서 (2026.06),2026-08-14
263050,유틸렉스,매출 구성,라이선스인,50,반기보고서 (2026.06),2026-08-14
000100,유한양행,매출 구성,약품사업부문,45.9,반기보고서 (2026.06),2026-08-14
000100,유한양행,매출 구성,해외사업부문,40.3,반기보고서 (2026.06),2026-08-14
000100,유한양행,매출 구성,헬스케어사업부문,7.2,반기보고서 (2026.06),2026-08-14
000100,유한양행,매출 구성,라이선스 수익,4.1,반기보고서 (2026.06),2026-08-14
000100,유한양행,매출 구성,그 밖,2.5,반기보고서 (2026.06),2026-08-14
069110,유한코스메틱,매출 구성,화장품,100,반기보고서 (2026.06),2026-08-14
191410,육일씨엔에쓰,매출 구성,정밀화학,60.3,반기보고서 (2026.06),2026-08-14
191410,육일씨엔에쓰,매출 구성,에듀테크(*),25.4,반기보고서 (2026.06),2026-08-14
191410,육일씨엔에쓰,매출 구성,기타,14.3,반기보고서 (2026.06),2026-08-14
008730,율촌화학,매출 구성,포장사업부문,64.9,반기보고서 (2026.06),2026-08-14
008730,율촌화학,매출 구성,전자소재사업부문,35.1,반기보고서 (2026.06),2026-08-14
039020,이건홀딩스,매출 구성,목재,49,반기보고서 (2026.06),2026-08-14
039020,이건홀딩스,매출 구성,창호,32.8,반기보고서 (2026.06),2026-08-14
039020,이건홀딩스,매출 구성,에너지,6.7,반기보고서 (2026.06),2026-08-14
039020,이건홀딩스,매출 구성,파레트,4.2,반기보고서 (2026.06),2026-08-14
039020,이건홀딩스,매출 구성,그 밖,7.3,반기보고서 (2026.06),2026-08-14
067920,이글루,매출 구성,용역매출,73.2,반기보고서 (2026.06),2026-08-14
067920,이글루,매출 구성,"솔루션,네트워크/보안매출 등",26.8,반기보고서 (2026.06),2026-08-14
044960,이글벳,매출 구성,동물약품수입,60.1,반기보고서 (2026.06),2026-08-14
044960,이글벳,매출 구성,동물약품제조,38.8,반기보고서 (2026.06),2026-08-14
044960,이글벳,매출 구성,임대수입,0.8,반기보고서 (2026.06),2026-08-14
044960,이글벳,매출 구성,용역수입,0.3,반기보고서 (2026.06),2026-08-14
302430,이노메트리,매출 구성,검사장비 연계매출,98.9,사업보고서 (2024.12),2025-03-18
302430,이노메트리,매출 구성,제조장비,1.1,사업보고서 (2024.12),2025-03-18
462350,이노스페이스,매출 구성,"제품 관측로켓, 엔진부품 등",93.9,반기보고서 (2026.06),2026-08-14
462350,이노스페이스,매출 구성,"설비구축, 시험평가,및기술연구 용역",6.1,반기보고서 (2026.06),2026-08-14
274400,이노시뮬레이션,매출 구성,Virtual Training (가상훈련),95.2,반기보고서 (2026.06),2026-08-14
274400,이노시뮬레이션,매출 구성,Virtual Testing(스마트모빌리티),4.8,반기보고서 (2026.06),2026-08-14
296640,이노에이엑스,매출 구성,프로페셔널서비스,51.3,반기보고서 (2026.06),2026-08-14
296640,이노에이엑스,매출 구성,라이선스 매출,24.2,반기보고서 (2026.06),2026-08-14
296640,이노에이엑스,매출 구성,기술료,23.8,반기보고서 (2026.06),2026-08-14
296640,이노에이엑스,매출 구성,상품 매출,0.6,반기보고서 (2026.06),2026-08-14
215790,이노인스트루먼트,매출 구성,광융착접속기,77.4,반기보고서 (2026.06),2026-08-14
215790,이노인스트루먼트,매출 구성,기타,16.9,반기보고서 (2026.06),2026-08-14
215790,이노인스트루먼트,매출 구성,절단기,4.1,반기보고서 (2026.06),2026-08-14
215790,이노인스트루먼트,매출 구성,광섬유측정기,1.6,반기보고서 (2026.06),2026-08-14
333050,이노테나,매출 구성,솔루션사업,77.5,반기보고서 (2026.06),2026-08-14
333050,이노테나,매출 구성,클라우드사업,22.5,반기보고서 (2026.06),2026-08-14
469610,이노테크,매출 구성,응집제무기약품,61.7,반기보고서 (2026.06),2026-08-11
469610,이노테크,매출 구성,장비,36.3,반기보고서 (2026.06),2026-08-11
469610,이노테크,매출 구성,용역및서비스,2,반기보고서 (2026.06),2026-08-11
088390,이녹스,매출 구성,레저부문,76.2,반기보고서 (2026.06),2026-08-14
088390,이녹스,매출 구성,지주부문,18,반기보고서 (2026.06),2026-08-14
088390,이녹스,매출 구성,소재부문,5.8,반기보고서 (2026.06),2026-08-14
272290,이녹스첨단소재,매출 구성,IT소재부문,92.8,반기보고서 (2026.06),2026-08-14
272290,이녹스첨단소재,매출 구성,이차전지 소재 부문,7.2,반기보고서 (2026.06),2026-08-14
053350,이니텍,매출 구성,수협은행 인터넷 뱅킹 구축 외주비,54.3,반기보고서 (2026.06),2026-08-14
053350,이니텍,매출 구성,수협은행 인터넷 뱅킹 구축 물품,45.7,반기보고서 (2026.06),2026-08-14
452400,이닉스,매출 구성,테이프,34.3,반기보고서 (2026.06),2026-08-14
452400,이닉스,매출 구성,기타,33.4,반기보고서 (2026.06),2026-08-14
452400,이닉스,매출 구성,내화소재,16.2,반기보고서 (2026.06),2026-08-14
452400,이닉스,매출 구성,배터리셀패드,8.7,반기보고서 (2026.06),2026-08-14
452400,이닉스,매출 구성,그 밖,7.4,반기보고서 (2026.06),2026-08-14
264850,이랜시스,매출 구성,생활 및청정가전,67.2,반기보고서 (2026.06),2026-08-14
264850,이랜시스,매출 구성,보안솔루션,31.7,반기보고서 (2026.06),2026-08-14
264850,이랜시스,매출 구성,기타,1,반기보고서 (2026.06),2026-08-14
054210,이랜텍,매출 구성,휴대폰용 Case,38.4,[기재정정]반기보고서 (2026.06),2026-08-14
054210,이랜텍,매출 구성,전자담배,24.1,[기재정정]반기보고서 (2026.06),2026-08-14
054210,이랜텍,매출 구성,휴대폰용 Battery Pack,15.8,[기재정정]반기보고서 (2026.06),2026-08-14
054210,이랜텍,매출 구성,기타,11.8,[기재정정]반기보고서 (2026.06),2026-08-14
054210,이랜텍,매출 구성,그 밖,9.8,[기재정정]반기보고서 (2026.06),2026-08-14
009730,이렘,매출 구성,STS PIPE,81,반기보고서 (2026.06),2026-08-14
009730,이렘,매출 구성,슈퍼데크,17.4,반기보고서 (2026.06),2026-08-14
009730,이렘,매출 구성,기타,1.6,반기보고서 (2026.06),2026-08-14
164060,이루다,매출 구성,전임상,90.9,반기보고서 (2024.06),2024-08-14
164060,이루다,매출 구성,임상,9.1,반기보고서 (2024.06),2024-08-14
065440,이루온,매출 구성,기타시스템,70.3,반기보고서 (2026.06),2026-08-14
065440,이루온,매출 구성,통신솔루션 및서비스,29.7,반기보고서 (2026.06),2026-08-14
139480,이마트,매출 구성,유통업,68.7,반기보고서 (2026.06),2026-08-14
139480,이마트,매출 구성,식음료업,15.1,반기보고서 (2026.06),2026-08-14
139480,이마트,매출 구성,해외사업,8.5,반기보고서 (2026.06),2026-08-14
139480,이마트,매출 구성,건설업,2.8,반기보고서 (2026.06),2026-08-14
139480,이마트,매출 구성,그 밖,4.9,반기보고서 (2026.06),2026-08-14
115610,이미지스,매출 구성,전제품,100,반기보고서 (2026.06),2026-08-14
131400,이브이첨단소재,매출 구성,양면,86.3,반기보고서 (2026.06),2026-08-14
131400,이브이첨단소재,매출 구성,단면,7.2,반기보고서 (2026.06),2026-08-14
131400,이브이첨단소재,매출 구성,ACTVISION기타,2.3,반기보고서 (2026.06),2026-08-14
131400,이브이첨단소재,매출 구성,ACTVISION,2,반기보고서 (2026.06),2026-08-14
131400,이브이첨단소재,매출 구성,그 밖,2.2,반기보고서 (2026.06),2026-08-14
351330,이삭엔지니어링,매출 구성,정보서비스등솔루션,54.4,반기보고서 (2026.06),2026-08-14
351330,이삭엔지니어링,매출 구성,상품,45.6,반기보고서 (2026.06),2026-08-14
080010,이상네트웍스,매출 구성,용역사업부문,77.4,반기보고서 (2026.06),2026-08-14
080010,이상네트웍스,매출 구성,철강사업부문,20.7,반기보고서 (2026.06),2026-08-14
080010,이상네트웍스,매출 구성,기타사업부문,1.9,반기보고서 (2026.06),2026-08-14
457190,이수스페셜티케미컬,매출 구성,"TDM, IPA, SOLVENT 등",63.2,반기보고서 (2026.06),2026-08-14
457190,이수스페셜티케미컬,매출 구성,"Base Oil, Parasol, MEK 등",34.3,반기보고서 (2026.06),2026-08-14
457190,이수스페셜티케미컬,매출 구성,"운송, 임대매출 등",2.5,반기보고서 (2026.06),2026-08-14
086890,이수앱지스,매출 구성,제약사업,100,반기보고서 (2026.06),2026-08-14
007660,이수페타시스,매출 구성,PCB사업,100,반기보고서 (2026.06),2026-08-14
005950,이수화학,매출 구성,석유화학사업부문,86.4,반기보고서 (2026.06),2026-08-14
005950,이수화학,매출 구성,건설사업부문,11.8,반기보고서 (2026.06),2026-08-14
005950,이수화학,매출 구성,의약사업부문,1.8,반기보고서 (2026.06),2026-08-14
015020,이스타코,매출 구성,교육사업,29.1,반기보고서 (2026.06),2026-08-14
015020,이스타코,매출 구성,레저사업,28.8,반기보고서 (2026.06),2026-08-14
015020,이스타코,매출 구성,임대사업,27.6,반기보고서 (2026.06),2026-08-14
015020,이스타코,매출 구성,분양사업,14.5,반기보고서 (2026.06),2026-08-14
047560,이스트소프트,매출 구성,"AI, S/W 사업",50,[첨부추가]반기보고서 (2026.06),2026-08-14
047560,이스트소프트,매출 구성,게임 사업,27.1,[첨부추가]반기보고서 (2026.06),2026-08-14
047560,이스트소프트,매출 구성,자산운용업,14.7,[첨부추가]반기보고서 (2026.06),2026-08-14
047560,이스트소프트,매출 구성,커머스 사업,5.9,[첨부추가]반기보고서 (2026.06),2026-08-14
047560,이스트소프트,매출 구성,그 밖,2.3,[첨부추가]반기보고서 (2026.06),2026-08-14
067010,이씨에스,매출 구성,ETaaS 사업부문,73.9,분기보고서 (2026.06),2026-08-11
067010,이씨에스,매출 구성,고객성공(CC) 사업부문,26.1,분기보고서 (2026.06),2026-08-11
341310,이앤에치,매출 구성,MB media,69.5,사업보고서 (2024.12),2025-03-14
341310,이앤에치,매출 구성,Filter 완제품,17.4,사업보고서 (2024.12),2025-03-14
341310,이앤에치,매출 구성,기타,13,사업보고서 (2024.12),2025-03-14
456070,이엔셀,매출 구성,삼성서울병원,66.7,사업보고서 (2024.12),2025-03-20
456070,이엔셀,매출 구성,삼성서울병원 /서울대학교,33.3,사업보고서 (2024.12),2025-03-20
102710,이엔에프테크놀로지,매출 구성,반도체/디스플레이전자재료,100,반기보고서 (2026.06),2026-08-13
074610,이엔플러스,매출 구성,소방,100,사업보고서 (2025.12),2026-03-31
041520,이엘씨,매출 구성,반도체장비 부문,67,반기보고서 (2026.06),2026-08-13
041520,이엘씨,매출 구성,제어계측기기 부문,33,반기보고서 (2026.06),2026-08-13
063760,이엘피,매출 구성,디스플레이검사장비등,100,반기보고서 (2026.06),2026-08-14
123570,이엠넷,매출 구성,광고대행수익,89.1,반기보고서 (2026.06),2026-08-14
123570,이엠넷,매출 구성,용역/제작/캠페인,8.3,반기보고서 (2026.06),2026-08-14
123570,이엠넷,매출 구성,임대 / 기타,2.6,반기보고서 (2026.06),2026-08-14
091120,이엠텍,매출 구성,부품사업,75.4,[기재정정]사업보고서 (2023.12),2024-04-12
091120,이엠텍,매출 구성,제품사업,24.6,[기재정정]사업보고서 (2023.12),2024-04-12
232530,이엠티,사업 구성,전구체,82.6,사업보고서 (2026.03),2026-07-09
232530,이엠티,사업 구성,수수료,17.4,사업보고서 (2026.03),2026-07-09
232530,이엠티,사업 구성,부분,0,사업보고서 (2026.03),2026-07-09
102460,이연제약,매출 구성,의약품,100,반기보고서 (2026.06),2026-08-14
039030,이오테크닉스,매출 구성,레이저마커등,100,반기보고서 (2026.06),2026-08-14
294090,이오플로우,매출 구성,EOPatch,49.4,반기보고서 (2026.06),2026-08-14
294090,이오플로우,매출 구성,용역등,47,반기보고서 (2026.06),2026-08-14
294090,이오플로우,매출 구성,상품,3.6,반기보고서 (2026.06),2026-08-14
084680,이월드,매출 구성,쥬얼리사업부,67.7,반기보고서 (2026.06),2026-08-14
084680,이월드,매출 구성,테마파크사업부,32.3,반기보고서 (2026.06),2026-08-14
353810,이지바이오,매출 구성,사료첨가제,79.7,반기보고서 (2026.06),2026-08-14
353810,이지바이오,매출 구성,배합사료,20.3,반기보고서 (2026.06),2026-08-14
099750,이지케어텍,매출 구성,온프레미스(On-premise),94.4,분기보고서 (2026.06),2026-08-07
099750,이지케어텍,매출 구성,클라우드(Cloud),5.6,분기보고서 (2026.06),2026-08-07
377330,이지트로닉스,매출 구성,당반기,53.4,반기보고서 (2026.06),2026-08-14
377330,이지트로닉스,매출 구성,전반기,46.6,반기보고서 (2026.06),2026-08-14
035810,이지홀딩스,매출 구성,사료사업부 (FB),52.8,반기보고서 (2026.06),2026-08-14
035810,이지홀딩스,매출 구성,육가공사업부 (LB),21.3,반기보고서 (2026.06),2026-08-14
035810,이지홀딩스,매출 구성,가금사업부 (PB),16.8,반기보고서 (2026.06),2026-08-14
035810,이지홀딩스,매출 구성,기타사업부,9.1,반기보고서 (2026.06),2026-08-14
092130,이크레더블,매출 구성,신용조회사업,94,[기재정정]반기보고서 (2026.06),2026-08-14
092130,이크레더블,매출 구성,기업정보사업,3.3,[기재정정]반기보고서 (2026.06),2026-08-14
092130,이크레더블,매출 구성,결제형 B2B 사업,2.7,[기재정정]반기보고서 (2026.06),2026-08-14
134060,이퓨쳐,매출 구성,Phonics,34.6,반기보고서 (2026.06),2026-08-14
134060,이퓨쳐,매출 구성,Course Book,29,반기보고서 (2026.06),2026-08-14
134060,이퓨쳐,매출 구성,기타,12.7,반기보고서 (2026.06),2026-08-14
134060,이퓨쳐,매출 구성,Grammar,12.1,반기보고서 (2026.06),2026-08-14
134060,이퓨쳐,매출 구성,그 밖,11.5,반기보고서 (2026.06),2026-08-14
001840,이화공영,매출 구성,건축공사,89.5,사업보고서 (2025.12),2026-03-25
001840,이화공영,매출 구성,토목공사,10.5,사업보고서 (2025.12),2026-03-25
000760,이화산업,매출 구성,유통,51,반기보고서 (2026.06),2026-08-14
000760,이화산업,매출 구성,기타,24.9,반기보고서 (2026.06),2026-08-14
000760,이화산업,매출 구성,염료,24.1,반기보고서 (2026.06),2026-08-14
014990,인디에프,매출 구성,대리점,92.2,반기보고서 (2026.06),2026-08-14
014990,인디에프,매출 구성,직영점,7.8,반기보고서 (2026.06),2026-08-14
041830,인바디,매출 구성,의료용기기제조업,100,반기보고서 (2026.06),2026-08-14
216400,인바이츠바이오코아,매출 구성,CRO 용역,98.4,[기재정정]사업보고서 (2025.12),2026-06-12
216400,인바이츠바이오코아,매출 구성,INTELSIS 포장재,1.6,[기재정정]사업보고서 (2025.12),2026-06-12
079950,인베니아,매출 구성,디스플레이제조장비,99.2,반기보고서 (2026.06),2026-08-14
079950,인베니아,매출 구성,상품매출,0.8,반기보고서 (2026.06),2026-08-14
389470,인벤티지랩,매출 구성,용역매출,60.2,반기보고서 (2026.06),2026-08-26
389470,인벤티지랩,매출 구성,기술이전,34,반기보고서 (2026.06),2026-08-26
389470,인벤티지랩,매출 구성,제품매출,5.7,반기보고서 (2026.06),2026-08-26
389470,인벤티지랩,매출 구성,기타매출,0.2,반기보고서 (2026.06),2026-08-26
060150,인선이엔티,매출 구성,건설폐기물,57.4,반기보고서 (2026.06),2026-08-12
060150,인선이엔티,매출 구성,자동차재활용판매,31,반기보고서 (2026.06),2026-08-12
060150,인선이엔티,매출 구성,매립및석면폐기물,5.8,반기보고서 (2026.06),2026-08-12
060150,인선이엔티,매출 구성,순환골재생산판매외,4.8,반기보고서 (2026.06),2026-08-12
060150,인선이엔티,매출 구성,그 밖,1,반기보고서 (2026.06),2026-08-12
033230,인성정보,매출 구성,IT 인프라사업부문,36.4,반기보고서 (2026.06),2026-08-14
033230,인성정보,매출 구성,네트워크장비도매사업부문,31.6,반기보고서 (2026.06),2026-08-14
033230,인성정보,매출 구성,소프트웨어도매사업부문,30.8,반기보고서 (2026.06),2026-08-14
033230,인성정보,매출 구성,헬스케어사업부문,1.2,반기보고서 (2026.06),2026-08-14
465480,인스피언,매출 구성,보안솔루션사업,46.9,반기보고서 (2026.06),2026-08-13
465480,인스피언,매출 구성,컨설팅사업,42.8,반기보고서 (2026.06),2026-08-13
465480,인스피언,매출 구성,서비스사업,8.5,반기보고서 (2026.06),2026-08-13
465480,인스피언,매출 구성,기타,1.8,반기보고서 (2026.06),2026-08-13
037330,인지디스플레,매출 구성,디스플레이사업,58.5,반기보고서 (2026.06),2026-08-14
037330,인지디스플레,매출 구성,자동차사업,41.5,반기보고서 (2026.06),2026-08-14
023800,인지컨트롤스,매출 구성,자동차부품,100,반기보고서 (2026.06),2026-08-14
083640,인콘,매출 구성,ICT,100,반기보고서 (2026.06),2026-08-14
064090,인크레더블버즈,매출 구성,유통 사업부문,100,반기보고서 (2026.06),2026-08-14
216050,인크로스,매출 구성,광고 사업,83.3,반기보고서 (2026.06),2026-08-13
216050,인크로스,매출 구성,커머스 사업,16.7,반기보고서 (2026.06),2026-08-13
049070,인탑스,매출 구성,IT디바이스,73,반기보고서 (2026.06),2026-08-14
049070,인탑스,매출 구성,자동차부품,14.5,반기보고서 (2026.06),2026-08-14
049070,인탑스,매출 구성,가전제품ASS'Y,10.7,반기보고서 (2026.06),2026-08-14
049070,인탑스,매출 구성,유통 및서비스,1.5,반기보고서 (2026.06),2026-08-14
049070,인탑스,매출 구성,그 밖,0.4,반기보고서 (2026.06),2026-08-14
311960,인터로이드,매출 구성,용역,57.3,[첨부추가]사업보고서 (2025.12),2026-03-26
311960,인터로이드,매출 구성,솔루션,35.3,[첨부추가]사업보고서 (2025.12),2026-03-26
311960,인터로이드,매출 구성,유지보수,7.5,[첨부추가]사업보고서 (2025.12),2026-03-26
119610,인터로조,매출 구성,Hydrogel,81.7,반기보고서 (2026.06),2026-08-14
119610,인터로조,매출 구성,Silicone Hydrogel,18.2,반기보고서 (2026.06),2026-08-14
119610,인터로조,매출 구성,기타,0.1,반기보고서 (2026.06),2026-08-14
017250,인터엠,매출 구성,서울아레나 무대특장,61.3,분기보고서 (2026.06),2026-08-13
017250,인터엠,매출 구성,튀르키예 열차 제작,38.7,분기보고서 (2026.06),2026-08-13
129260,인터지스,매출 구성,운송,29,반기보고서 (2026.06),2026-08-14
129260,인터지스,매출 구성,해운,28.9,반기보고서 (2026.06),2026-08-14
129260,인터지스,매출 구성,하역,18.3,반기보고서 (2026.06),2026-08-14
129260,인터지스,매출 구성,기타,12.1,반기보고서 (2026.06),2026-08-14
129260,인터지스,매출 구성,그 밖,11.6,반기보고서 (2026.06),2026-08-14
051370,인터플렉스,매출 구성,FPCB제조,99.3,반기보고서 (2026.06),2026-08-14
051370,인터플렉스,매출 구성,기타,0.7,반기보고서 (2026.06),2026-08-14
064290,인텍플러스,매출 구성,반도체외관검사 분야,74.5,반기보고서 (2026.06),2026-08-14
064290,인텍플러스,매출 구성,"디스플레이,2차전지외관검사 분야",25.5,반기보고서 (2026.06),2026-08-14
189300,인텔리안테크,매출 구성,위성통신안테나,66.2,반기보고서 (2026.06),2026-08-14
189300,인텔리안테크,매출 구성,기타,30.1,반기보고서 (2026.06),2026-08-14
189300,인텔리안테크,매출 구성,위성방송수신안테나,3.7,반기보고서 (2026.06),2026-08-14
287840,인투셀,매출 구성,물질이전수익,73.1,반기보고서 (2026.06),2026-08-14
287840,인투셀,매출 구성,기술이전수익,19.2,반기보고서 (2026.06),2026-08-14
287840,인투셀,매출 구성,기타수익,7.6,반기보고서 (2026.06),2026-08-14
287840,인투셀,매출 구성,수익,0.2,반기보고서 (2026.06),2026-08-14
150840,인트로메딕,매출 구성,기타,57.8,[기재정정]반기보고서 (2026.06),2026-08-18
150840,인트로메딕,매출 구성,초소형 광학진단의료기기 개발 기술,40,[기재정정]반기보고서 (2026.06),2026-08-18
150840,인트로메딕,매출 구성,체내인체통신기술,2.2,[기재정정]반기보고서 (2026.06),2026-08-18
048530,인트론바이오,매출 구성,DR파트,96,반기보고서 (2026.06),2026-08-14
048530,인트론바이오,매출 구성,신약파트,4,반기보고서 (2026.06),2026-08-14
070590,인티큐브,매출 구성,컨택센터및메세징솔루션,100,반기보고서 (2026.06),2026-08-13
115310,인포바인,매출 구성,모바일,96.6,반기보고서 (2026.06),2026-08-14
115310,인포바인,매출 구성,게임,2.6,반기보고서 (2026.06),2026-08-14
115310,인포바인,매출 구성,기타,0.8,반기보고서 (2026.06),2026-08-14
071200,인피니트헬스케어,매출 구성,소프트웨어,100,반기보고서 (2026.06),2026-08-14
101930,인화정공,매출 구성,선박엔진부품,86.3,반기보고서 (2026.06),2026-08-14
101930,인화정공,매출 구성,금속구조재등,10.3,반기보고서 (2026.06),2026-08-14
101930,인화정공,매출 구성,금속성형기계,3.4,반기보고서 (2026.06),2026-08-14
249420,일동제약,매출 구성,의약품제조업,100,반기보고서 (2026.06),2026-08-14
000230,일동홀딩스,매출 구성,의약품제조및판매,92,사업보고서 (2025.12),2026-03-18
000230,일동홀딩스,매출 구성,건강기능성식품(*),2.4,사업보고서 (2025.12),2026-03-18
000230,일동홀딩스,매출 구성,미용성형의료기기제조 판매 및소프트웨어개발,2.4,사업보고서 (2025.12),2026-03-18
000230,일동홀딩스,매출 구성,이온수기(*),1.4,사업보고서 (2025.12),2026-03-18
000230,일동홀딩스,매출 구성,그 밖,1.8,사업보고서 (2025.12),2026-03-18
013360,일성건설,매출 구성,건축공사,83.2,반기보고서 (2026.06),2026-08-14
013360,일성건설,매출 구성,토목공사,16.5,반기보고서 (2026.06),2026-08-14
013360,일성건설,매출 구성,기타,0.3,반기보고서 (2026.06),2026-08-14
003120,일성아이에스,매출 구성,의약품,98.5,반기보고서 (2026.06),2026-08-14
003120,일성아이에스,매출 구성,부동산,1.5,반기보고서 (2026.06),2026-08-14
333430,일승,매출 구성,PIPE SPOOL,56.6,반기보고서 (2026.06),2026-08-14
333430,일승,매출 구성,환경장비,31.4,반기보고서 (2026.06),2026-08-14
333430,일승,매출 구성,조선LNG,7.4,반기보고서 (2026.06),2026-08-14
333430,일승,매출 구성,소재,4.7,반기보고서 (2026.06),2026-08-14
068330,일신바이오,매출 구성,일신바이오베이스,100,반기보고서 (2026.06),2026-08-14
003200,일신방직,매출 구성,섬유제품제조업,87.8,반기보고서 (2026.06),2026-08-14
003200,일신방직,매출 구성,화장품판매등,6.1,반기보고서 (2026.06),2026-08-14
003200,일신방직,매출 구성,부동산임대관리,3.1,반기보고서 (2026.06),2026-08-14
003200,일신방직,매출 구성,주류수입및판매,2.6,반기보고서 (2026.06),2026-08-14
003200,일신방직,매출 구성,그 밖,0.5,반기보고서 (2026.06),2026-08-14
007110,일신석재,매출 구성,제조및유통,65.4,반기보고서 (2026.06),2026-08-12
007110,일신석재,매출 구성,석공사,33.2,반기보고서 (2026.06),2026-08-12
007110,일신석재,매출 구성,임대업,1.4,반기보고서 (2026.06),2026-08-12
007570,일양약품,매출 구성,의약품제조,98.4,반기보고서 (2026.06),2026-08-14
007570,일양약품,매출 구성,S/W 공급,1.6,반기보고서 (2026.06),2026-08-14
081000,일진다이아,매출 구성,공업용다이아몬드,81.1,반기보고서 (2026.06),2026-08-12
081000,일진다이아,매출 구성,초경합금,18.9,반기보고서 (2026.06),2026-08-12
103590,일진전기,매출 구성,전선,71.3,반기보고서 (2026.06),2026-08-11
103590,일진전기,매출 구성,중전기,28.6,반기보고서 (2026.06),2026-08-11
103590,일진전기,매출 구성,기타,0.1,반기보고서 (2026.06),2026-08-11
271940,일진하이솔루스,매출 구성,수소,99.5,반기보고서 (2026.06),2026-08-12
271940,일진하이솔루스,매출 구성,환경,0.5,반기보고서 (2026.06),2026-08-12
015860,일진홀딩스,매출 구성,전선,71.3,반기보고서 (2026.06),2026-08-12
015860,일진홀딩스,매출 구성,중전기,28.6,반기보고서 (2026.06),2026-08-12
015860,일진홀딩스,매출 구성,기타,0.1,반기보고서 (2026.06),2026-08-12
226320,잇츠한불,매출 구성,신채널,42.4,반기보고서 (2026.06),2026-08-14
226320,잇츠한불,매출 구성,국내,31.5,반기보고서 (2026.06),2026-08-14
226320,잇츠한불,매출 구성,글로벌및해외법인,26.1,반기보고서 (2026.06),2026-08-14
950140,잉글우드랩,매출 구성,B 브랜드,50.3,반기보고서 (2026.06),2026-08-11
950140,잉글우드랩,매출 구성,K 브랜드,18.4,반기보고서 (2026.06),2026-08-11
950140,잉글우드랩,매출 구성,R 브랜드,10.9,반기보고서 (2026.06),2026-08-11
950140,잉글우드랩,매출 구성,E 브랜드,6.9,반기보고서 (2026.06),2026-08-11
950140,잉글우드랩,매출 구성,그 밖,13.5,반기보고서 (2026.06),2026-08-11
049550,잉크테크,매출 구성,이미지프린팅,48.1,반기보고서 (2026.06),2026-08-12
049550,잉크테크,매출 구성,전자소재및 재료,31.7,반기보고서 (2026.06),2026-08-12
049550,잉크테크,매출 구성,프린팅시스템,17.6,반기보고서 (2026.06),2026-08-12
049550,잉크테크,매출 구성,기타 (임대수입),2.6,반기보고서 (2026.06),2026-08-12
389020,자람테크놀로지,매출 구성,XGSPON칩 및관련제품,60.3,반기보고서 (2026.06),2026-08-14
389020,자람테크놀로지,매출 구성,"DVT, SOC",17.9,반기보고서 (2026.06),2026-08-14
389020,자람테크놀로지,매출 구성,광트랜시버,17,반기보고서 (2026.06),2026-08-14
389020,자람테크놀로지,매출 구성,기가와이어,3.5,반기보고서 (2026.06),2026-08-14
389020,자람테크놀로지,매출 구성,그 밖,1.2,반기보고서 (2026.06),2026-08-14
043910,자연과환경,매출 구성,공사,99.7,반기보고서 (2026.06),2026-08-14
043910,자연과환경,매출 구성,상품,0.3,반기보고서 (2026.06),2026-08-14
234920,자이글,매출 구성,"웰빙가전 외(헬스케어,주방가전등 )",100,사업보고서 (2025.12),2026-03-23
289220,자이언트스텝,매출 구성,콘텐츠 제작,57.4,반기보고서 (2026.06),2026-08-14
289220,자이언트스텝,매출 구성,영상콘텐츠기획 제작,35.3,반기보고서 (2026.06),2026-08-14
289220,자이언트스텝,매출 구성,장비판매,7.3,반기보고서 (2026.06),2026-08-14
033240,자화전자,매출 구성,제품외,100,반기보고서 (2026.06),2026-08-13
174880,장원테크,매출 구성,전장부품,65.4,반기보고서 (2026.06),2026-08-14
174880,장원테크,매출 구성,스마트폰 Bracket,32.2,반기보고서 (2026.06),2026-08-14
174880,장원테크,매출 구성,기타,2.4,반기보고서 (2026.06),2026-08-14
049630,재영솔루텍,매출 구성,나노광학,100,반기보고서 (2026.06),2026-08-13
417840,저스템,매출 구성,제품상품서비스,100,반기보고서 (2026.06),2026-08-12
000950,전방,매출 구성,섬유제품제조,100,[기재정정]사업보고서 (2022.12),2026-06-02
079900,전진건설로봇,매출 구성,건설기계,94.3,반기보고서 (2026.06),2026-08-13
079900,전진건설로봇,매출 구성,모빌리티,5.7,반기보고서 (2026.06),2026-08-13
110020,전진바이오팜,매출 구성,캡슐형 세제,63.2,반기보고서 (2026.06),2026-08-14
110020,전진바이오팜,매출 구성,동물용품,17.8,반기보고서 (2026.06),2026-08-14
110020,전진바이오팜,매출 구성,탈취/방향제,11.8,반기보고서 (2026.06),2026-08-14
110020,전진바이오팜,매출 구성,피해감소제,4.1,반기보고서 (2026.06),2026-08-14
110020,전진바이오팜,매출 구성,그 밖,3.2,반기보고서 (2026.06),2026-08-14
040420,정상제이엘에스,매출 구성,학원사업,75.5,반기보고서 (2026.06),2026-08-13
040420,정상제이엘에스,매출 구성,교육유관사업,20.5,반기보고서 (2026.06),2026-08-13
040420,정상제이엘에스,매출 구성,프랜차이즈,4,반기보고서 (2026.06),2026-08-13
045510,정원엔시스,매출 구성,IT 인프라,58.8,반기보고서 (2026.06),2026-08-13
045510,정원엔시스,매출 구성,IT 유통,29.5,반기보고서 (2026.06),2026-08-13
045510,정원엔시스,매출 구성,고객지원,11.7,반기보고서 (2026.06),2026-08-13
045510,정원엔시스,매출 구성,기타,0,반기보고서 (2026.06),2026-08-13
217190,제너셈,매출 구성,반도체후공정장비외,100,반기보고서 (2026.06),2026-08-13
095700,제넥신,매출 구성,신약개발,100,반기보고서 (2026.06),2026-08-13
072520,제넨바이오,매출 구성,이종이식,83.3,분기보고서 (2025.03),2025-05-15
072520,제넨바이오,매출 구성,신약,16.7,분기보고서 (2025.03),2025-05-15
361390,제노코,매출 구성,핵심부품,40.9,반기보고서 (2026.06),2026-08-14
361390,제노코,매출 구성,위성통신,34.2,반기보고서 (2026.06),2026-08-14
361390,제노코,매출 구성,EGSE/점검장비,18.6,반기보고서 (2026.06),2026-08-14
361390,제노코,매출 구성,항공전자,6.4,반기보고서 (2026.06),2026-08-14
066830,제노텍,매출 구성,유전자 합성,68.6,사업보고서 (2025.12),2026-03-13
066830,제노텍,매출 구성,유전자 분석,29.6,사업보고서 (2025.12),2026-03-13
066830,제노텍,매출 구성,임대,1.3,사업보고서 (2025.12),2026-03-13
066830,제노텍,매출 구성,효소등,0.3,사업보고서 (2025.12),2026-03-13
066830,제노텍,매출 구성,그 밖,0.1,사업보고서 (2025.12),2026-03-13
225220,제놀루션,매출 구성,바이오라드등,56.3,반기보고서 (2026.06),2026-08-14
225220,제놀루션,매출 구성,핵산추출 시약,30.3,반기보고서 (2026.06),2026-08-14
225220,제놀루션,매출 구성,RNAi,7.2,반기보고서 (2026.06),2026-08-14
225220,제놀루션,매출 구성,핵산추출 장비,3.6,반기보고서 (2026.06),2026-08-14
225220,제놀루션,매출 구성,그 밖,2.5,반기보고서 (2026.06),2026-08-14
123330,제닉,매출 구성,하이드로겔 마스크류(얼굴),80,반기보고서 (2026.06),2026-08-13
123330,제닉,매출 구성,기초류,7.7,반기보고서 (2026.06),2026-08-13
123330,제닉,매출 구성,에센스마스크류,5.4,반기보고서 (2026.06),2026-08-13
123330,제닉,매출 구성,하이드로겔 마스크류(아이),4.4,반기보고서 (2026.06),2026-08-13
123330,제닉,매출 구성,그 밖,2.5,반기보고서 (2026.06),2026-08-13
381620,제닉스로보틱스,매출 구성,AGV/AMR,39.7,반기보고서 (2026.06),2026-08-14
381620,제닉스로보틱스,매출 구성,Stocker,27.7,반기보고서 (2026.06),2026-08-14
381620,제닉스로보틱스,매출 구성,Job Change,27.4,반기보고서 (2026.06),2026-08-14
381620,제닉스로보틱스,매출 구성,기타장비,3.1,반기보고서 (2026.06),2026-08-14
381620,제닉스로보틱스,매출 구성,그 밖,2,반기보고서 (2026.06),2026-08-14
147830,제룡산업,매출 구성,금속제품,86.6,반기보고서 (2026.06),2026-08-14
147830,제룡산업,매출 구성,합성수지제품,13.4,반기보고서 (2026.06),2026-08-14
033100,제룡전기,매출 구성,중전기,100,반기보고서 (2026.06),2026-08-13
079370,제우스,매출 구성,반도체 제조 장비,61.2,반기보고서 (2026.06),2026-08-14
079370,제우스,매출 구성,산업용로봇및진공,25.8,반기보고서 (2026.06),2026-08-14
079370,제우스,매출 구성,디스플레이 제조 장비,7.7,반기보고서 (2026.06),2026-08-14
079370,제우스,매출 구성,플러그밸브,5.3,반기보고서 (2026.06),2026-08-14
054950,제이브이엠,매출 구성,"병원,약국 자동화시스템",100,반기보고서 (2026.06),2026-08-14
090470,제이스로보틱스,매출 구성,당반기,59.7,반기보고서 (2026.06),2026-08-14
090470,제이스로보틱스,매출 구성,전반기,40.3,반기보고서 (2026.06),2026-08-14
033320,제이씨현시스템,매출 구성,IT제품판매,93.9,반기보고서 (2026.06),2026-08-14
033320,제이씨현시스템,매출 구성,인터넷서비스,6.1,반기보고서 (2026.06),2026-08-14
417500,제이아이테크,매출 구성,반도체소재,77,반기보고서 (2026.06),2026-08-10
417500,제이아이테크,매출 구성,PMC,12.9,반기보고서 (2026.06),2026-08-10
417500,제이아이테크,매출 구성,프리커서등,6.2,반기보고서 (2026.06),2026-08-10
417500,제이아이테크,매출 구성,액화탄산가스,3.4,반기보고서 (2026.06),2026-08-10
417500,제이아이테크,매출 구성,그 밖,0.4,반기보고서 (2026.06),2026-08-10
039230,제이앤케이인더스트리,매출 구성,디스플레이검사장치 (PROBE UNIT),62,사업보고서 (2024.12),2025-03-31
039230,제이앤케이인더스트리,매출 구성,"마스크, 즉석 라면조리기 용기",38,사업보고서 (2024.12),2025-03-31
204270,제이앤티씨,매출 구성,커넥터,56.9,[기재정정]반기보고서 (2026.06),2026-08-14
204270,제이앤티씨,매출 구성,첨단소재,43.1,[기재정정]반기보고서 (2026.06),2026-08-14
127120,제이에스링크,매출 구성,유전체분석(EGIS),99.3,반기보고서 (2026.06),2026-08-14
127120,제이에스링크,매출 구성,임대매출,0.5,반기보고서 (2026.06),2026-08-14
127120,제이에스링크,매출 구성,DNAGPS,0.1,반기보고서 (2026.06),2026-08-14
194370,제이에스코퍼레이션,매출 구성,의류사업부문,69,반기보고서 (2026.06),2026-08-14
194370,제이에스코퍼레이션,매출 구성,핸드백사업부문,20.2,반기보고서 (2026.06),2026-08-14
194370,제이에스코퍼레이션,매출 구성,호텔,10.9,반기보고서 (2026.06),2026-08-14
452160,제이엔비,매출 구성,임가공매출,92.9,반기보고서 (2026.06),2026-08-14
452160,제이엔비,매출 구성,임대료매출,7.1,반기보고서 (2026.06),2026-08-14
126880,제이엔케이글로벌,매출 구성,산업용 가열로(Fired Heater),99.5,반기보고서 (2026.06),2026-08-14
126880,제이엔케이글로벌,매출 구성,기타,0.5,반기보고서 (2026.06),2026-08-14
322510,제이엘케이,매출 구성,인공지능 의료 분석 솔루션,74.1,반기보고서 (2026.06),2026-08-14
322510,제이엘케이,매출 구성,임대매출,25.9,반기보고서 (2026.06),2026-08-14
094970,제이엠티,매출 구성,전자부품,54.5,반기보고서 (2026.06),2026-08-14
094970,제이엠티,매출 구성,자동차내장부품,21.3,반기보고서 (2026.06),2026-08-14
094970,제이엠티,매출 구성,생활건강사업,14.9,반기보고서 (2026.06),2026-08-14
094970,제이엠티,매출 구성,기록매체복제/KIT,8.7,반기보고서 (2026.06),2026-08-14
094970,제이엠티,매출 구성,그 밖,0.7,반기보고서 (2026.06),2026-08-14
204210,제이케이리버스톤자기관리부동산투자회사,매출 구성,MD Hotel독산점,75.9,반기보고서 (2026.06),2026-08-14
204210,제이케이리버스톤자기관리부동산투자회사,매출 구성,MD Hotel동탄점,22.8,반기보고서 (2026.06),2026-08-14
204210,제이케이리버스톤자기관리부동산투자회사,매출 구성,기타,1.4,반기보고서 (2026.06),2026-08-14
060230,제이케이시냅스,매출 구성,통신기기,59.3,반기보고서 (2026.06),2026-08-14
060230,제이케이시냅스,매출 구성,폐배터리,15.3,반기보고서 (2026.06),2026-08-14
060230,제이케이시냅스,매출 구성,전자소재,14.7,반기보고서 (2026.06),2026-08-14
060230,제이케이시냅스,매출 구성,전자부품,6.9,반기보고서 (2026.06),2026-08-14
060230,제이케이시냅스,매출 구성,그 밖,3.8,반기보고서 (2026.06),2026-08-14
420570,제이투케이바이오,매출 구성,화장품소재제조및판매,97,반기보고서 (2026.06),2026-08-12
420570,제이투케이바이오,매출 구성,임상서비스,3,반기보고서 (2026.06),2026-08-12
089790,제이티,매출 구성,반도체장비,99,[기재정정]반기보고서 (2026.06),2026-08-19
089790,제이티,매출 구성,기타,0.9,[기재정정]반기보고서 (2026.06),2026-08-19
089790,제이티,매출 구성,레이저장비,0,[기재정정]반기보고서 (2026.06),2026-08-19
030000,제일기획,매출 구성,신문,57.3,반기보고서 (2026.06),2026-08-14
030000,제일기획,매출 구성,TV,24.1,반기보고서 (2026.06),2026-08-14
030000,제일기획,매출 구성,잡지,15.6,반기보고서 (2026.06),2026-08-14
030000,제일기획,매출 구성,RADIO,3.1,반기보고서 (2026.06),2026-08-14
052670,제일바이오,매출 구성,동물약품제조업,100,반기보고서 (2026.06),2026-08-14
271980,제일약품,매출 구성,의약품제조,100,반기보고서 (2026.06),2026-08-14
412540,제일엠앤에스,매출 구성,유지보수(용역 등),60.3,[기재정정]반기보고서 (2026.06),2026-08-14
412540,제일엠앤에스,매출 구성,제작품,38.5,[기재정정]반기보고서 (2026.06),2026-08-14
412540,제일엠앤에스,매출 구성,기타,1.2,[기재정정]반기보고서 (2026.06),2026-08-14
199820,제일일렉트릭,매출 구성,기타,80.3,반기보고서 (2026.06),2026-08-14
199820,제일일렉트릭,매출 구성,상품,9.5,반기보고서 (2026.06),2026-08-14
199820,제일일렉트릭,매출 구성,PCB ASSY등 (수출),9.2,반기보고서 (2026.06),2026-08-14
199820,제일일렉트릭,매출 구성,배선기구,0.6,반기보고서 (2026.06),2026-08-14
199820,제일일렉트릭,매출 구성,그 밖,0.4,반기보고서 (2026.06),2026-08-14
038010,제일테크노스,매출 구성,조선부문,54.5,반기보고서 (2026.06),2026-08-14
038010,제일테크노스,매출 구성,건축부문,45.5,반기보고서 (2026.06),2026-08-14
002620,제일파마홀딩스,매출 구성,의약품제조,96.7,[기재정정]반기보고서 (2026.06),2026-08-14
002620,제일파마홀딩스,매출 구성,지주사외,3.3,[기재정정]반기보고서 (2026.06),2026-08-14
216080,제테마,매출 구성,"필러, 톡신 등",88.2,반기보고서 (2026.06),2026-08-14
216080,제테마,매출 구성,기타,10.8,반기보고서 (2026.06),2026-08-14
216080,제테마,매출 구성,임대료수입외,1,반기보고서 (2026.06),2026-08-14
229000,젠큐릭스,매출 구성,항암제 동반진단 기술이전,50,반기보고서 (2026.06),2026-08-13
229000,젠큐릭스,매출 구성,초기유방암예후예측기술이전,50,반기보고서 (2026.06),2026-08-13
248020,젬,매출 구성,다운,26.4,[기재정정]사업보고서 (2023.12),2024-06-28
248020,젬,매출 구성,라이트,26.4,[기재정정]사업보고서 (2023.12),2024-06-28
248020,젬,매출 구성,평판등,25,[기재정정]사업보고서 (2023.12),2024-06-28
248020,젬,매출 구성,직관등,12.7,[기재정정]사업보고서 (2023.12),2024-06-28
248020,젬,매출 구성,그 밖,9.4,[기재정정]사업보고서 (2023.12),2024-06-28
082270,젬백스,매출 구성,LSP Dementia Fund,42.6,반기보고서 (2026.06),2026-08-14
082270,젬백스,매출 구성,플래스크,29.8,반기보고서 (2026.06),2026-08-14
082270,젬백스,매출 구성,VeriGraft AB,27.3,반기보고서 (2026.06),2026-08-14
082270,젬백스,매출 구성,기계설비건설공제조합,0.3,반기보고서 (2026.06),2026-08-14
153890,져스텍,사업 구성,디스플레이용 모션시스템,71.3,반기보고서 (2026.06),2026-08-14
153890,져스텍,사업 구성,반도체용 모션시스템,19.5,반기보고서 (2026.06),2026-08-14
153890,져스텍,사업 구성,산업자동화용 모션시스템,6.2,반기보고서 (2026.06),2026-08-14
153890,져스텍,사업 구성,AS매출,1.5,반기보고서 (2026.06),2026-08-14
153890,져스텍,사업 구성,그 밖,1.5,반기보고서 (2026.06),2026-08-14
004910,조광페인트,매출 구성,도료부문,99.9,사업보고서 (2025.12),2026-03-23
004910,조광페인트,매출 구성,방열사업제부문,0.1,사업보고서 (2025.12),2026-03-23
004700,조광피혁,매출 구성,NYSE 등,95.7,반기보고서 (2026.06),2026-08-14
004700,조광피혁,매출 구성,KOSPI,4.1,반기보고서 (2026.06),2026-08-14
004700,조광피혁,매출 구성,비상장주식,0.2,반기보고서 (2026.06),2026-08-14
004700,조광피혁,매출 구성,지수,0,반기보고서 (2026.06),2026-08-14
001550,조비,매출 구성,비료,100,반기보고서 (2026.06),2026-08-14
462520,조선내화,매출 구성,내화물제조업,99.1,반기보고서 (2026.06),2026-08-13
462520,조선내화,매출 구성,기타,0.9,반기보고서 (2026.06),2026-08-13
120030,조선선재,매출 구성,용접재료부문,100,반기보고서 (2026.06),2026-08-14
034940,조아제약,매출 구성,총자본,64.2,사업보고서 (2023.12),2024-03-15
034940,조아제약,매출 구성,총차입금,19.2,사업보고서 (2023.12),2024-03-15
034940,조아제약,매출 구성,순부채,16.7,사업보고서 (2023.12),2024-03-15
034940,조아제약,매출 구성,자본조달비율,0,사업보고서 (2023.12),2024-03-15
067000,조이시티,매출 구성,모바일게임,44.2,사업보고서 (2025.12),2026-03-18
067000,조이시티,매출 구성,콘솔게임,30.1,사업보고서 (2025.12),2026-03-18
067000,조이시티,매출 구성,PC게임,17.1,사업보고서 (2025.12),2026-03-18
067000,조이시티,매출 구성,아케이드게임,8.6,사업보고서 (2025.12),2026-03-18
309930,조이웍스앤코,매출 구성,온라인,53.7,반기보고서 (2026.06),2026-08-14
309930,조이웍스앤코,매출 구성,오프라인,45.8,반기보고서 (2026.06),2026-08-14
309930,조이웍스앤코,매출 구성,기타,0.6,반기보고서 (2026.06),2026-08-14
018470,조일알미늄,매출 구성,원금,99,반기보고서 (2026.06),2026-08-14
018470,조일알미늄,매출 구성,지급이자,1,반기보고서 (2026.06),2026-08-14
002600,조흥,매출 구성,식품,79.7,반기보고서 (2026.06),2026-08-13
002600,조흥,매출 구성,상품,20.2,반기보고서 (2026.06),2026-08-13
002600,조흥,매출 구성,기타,0,반기보고서 (2026.06),2026-08-13
018700,졸스,매출 구성,뷰티,91.3,반기보고서 (2026.06),2026-08-14
018700,졸스,매출 구성,기타,7.2,반기보고서 (2026.06),2026-08-14
018700,졸스,매출 구성,VFX,1.6,반기보고서 (2026.06),2026-08-14
018700,졸스,매출 구성,영화,0,반기보고서 (2026.06),2026-08-14
185750,종근당,매출 구성,의약품등,100,반기보고서 (2026.06),2026-08-14
063160,종근당바이오,매출 구성,원료의약품,83.7,반기보고서 (2026.06),2026-08-14
063160,종근당바이오,매출 구성,건강기능식품,14.1,반기보고서 (2026.06),2026-08-14
063160,종근당바이오,매출 구성,보툴리눔 톡신,2.3,반기보고서 (2026.06),2026-08-14
036930,주성엔지니어링,매출 구성,반도체 장비,98.1,반기보고서 (2026.06),2026-08-14
036930,주성엔지니어링,매출 구성,디스플레이 장비,1.9,반기보고서 (2026.06),2026-08-14
109070,주성코퍼레이션,매출 구성,"통신네트워크,커스터머",99.8,사업보고서 (2023.12),2024-03-20
109070,주성코퍼레이션,매출 구성,기타,0.2,사업보고서 (2023.12),2024-03-20
051980,중앙첨단소재,매출 구성,통신기기 사업부문,78.1,반기보고서 (2026.06),2026-08-14
051980,중앙첨단소재,매출 구성,PVC 제품 및 건축자재 사업부문,21.6,반기보고서 (2026.06),2026-08-14
051980,중앙첨단소재,매출 구성,용역 사업부문,0.3,반기보고서 (2026.06),2026-08-14
221800,지구홀딩스,매출 구성,헬스케어,88.3,반기보고서 (2026.06),2026-08-28
221800,지구홀딩스,매출 구성,컨슈머,11.7,반기보고서 (2026.06),2026-08-28
228760,지노믹트리,매출 구성,암분자진단서비스,92.3,반기보고서 (2026.06),2026-08-14
228760,지노믹트리,매출 구성,유전체분석서비스및기타,7.7,반기보고서 (2026.06),2026-08-14
314130,지놈앤컴퍼니,매출 구성,컨슈머 사업,67.6,반기보고서 (2026.06),2026-08-14
314130,지놈앤컴퍼니,매출 구성,CDMO,31.7,반기보고서 (2026.06),2026-08-14
314130,지놈앤컴퍼니,매출 구성,기타,0.6,반기보고서 (2026.06),2026-08-14
013890,지누스,매출 구성,Mattress,60.2,반기보고서 (2026.06),2026-08-13
013890,지누스,매출 구성,Non-Mattress,39.8,반기보고서 (2026.06),2026-08-13
389030,지니너스,매출 구성,기타,61.7,반기보고서 (2026.06),2026-08-14
389030,지니너스,매출 구성,단일세포 분석 솔루션,28.6,반기보고서 (2026.06),2026-08-14
389030,지니너스,매출 구성,유전체 분석 솔루션,6.6,반기보고서 (2026.06),2026-08-14
389030,지니너스,매출 구성,암유전체분석솔루션,2.3,반기보고서 (2026.06),2026-08-14
389030,지니너스,매출 구성,그 밖,0.9,반기보고서 (2026.06),2026-08-14
263860,지니언스,매출 구성,네트워크보안,100,반기보고서 (2026.06),2026-08-14
263860,지니언스,매출 구성,기타,0,반기보고서 (2026.06),2026-08-14
303030,지니틱스,매출 구성,Touch Controller IC,50,반기보고서 (2026.06),2026-08-14
303030,지니틱스,매출 구성,Touch Controller IC 외,50,반기보고서 (2026.06),2026-08-14
036180,지더블유바이텍,매출 구성,과학기자재및 소모품,96.3,[기재정정]사업보고서 (2024.12),2025-08-13
036180,지더블유바이텍,매출 구성,항체,3.7,[기재정정]사업보고서 (2024.12),2025-08-13
208350,지란지교시큐리티,매출 구성,메일사업,48.7,반기보고서 (2026.06),2026-08-14
208350,지란지교시큐리티,매출 구성,문서사업,26.5,반기보고서 (2026.06),2026-08-14
208350,지란지교시큐리티,매출 구성,모바일사업,22.3,반기보고서 (2026.06),2026-08-14
208350,지란지교시큐리티,매출 구성,기타,1.3,반기보고서 (2026.06),2026-08-14
208350,지란지교시큐리티,매출 구성,그 밖,1.2,반기보고서 (2026.06),2026-08-14
144510,지씨셀,매출 구성,검체검사서비스,51,반기보고서 (2026.06),2026-08-14
144510,지씨셀,매출 구성,세포치료제,23.7,반기보고서 (2026.06),2026-08-14
144510,지씨셀,매출 구성,기타,13.4,반기보고서 (2026.06),2026-08-14
144510,지씨셀,매출 구성,도매업,10.7,반기보고서 (2026.06),2026-08-14
144510,지씨셀,매출 구성,그 밖,1.2,반기보고서 (2026.06),2026-08-14
340450,지씨지놈,매출 구성,암검사,38,반기보고서 (2026.06),2026-08-14
340450,지씨지놈,매출 구성,산과검사,27.7,반기보고서 (2026.06),2026-08-14
340450,지씨지놈,매출 구성,유전희귀검사,19,반기보고서 (2026.06),2026-08-14
340450,지씨지놈,매출 구성,검진,15.1,반기보고서 (2026.06),2026-08-14
340450,지씨지놈,매출 구성,그 밖,0.2,반기보고서 (2026.06),2026-08-14
306620,지아이에스,매출 구성,장비사업,48.1,반기보고서 (2026.06),2026-08-13
306620,지아이에스,매출 구성,전자사업,26.5,반기보고서 (2026.06),2026-08-13
306620,지아이에스,매출 구성,자동화사업,13.5,반기보고서 (2026.06),2026-08-13
306620,지아이에스,매출 구성,FA사업,10.3,반기보고서 (2026.06),2026-08-13
306620,지아이에스,매출 구성,그 밖,1.7,반기보고서 (2026.06),2026-08-13
358570,지아이이노베이션,매출 구성,임상/사업개발총괄,30.8,반기보고서 (2026.06),2026-08-14
358570,지아이이노베이션,매출 구성,중개과학총괄,30.8,반기보고서 (2026.06),2026-08-14
358570,지아이이노베이션,매출 구성,대사질환연구센터,15.4,반기보고서 (2026.06),2026-08-14
358570,지아이이노베이션,매출 구성,R&D부문,15.4,반기보고서 (2026.06),2026-08-14
358570,지아이이노베이션,매출 구성,그 밖,7.7,반기보고서 (2026.06),2026-08-14
382480,지아이텍,매출 구성,자사제품,100,반기보고서 (2026.06),2026-08-14
382800,지앤비에스 에코,매출 구성,SCRUBBER,57.2,반기보고서 (2026.06),2026-08-13
382800,지앤비에스 에코,매출 구성,유류외,22.7,반기보고서 (2026.06),2026-08-13
382800,지앤비에스 에코,매출 구성,PARTS,15,반기보고서 (2026.06),2026-08-13
382800,지앤비에스 에코,매출 구성,SERVICE,4,반기보고서 (2026.06),2026-08-13
382800,지앤비에스 에코,매출 구성,그 밖,1.1,반기보고서 (2026.06),2026-08-13
037640,지에스엔텍,매출 구성,풍력사업,80.9,사업보고서 (2025.12),2026-03-17
037640,지에스엔텍,매출 구성,플랜트사업,16.2,사업보고서 (2025.12),2026-03-17
037640,지에스엔텍,매출 구성,기타,2.9,사업보고서 (2025.12),2026-03-17
076340,지에이이노더스,사업 구성,해양수산부,37.5,[첨부추가]사업보고서 (2024.12),2025-03-19
076340,지에이이노더스,사업 구성,한국농어촌공사,18.7,[첨부추가]사업보고서 (2024.12),2025-03-19
076340,지에이이노더스,사업 구성,울산지방해양수산청,12.5,[첨부추가]사업보고서 (2024.12),2025-03-19
076340,지에이이노더스,사업 구성,한국가스공사,6.3,[첨부추가]사업보고서 (2024.12),2025-03-19
076340,지에이이노더스,사업 구성,그 밖,25,[첨부추가]사업보고서 (2024.12),2025-03-19
388610,지에프씨생명과학,매출 구성,소재사업부,77.5,[기재정정]반기보고서 (2026.06),2026-09-07
388610,지에프씨생명과학,매출 구성,임상사업부,22.5,[기재정정]반기보고서 (2026.06),2026-09-07
493330,지에프아이,매출 구성,공사,50,반기보고서 (2026.06),2026-08-13
493330,지에프아이,매출 구성,상품등,50,반기보고서 (2026.06),2026-08-13
119850,지엔씨에너지,매출 구성,발전기,73.2,반기보고서 (2026.06),2026-08-13
119850,지엔씨에너지,매출 구성,기타,26.8,반기보고서 (2026.06),2026-08-13
065060,지엔코,매출 구성,의류사업부문,81.9,[기재정정]사업보고서 (2025.12),2026-03-19
065060,지엔코,매출 구성,상용차 수입 유통 부문,18.1,[기재정정]사업보고서 (2025.12),2026-03-19
204840,지엘팜텍,매출 구성,의약품제조및판매,69.2,반기보고서 (2026.06),2026-08-13
204840,지엘팜텍,매출 구성,의약품연구개발서비스및 영업마케팅,30.8,반기보고서 (2026.06),2026-08-13
071320,지역난방공사,매출 구성,열,50.5,반기보고서 (2026.06),2026-08-13
071320,지역난방공사,매출 구성,전기,47.5,반기보고서 (2026.06),2026-08-13
071320,지역난방공사,매출 구성,공사비부담금등,1.5,반기보고서 (2026.06),2026-08-13
071320,지역난방공사,매출 구성,냉수,0.5,반기보고서 (2026.06),2026-08-13
456160,지투지바이오,매출 구성,공동개발및 연구용역,64.8,사업보고서 (2025.12),2026-03-18
456160,지투지바이오,매출 구성,기술이전 및연구용역서비스,35.2,사업보고서 (2025.12),2026-03-18
388050,지투파워,매출 구성,태양광발전 시스템,49.7,반기보고서 (2026.06),2026-08-14
388050,지투파워,매출 구성,수배전반,46,반기보고서 (2026.06),2026-08-14
388050,지투파워,매출 구성,ESS,2.6,반기보고서 (2026.06),2026-08-14
388050,지투파워,매출 구성,CMD 등,1.5,반기보고서 (2026.06),2026-08-14
388050,지투파워,매출 구성,그 밖,0.2,반기보고서 (2026.06),2026-08-14
018120,진로발효,매출 구성,주정사업,84.6,반기보고서 (2026.06),2026-08-14
018120,진로발효,매출 구성,기타사업,15.4,반기보고서 (2026.06),2026-08-14
109820,진매트릭스,매출 구성,Neoplex STI-12 등,91,반기보고서 (2026.06),2026-08-12
109820,진매트릭스,매출 구성,의료장비등,8.5,반기보고서 (2026.06),2026-08-12
109820,진매트릭스,매출 구성,기타매출,0.6,반기보고서 (2026.06),2026-08-12
109820,진매트릭스,매출 구성,연구용역등,0,반기보고서 (2026.06),2026-08-12
086060,진바이오텍,매출 구성,동물약품부문,53.2,반기보고서 (2026.06),2026-08-14
086060,진바이오텍,매출 구성,첨가제부문,46.8,반기보고서 (2026.06),2026-08-14
036890,진성티이씨,매출 구성,건설중장비 부품(Roller류외),96.4,사업보고서 (2024.12),2025-03-18
036890,진성티이씨,매출 구성,연료전지 부품,3.6,사업보고서 (2024.12),2025-03-18
007370,진양제약,매출 구성,의약품,95.7,반기보고서 (2026.06),2026-08-13
007370,진양제약,매출 구성,임대료 수입,4.3,반기보고서 (2026.06),2026-08-13
010640,진양폴리우레탄,매출 구성,"폴리우레탄폼제조, 가공",100,반기보고서 (2026.06),2026-08-13
100250,진양홀딩스,매출 구성,자동차 부품,100,반기보고서 (2026.06),2026-08-14
272450,진에어,매출 구성,항공사업,100,반기보고서 (2026.06),2026-08-14
285800,진영,매출 구성,가구용SHEETEDGE,70,반기보고서 (2026.06),2026-08-13
285800,진영,매출 구성,기타,13.6,반기보고서 (2026.06),2026-08-13
285800,진영,매출 구성,산업용SHEET,9.1,반기보고서 (2026.06),2026-08-13
285800,진영,매출 구성,열분해유,6.2,반기보고서 (2026.06),2026-08-13
285800,진영,매출 구성,그 밖,1.1,반기보고서 (2026.06),2026-08-13
011000,진원생명과학,매출 구성,각종심지의제조및판매,67.6,반기보고서 (2026.06),2026-08-14
011000,진원생명과학,매출 구성,각사업에관련된사업,32.4,반기보고서 (2026.06),2026-08-14
250030,진코스텍,매출 구성,마스크팩,96.8,반기보고서 (2026.06),2026-08-14
250030,진코스텍,매출 구성,기초화장품,3.2,반기보고서 (2026.06),2026-08-14
250030,진코스텍,매출 구성,기타,0.1,반기보고서 (2026.06),2026-08-14
002780,진흥기업,매출 구성,교자상 보관용 결착구,50,반기보고서 (2026.06),2026-08-13
002780,진흥기업,매출 구성,교자상 보관용 거치대,50,반기보고서 (2026.06),2026-08-13
085660,차바이오텍,매출 구성,기타,38.4,반기보고서 (2026.06),2026-08-13
085660,차바이오텍,매출 구성,금융기관,36.8,반기보고서 (2026.06),2026-08-13
085660,차바이오텍,매출 구성,도소매업체,23.8,반기보고서 (2026.06),2026-08-13
085660,차바이오텍,매출 구성,최종소비자,1,반기보고서 (2026.06),2026-08-13
351870,차이커뮤니케이션,매출 구성,광고물제작등,63.5,반기보고서 (2026.06),2026-08-14
351870,차이커뮤니케이션,매출 구성,매체 대행,35.4,반기보고서 (2026.06),2026-08-14
351870,차이커뮤니케이션,매출 구성,임대수익등,1.1,반기보고서 (2026.06),2026-08-14
009310,참엔지니어링,매출 구성,국내사업부문,92.5,반기보고서 (2026.06),2026-08-14
009310,참엔지니어링,매출 구성,해외사업부문,7.5,반기보고서 (2026.06),2026-08-14
094850,참좋은여행,매출 구성,여행알선수입,66.6,반기보고서 (2026.06),2026-08-14
094850,참좋은여행,매출 구성,항공권 등의 판매,20.1,반기보고서 (2026.06),2026-08-14
094850,참좋은여행,매출 구성,항공권판매수수료등,13.2,반기보고서 (2026.06),2026-08-14
094850,참좋은여행,매출 구성,상품매출,0.1,반기보고서 (2026.06),2026-08-14
368030,창대정밀,사업 구성,자동차,86.3,[기재정정]사업보고서 (2025.12),2026-04-30
368030,창대정밀,사업 구성,"TV, 모니터, 생활가전 외",13.7,[기재정정]사업보고서 (2025.12),2026-04-30
004650,창해에탄올,매출 구성,주정 사업부,79.5,반기보고서 (2026.06),2026-08-14
004650,창해에탄올,매출 구성,기타 사업부,20.5,반기보고서 (2026.06),2026-08-14
278280,천보,매출 구성,전자소재,73,반기보고서 (2026.06),2026-08-14
278280,천보,매출 구성,상품,12.7,반기보고서 (2026.06),2026-08-14
278280,천보,매출 구성,의약품 소재,7.6,반기보고서 (2026.06),2026-08-14
278280,천보,매출 구성,정밀화학 소재,6.7,반기보고서 (2026.06),2026-08-14
000650,천일고속,매출 구성,운송사업부,96.1,반기보고서 (2026.06),2026-08-14
000650,천일고속,매출 구성,기타수입,2.5,반기보고서 (2026.06),2026-08-14
000650,천일고속,매출 구성,임대사업,1.4,반기보고서 (2026.06),2026-08-14
001490,천지산업,매출 구성,금속사업부,99.9,반기보고서 (2026.06),2026-08-14
001490,천지산업,매출 구성,임대사업,0.1,반기보고서 (2026.06),2026-08-14
362320,청담글로벌,매출 구성,화장품유통,82.2,반기보고서 (2026.06),2026-08-14
362320,청담글로벌,매출 구성,의약품외제조유통판매,15.7,반기보고서 (2026.06),2026-08-14
362320,청담글로벌,매출 구성,엔터테인먼트,2.1,반기보고서 (2026.06),2026-08-14
013720,청보,매출 구성,에이치디건설기계,38.7,반기보고서 (2026.06),2026-08-12
013720,청보,매출 구성,보그워너그룹,29.7,반기보고서 (2026.06),2026-08-12
013720,청보,매출 구성,GM 그룹,18.7,반기보고서 (2026.06),2026-08-12
013720,청보,매출 구성,현대위아,7.3,반기보고서 (2026.06),2026-08-12
013720,청보,매출 구성,그 밖,5.5,반기보고서 (2026.06),2026-08-12
012600,청호ICT,매출 구성,금융사업부문,75.4,반기보고서 (2026.06),2026-08-14
012600,청호ICT,매출 구성,보험소프트웨어사업부문,21.2,반기보고서 (2026.06),2026-08-14
012600,청호ICT,매출 구성,기타,3.4,반기보고서 (2026.06),2026-08-14
066360,체리부로,매출 구성,육계,93.9,[기재정정]반기보고서 (2026.06),2026-08-26
066360,체리부로,매출 구성,상품,2.3,[기재정정]반기보고서 (2026.06),2026-08-26
066360,체리부로,매출 구성,병아리,1.6,[기재정정]반기보고서 (2026.06),2026-08-26
066360,체리부로,매출 구성,사료,1.6,[기재정정]반기보고서 (2026.06),2026-08-26
066360,체리부로,매출 구성,그 밖,0.6,[기재정정]반기보고서 (2026.06),2026-08-26
033250,체시스,매출 구성,자동차부품,100,반기보고서 (2026.06),2026-08-14
047820,초록뱀미디어,매출 구성,외식사업부문,44.7,반기보고서 (2026.06),2026-08-14
047820,초록뱀미디어,매출 구성,매니지먼트사업부문,40.2,반기보고서 (2026.06),2026-08-14
047820,초록뱀미디어,매출 구성,방송채널사업부문,10.1,반기보고서 (2026.06),2026-08-14
047820,초록뱀미디어,매출 구성,부동산사업부문,4.8,반기보고서 (2026.06),2026-08-14
047820,초록뱀미디어,매출 구성,그 밖,0.2,반기보고서 (2026.06),2026-08-14
291650,츌립앤사이언스,매출 구성,허가목적이 아닌 검체분석,58.3,사업보고서 (2025.12),2026-03-13
291650,츌립앤사이언스,매출 구성,비임상시험 검체분석,25,사업보고서 (2025.12),2026-03-13
291650,츌립앤사이언스,매출 구성,임상시험 검체분석,16.7,사업보고서 (2025.12),2026-03-13
094360,칩스앤미디어,매출 구성,멀티미디어IP,100,반기보고서 (2026.06),2026-08-14
284620,카이노스메드,매출 구성,로열티,97.5,반기보고서 (2026.06),2026-08-14
284620,카이노스메드,매출 구성,용역매출,2.5,반기보고서 (2026.06),2026-08-14
446600,카이바이오텍,사업 구성,뉴라체크주사,44.1,사업보고서 (2023.12),2024-03-18
446600,카이바이오텍,사업 구성,카이바이오텍 에프디지주사액,35.7,사업보고서 (2023.12),2024-03-18
446600,카이바이오텍,사업 구성,루테슘 도타테이트,11.9,사업보고서 (2023.12),2024-03-18
446600,카이바이오텍,사업 구성,기타,8.3,사업보고서 (2023.12),2024-03-18
035720,카카오,매출 구성,플랫폼 부문,59,[기재정정]반기보고서 (2026.06),2026-08-19
035720,카카오,매출 구성,콘텐츠 부문,41,[기재정정]반기보고서 (2026.06),2026-08-19
293490,카카오게임즈,매출 구성,모바일 게임,47.2,반기보고서 (2026.06),2026-08-13
293490,카카오게임즈,매출 구성,콘솔 게임,26.8,반기보고서 (2026.06),2026-08-13
293490,카카오게임즈,매출 구성,PC 게임,17.4,반기보고서 (2026.06),2026-08-13
293490,카카오게임즈,매출 구성,아케이드 게임,8.6,반기보고서 (2026.06),2026-08-13
377300,카카오페이,매출 구성,금융서비스,50.5,반기보고서 (2026.06),2026-08-14
377300,카카오페이,매출 구성,결제서비스,44,반기보고서 (2026.06),2026-08-14
377300,카카오페이,매출 구성,플랫폼서비스,5.4,반기보고서 (2026.06),2026-08-14
140430,카티스,매출 구성,산업인프라 보안플랫폼,95,반기보고서 (2026.06),2026-08-14
140430,카티스,매출 구성,기술서비스등,3.2,반기보고서 (2026.06),2026-08-14
140430,카티스,매출 구성,PIDS,1.9,반기보고서 (2026.06),2026-08-14
042000,카페24,매출 구성,인터넷비즈니스솔루션,76.8,반기보고서 (2026.06),2026-08-13
042000,카페24,매출 구성,의류,11.7,반기보고서 (2026.06),2026-08-13
042000,카페24,매출 구성,운송,11.4,반기보고서 (2026.06),2026-08-13
313760,캐리,매출 구성,유도가열 인버터,82.2,[기재정정]사업보고서 (2024.12),2025-03-26
313760,캐리,매출 구성,기타,17.4,[기재정정]사업보고서 (2024.12),2025-03-26
313760,캐리,매출 구성,태양광 전력변환장치,0.4,[기재정정]사업보고서 (2024.12),2025-03-26
210120,캔버스엔,매출 구성,방송프로그램,83.9,[기재정정]분기보고서 (2026.03),2026-08-19
210120,캔버스엔,매출 구성,상품판매,16.1,[기재정정]분기보고서 (2026.03),2026-08-19
451760,컨텍,매출 구성,지상국솔루션,56.2,[기재정정]반기보고서 (2026.06),2026-08-14
451760,컨텍,매출 구성,위성제조및서비스솔루션,29.9,[기재정정]반기보고서 (2026.06),2026-08-14
451760,컨텍,매출 구성,위성영상솔루션,11.4,[기재정정]반기보고서 (2026.06),2026-08-14
451760,컨텍,매출 구성,기타,2.5,[기재정정]반기보고서 (2026.06),2026-08-14
900310,컬러레이,매출 구성,기타시리즈,27.3,반기보고서 (2026.06),2026-08-25
900310,컬러레이,매출 구성,간섭효과 시리즈,19,반기보고서 (2026.06),2026-08-25
900310,컬러레이,매출 구성,변색시리즈,17.2,반기보고서 (2026.06),2026-08-25
900310,컬러레이,매출 구성,실버화이트 시리즈II,10.9,반기보고서 (2026.06),2026-08-25
900310,컬러레이,매출 구성,그 밖,25.6,반기보고서 (2026.06),2026-08-25
078340,컴투스,매출 구성,게임부문,90.1,반기보고서 (2026.06),2026-08-14
078340,컴투스,매출 구성,미디어/콘텐츠부문,9.9,반기보고서 (2026.06),2026-08-14
291230,컴투스엔,매출 구성,디지털마케팅,62.7,반기보고서 (2026.06),2026-08-12
291230,컴투스엔,매출 구성,BE,35.7,반기보고서 (2026.06),2026-08-12
291230,컴투스엔,매출 구성,뉴미디어,0.9,반기보고서 (2026.06),2026-08-12
291230,컴투스엔,매출 구성,기타매출,0.7,반기보고서 (2026.06),2026-08-12
063080,컴투스홀딩스,매출 구성,게임및플랫폼개발과서비스관련사업,94.7,반기보고서 (2026.06),2026-08-14
063080,컴투스홀딩스,매출 구성,지주및투자사업,5.3,반기보고서 (2026.06),2026-08-14
263700,케어랩스,매출 구성,플랫폼,50.4,반기보고서 (2026.06),2026-08-14
263700,케어랩스,매출 구성,솔루션,26,반기보고서 (2026.06),2026-08-14
263700,케어랩스,매출 구성,마케팅,23.6,반기보고서 (2026.06),2026-08-14
900280,케이만금세기차륜집단유한공사,사업 구성,휠,57.5,분기보고서 (2024.03),2024-05-30
900280,케이만금세기차륜집단유한공사,사업 구성,트랙터,39.5,분기보고서 (2024.03),2024-05-30
900280,케이만금세기차륜집단유한공사,사업 구성,기타,3,분기보고서 (2024.03),2024-05-30
038530,케이바이오랩스,매출 구성,바이오유통,57.7,반기보고서 (2026.06),2026-08-14
038530,케이바이오랩스,매출 구성,"ICT(*1, 2)( 중단사업부문)",42.3,반기보고서 (2026.06),2026-08-14
001620,케이비아이동국실업,매출 구성,자동차부문,99.8,반기보고서 (2026.06),2026-08-14
001620,케이비아이동국실업,매출 구성,임대부문외,0.2,반기보고서 (2026.06),2026-08-14
192250,케이사인,매출 구성,SecureDB,51.6,반기보고서 (2026.06),2026-08-14
192250,케이사인,매출 구성,기타,19.9,반기보고서 (2026.06),2026-08-14
192250,케이사인,매출 구성,유지보수,19.1,반기보고서 (2026.06),2026-08-14
192250,케이사인,매출 구성,PKI,4.3,반기보고서 (2026.06),2026-08-14
192250,케이사인,매출 구성,그 밖,5.1,반기보고서 (2026.06),2026-08-14
431190,케이쓰리아이,매출 구성,XR사업,54.2,반기보고서 (2026.06),2026-08-13
431190,케이쓰리아이,매출 구성,디지털트윈및기타,45.8,반기보고서 (2026.06),2026-08-13
029460,케이씨,매출 구성,공사부문,45.5,반기보고서 (2026.06),2026-08-14
029460,케이씨,매출 구성,장비부문,28.9,반기보고서 (2026.06),2026-08-14
029460,케이씨,매출 구성,소재및부품,23.2,반기보고서 (2026.06),2026-08-14
029460,케이씨,매출 구성,기타,2.4,반기보고서 (2026.06),2026-08-14
002380,케이씨씨,매출 구성,실리콘,55.5,반기보고서 (2026.06),2026-08-14
002380,케이씨씨,매출 구성,도료,27,반기보고서 (2026.06),2026-08-14
002380,케이씨씨,매출 구성,건자재,11.5,반기보고서 (2026.06),2026-08-14
002380,케이씨씨,매출 구성,기타,6,반기보고서 (2026.06),2026-08-14
344820,케이씨씨글라스,매출 구성,인테리어및 유통,49.8,[기재정정]반기보고서 (2026.06),2026-08-20
344820,케이씨씨글라스,매출 구성,유리,48.5,[기재정정]반기보고서 (2026.06),2026-08-20
344820,케이씨씨글라스,매출 구성,파일사업,1.8,[기재정정]반기보고서 (2026.06),2026-08-20
115500,케이씨에스,매출 구성,전기,57.6,사업보고서 (2025.12),2026-03-18
115500,케이씨에스,매출 구성,당기,42.4,사업보고서 (2025.12),2026-03-18
281820,케이씨텍,매출 구성,반도체부문,93.8,반기보고서 (2026.06),2026-08-13
281820,케이씨텍,매출 구성,Display부문,6.2,반기보고서 (2026.06),2026-08-13
281820,케이씨텍,매출 구성,기타,0,반기보고서 (2026.06),2026-08-13
025880,케이씨피드,매출 구성,사료사업부,70.7,반기보고서 (2026.06),2026-08-14
025880,케이씨피드,매출 구성,식품사업부,22.8,반기보고서 (2026.06),2026-08-14
025880,케이씨피드,매출 구성,계열화부문,6.5,반기보고서 (2026.06),2026-08-14
093320,케이아이엔엑스,매출 구성,SPLA,77.7,반기보고서 (2026.06),2026-08-14
093320,케이아이엔엑스,매출 구성,"CLOUD, CDN",12.1,반기보고서 (2026.06),2026-08-14
093320,케이아이엔엑스,매출 구성,기타,10.2,반기보고서 (2026.06),2026-08-14
093640,케이알엠,매출 구성,영업부문,39.1,반기보고서 (2026.06),2026-08-14
093640,케이알엠,매출 구성,멀티미디어 반도체,31.4,반기보고서 (2026.06),2026-08-14
093640,케이알엠,매출 구성,로봇/드론,29.1,반기보고서 (2026.06),2026-08-14
093640,케이알엠,매출 구성,기타,0.4,반기보고서 (2026.06),2026-08-14
226360,케이에이치건설,매출 구성,국내토목공사,100,사업보고서 (2024.12),2025-03-21
033180,케이에이치필룩스,매출 구성,부품사업,40.4,반기보고서 (2026.06),2026-08-14
033180,케이에이치필룩스,매출 구성,리조트사업,39,반기보고서 (2026.06),2026-08-14
033180,케이에이치필룩스,매출 구성,조명사업,12.9,반기보고서 (2026.06),2026-08-14
033180,케이에이치필룩스,매출 구성,소재사업,7.5,반기보고서 (2026.06),2026-08-14
033180,케이에이치필룩스,매출 구성,그 밖,0.2,반기보고서 (2026.06),2026-08-14
081970,케이엑스넥스지,매출 구성,보안솔루션,81,반기보고서 (2026.06),2026-08-14
081970,케이엑스넥스지,매출 구성,미디어서비스,19,반기보고서 (2026.06),2026-08-14
105330,케이엔더블유,매출 구성,반도체 소재,65.6,반기보고서 (2026.06),2026-08-14
105330,케이엔더블유,매출 구성,자동차부품소재,29.5,반기보고서 (2026.06),2026-08-14
105330,케이엔더블유,매출 구성,전자부품소재,4.9,반기보고서 (2026.06),2026-08-14
053080,케이엔솔,매출 구성,클린룸산업,89.9,반기보고서 (2026.06),2026-08-14
053080,케이엔솔,매출 구성,건설산업,9.9,반기보고서 (2026.06),2026-08-14
053080,케이엔솔,매출 구성,기타,0.2,반기보고서 (2026.06),2026-08-14
199430,케이엔알시스템,매출 구성,시험장비로봇시험평가,35.9,반기보고서 (2026.06),2026-08-14
199430,케이엔알시스템,매출 구성,로봇,30.3,반기보고서 (2026.06),2026-08-14
199430,케이엔알시스템,매출 구성,시험장비,24.2,반기보고서 (2026.06),2026-08-14
199430,케이엔알시스템,매출 구성,AS/상품/임대,9.6,반기보고서 (2026.06),2026-08-14
272110,케이엔제이,매출 구성,반도체부품,73.8,[기재정정]반기보고서 (2026.06),2026-08-13
272110,케이엔제이,매출 구성,전자부품,26.2,[기재정정]반기보고서 (2026.06),2026-08-13
039420,케이엘넷,매출 구성,부가통신,66.6,반기보고서 (2026.06),2026-08-14
039420,케이엘넷,매출 구성,SM,23.7,반기보고서 (2026.06),2026-08-14
039420,케이엘넷,매출 구성,SI,8.5,반기보고서 (2026.06),2026-08-14
039420,케이엘넷,매출 구성,기타,1.2,반기보고서 (2026.06),2026-08-14
032500,케이엠더블유,매출 구성,RF부문,83.4,반기보고서 (2026.06),2026-08-14
032500,케이엠더블유,매출 구성,LED부문,16.6,반기보고서 (2026.06),2026-08-14
225430,케이엠제약,매출 구성,Oral Care(유아),62.6,반기보고서 (2026.06),2026-08-14
225430,케이엠제약,매출 구성,Beauty Care(유아),28.7,반기보고서 (2026.06),2026-08-14
225430,케이엠제약,매출 구성,Oral Care(성인),5,반기보고서 (2026.06),2026-08-14
225430,케이엠제약,매출 구성,Beauty Care(성인),2.5,반기보고서 (2026.06),2026-08-14
225430,케이엠제약,매출 구성,그 밖,1.3,반기보고서 (2026.06),2026-08-14
030200,케이티,매출 구성,중계기,67.5,반기보고서 (2026.06),2026-08-14
030200,케이티,매출 구성,해양위성,12.5,반기보고서 (2026.06),2026-08-14
030200,케이티,매출 구성,데이터,7.1,반기보고서 (2026.06),2026-08-14
030200,케이티,매출 구성,기타,6.1,반기보고서 (2026.06),2026-08-14
030200,케이티,매출 구성,그 밖,6.8,반기보고서 (2026.06),2026-08-14
053210,케이티스카이라이프,매출 구성,KT,29.3,사업보고서 (2024.12),2025-03-18
053210,케이티스카이라이프,매출 구성,LGU+,28.4,사업보고서 (2024.12),2025-03-18
053210,케이티스카이라이프,매출 구성,SK브로드밴드,15.6,사업보고서 (2024.12),2025-03-18
053210,케이티스카이라이프,매출 구성,SO(KCT),13.3,사업보고서 (2024.12),2025-03-18
053210,케이티스카이라이프,매출 구성,그 밖,13.3,사업보고서 (2024.12),2025-03-18
036030,케이티알파,매출 구성,T커머스,66.5,반기보고서 (2026.06),2026-08-14
036030,케이티알파,매출 구성,모바일상품권,33.5,반기보고서 (2026.06),2026-08-14
033780,케이티앤지,매출 구성,"제ㆍ상품,용역 및 기타",93.1,반기보고서 (2026.06),2026-08-14
033780,케이티앤지,매출 구성,"반제품, 재료품,임가공 등",6.9,반기보고서 (2026.06),2026-08-14
064820,케이프,매출 구성,채권,71.9,반기보고서 (2026.06),2026-08-14
064820,케이프,매출 구성,선물,23,반기보고서 (2026.06),2026-08-14
064820,케이프,매출 구성,어음,3.5,반기보고서 (2026.06),2026-08-14
064820,케이프,매출 구성,기타,1.6,반기보고서 (2026.06),2026-08-14
064820,케이프,매출 구성,그 밖,0.1,반기보고서 (2026.06),2026-08-14
024880,케이피에프,매출 구성,"화스너, 자동차용 부품",49.6,반기보고서 (2026.06),2026-08-13
024880,케이피에프,매출 구성,선박용케이블외,48.8,반기보고서 (2026.06),2026-08-13
024880,케이피에프,매출 구성,기타,1.6,반기보고서 (2026.06),2026-08-13
042040,케이피엠테크,매출 구성,기타,70.7,반기보고서 (2026.06),2026-08-14
042040,케이피엠테크,매출 구성,약품,27.3,반기보고서 (2026.06),2026-08-14
042040,케이피엠테크,매출 구성,기계,2,반기보고서 (2026.06),2026-08-14
054410,케이피티유,매출 구성,"AL형재, 공구강",56.9,반기보고서 (2026.06),2026-08-14
054410,케이피티유,매출 구성,열처리,18.1,반기보고서 (2026.06),2026-08-14
054410,케이피티유,매출 구성,AL형재 및 제품,17.8,반기보고서 (2026.06),2026-08-14
054410,케이피티유,매출 구성,압출금형,3.8,반기보고서 (2026.06),2026-08-14
054410,케이피티유,매출 구성,그 밖,3.4,반기보고서 (2026.06),2026-08-14
288180,케이피항공산업,매출 구성,방산및항공기치공구,42.7,반기보고서 (2026.06),2026-08-14
288180,케이피항공산업,매출 구성,항공기 조립,29.1,반기보고서 (2026.06),2026-08-14
288180,케이피항공산업,매출 구성,항공기 부품,25.8,반기보고서 (2026.06),2026-08-14
288180,케이피항공산업,매출 구성,기타,2.3,반기보고서 (2026.06),2026-08-14
258610,케일럼,매출 구성,항공부품,87.9,반기보고서 (2026.06),2026-08-14
258610,케일럼,매출 구성,플랜트기자재,12.1,반기보고서 (2026.06),2026-08-14
274090,켄코아에어로스페이스,매출 구성,항공기 부품,100,반기보고서 (2026.06),2026-08-14
274090,켄코아에어로스페이스,매출 구성,주요품목,0,반기보고서 (2026.06),2026-08-14
402420,켈스,사업 구성,기술이전(License-in),37.5,사업보고서 (2025.12),2026-03-18
402420,켈스,사업 구성,연구개발,29.2,사업보고서 (2025.12),2026-03-18
402420,켈스,사업 구성,지원사업,20.9,사업보고서 (2025.12),2026-03-18
402420,켈스,사업 구성,자산양수도,8.3,사업보고서 (2025.12),2026-03-18
402420,켈스,사업 구성,그 밖,4.2,사업보고서 (2025.12),2026-03-18
089010,켐트로닉스,매출 구성,전자사업,56.3,반기보고서 (2026.06),2026-08-14
089010,켐트로닉스,매출 구성,유통 및기타사업,25.4,반기보고서 (2026.06),2026-08-14
089010,켐트로닉스,매출 구성,반도체사업,12.1,반기보고서 (2026.06),2026-08-14
089010,켐트로닉스,매출 구성,전장사업,6.2,반기보고서 (2026.06),2026-08-14
176590,코나솔,매출 구성,철강사업부문,80.1,사업보고서 (2025.12),2026-03-31
176590,코나솔,매출 구성,반도체사업부문,12,사업보고서 (2025.12),2026-03-31
176590,코나솔,매출 구성,모빌리티사업부문외,7.9,사업보고서 (2025.12),2026-03-31
052400,코나아이,매출 구성,스마트카드(DID)사업,61.5,반기보고서 (2026.06),2026-08-13
052400,코나아이,매출 구성,플랫폼사업,25.9,반기보고서 (2026.06),2026-08-13
052400,코나아이,매출 구성,기타사업,12.5,반기보고서 (2026.06),2026-08-13
402030,코난테크놀로지,매출 구성,Konan LLM,43.4,반기보고서 (2026.06),2026-08-14
402030,코난테크놀로지,매출 구성,Konan Search,29.3,반기보고서 (2026.06),2026-08-14
402030,코난테크놀로지,매출 구성,pulseK,11.3,반기보고서 (2026.06),2026-08-14
402030,코난테크놀로지,매출 구성,Konan Watcher,7.9,반기보고서 (2026.06),2026-08-14
402030,코난테크놀로지,매출 구성,그 밖,8.1,반기보고서 (2026.06),2026-08-14
391710,코닉오토메이션,매출 구성,IT인프라,42,반기보고서 (2026.06),2026-08-14
391710,코닉오토메이션,매출 구성,스마트팩토리,32.9,반기보고서 (2026.06),2026-08-14
391710,코닉오토메이션,매출 구성,제어SW,22.9,반기보고서 (2026.06),2026-08-14
391710,코닉오토메이션,매출 구성,로봇물류,2.3,반기보고서 (2026.06),2026-08-14
046070,코다코,매출 구성,자동차부품,98.9,반기보고서 (2026.06),2026-08-14
046070,코다코,매출 구성,상품및용역,1.1,반기보고서 (2026.06),2026-08-14
047770,코데즈컴바인,매출 구성,백화점,63.9,반기보고서 (2026.06),2026-08-13
047770,코데즈컴바인,매출 구성,할인점,25.7,반기보고서 (2026.06),2026-08-13
047770,코데즈컴바인,매출 구성,기타,6.5,반기보고서 (2026.06),2026-08-13
047770,코데즈컴바인,매출 구성,대리점,2.2,반기보고서 (2026.06),2026-08-13
047770,코데즈컴바인,매출 구성,그 밖,1.7,반기보고서 (2026.06),2026-08-13
080530,코디,매출 구성,화장품,79.5,반기보고서 (2026.06),2026-08-14
080530,코디,매출 구성,용기,20.5,반기보고서 (2026.06),2026-08-14
357120,코람코라이프인프라리츠,매출 구성,기타 임대료수익,91.1,사업보고서 (2026.05),2026-08-14
357120,코람코라이프인프라리츠,매출 구성,임차인의 매출액에 따라 변동되는 리스료,8.9,사업보고서 (2026.05),2026-08-14
007810,코리아써키트,매출 구성,PCB,92.3,반기보고서 (2026.06),2026-08-14
007810,코리아써키트,매출 구성,반도체,7.3,반기보고서 (2026.06),2026-08-14
007810,코리아써키트,매출 구성,임대,0.4,반기보고서 (2026.06),2026-08-14
123410,코리아에프티,매출 구성,제품/금형/용역,100,반기보고서 (2026.06),2026-08-14
036690,코맥스,매출 구성,당반기,50.8,[기재정정]반기보고서 (2026.06),2026-08-14
036690,코맥스,매출 구성,전반기,49.2,[기재정정]반기보고서 (2026.06),2026-08-14
049430,코메론,매출 구성,줄자사업,91.9,[기재정정]사업보고서 (2025.12),2026-03-20
049430,코메론,매출 구성,톱사업,3.5,[기재정정]사업보고서 (2025.12),2026-03-20
049430,코메론,매출 구성,압연사업,2,[기재정정]사업보고서 (2025.12),2026-03-20
049430,코메론,매출 구성,기타,1.9,[기재정정]사업보고서 (2025.12),2026-03-20
049430,코메론,매출 구성,그 밖,0.7,[기재정정]사업보고서 (2025.12),2026-03-20
183300,코미코,매출 구성,"Intel, TSMC, Micron 외",64.8,반기보고서 (2026.06),2026-08-14
183300,코미코,매출 구성,"삼성전자, SK하이닉스 외",35.2,반기보고서 (2026.06),2026-08-14
041960,코미팜,매출 구성,직판,49.5,반기보고서 (2026.06),2026-08-13
041960,코미팜,매출 구성,대리점-소비자,38,반기보고서 (2026.06),2026-08-13
041960,코미팜,매출 구성,조달매출,11.9,반기보고서 (2026.06),2026-08-13
041960,코미팜,매출 구성,일괄계약(축협),0.6,반기보고서 (2026.06),2026-08-13
089890,코세스,매출 구성,반도체,100,반기보고서 (2026.06),2026-08-14
082660,코스나인,사업 구성,화장품,85.7,[기재정정]사업보고서 (2024.12),2025-04-09
082660,코스나인,사업 구성,생활용품,14.3,[기재정정]사업보고서 (2024.12),2025-04-09
043710,코스리거글로벌,매출 구성,화장품사업부문,85.6,반기보고서 (2026.06),2026-08-14
043710,코스리거글로벌,매출 구성,헬스케어사업부문,14.3,반기보고서 (2026.06),2026-08-14
043710,코스리거글로벌,매출 구성,뉴미디어마케팅사업부문,0.1,반기보고서 (2026.06),2026-08-14
043710,코스리거글로벌,매출 구성,기타,0,반기보고서 (2026.06),2026-08-14
192820,코스맥스,매출 구성,순부채,100,반기보고서 (2026.06),2026-08-13
192820,코스맥스,매출 구성,부채비율,0,반기보고서 (2026.06),2026-08-13
044820,코스맥스비티아이,매출 구성,건강기능식품,63.8,반기보고서 (2026.06),2026-08-14
044820,코스맥스비티아이,매출 구성,기타,36.2,반기보고서 (2026.06),2026-08-14
222040,코스맥스엔비티,매출 구성,국내시장규모,48.7,반기보고서 (2026.06),2026-08-13
222040,코스맥스엔비티,매출 구성,생산매출,38.8,반기보고서 (2026.06),2026-08-13
222040,코스맥스엔비티,매출 구성,수입,12.5,반기보고서 (2026.06),2026-08-13
222040,코스맥스엔비티,매출 구성,성장률,0,반기보고서 (2026.06),2026-08-13
241710,코스메카코리아,매출 구성,화장품,100,반기보고서 (2026.06),2026-08-14
439960,코스모로보틱스,사업 구성,EA2,33.3,반기보고서 (2026.06),2026-08-14
439960,코스모로보틱스,사업 구성,BAM-K,30,반기보고서 (2026.06),2026-08-14
439960,코스모로보틱스,사업 구성,EA1,20,반기보고서 (2026.06),2026-08-14
439960,코스모로보틱스,사업 구성,BAM-T,16.7,반기보고서 (2026.06),2026-08-14
005070,코스모신소재,매출 구성,양극활물질,67.1,반기보고서 (2026.06),2026-08-14
005070,코스모신소재,매출 구성,기능성필름,30.4,반기보고서 (2026.06),2026-08-14
005070,코스모신소재,매출 구성,토너,2.4,반기보고서 (2026.06),2026-08-14
005420,코스모화학,매출 구성,양극활물질,67.1,반기보고서 (2026.06),2026-08-14
005420,코스모화학,매출 구성,기능성필름,30.4,반기보고서 (2026.06),2026-08-14
005420,코스모화학,매출 구성,토너,2.4,반기보고서 (2026.06),2026-08-14
355150,코스텍시스,매출 구성,RF통신용패키지,78.1,반기보고서 (2026.06),2026-08-14
355150,코스텍시스,매출 구성,전력반도체Spacer,21.9,반기보고서 (2026.06),2026-08-14
169670,코스텍시스템,사업 구성,반도체 웨이퍼 이송장비,85.1,사업보고서 (2025.12),2026-03-31
169670,코스텍시스템,사업 구성,기타,11.7,사업보고서 (2025.12),2026-03-31
169670,코스텍시스템,사업 구성,로봇,2.7,사업보고서 (2025.12),2026-03-31
169670,코스텍시스템,사업 구성,반도체 웨이퍼 본더,0.5,사업보고서 (2025.12),2026-03-31
071950,코아스,매출 구성,가구제조,94.5,반기보고서 (2026.06),2026-08-12
071950,코아스,매출 구성,공사,5.5,반기보고서 (2026.06),2026-08-12
166480,코아스템켐온,매출 구성,비임상 CRO비임상CRO,99.1,반기보고서 (2026.06),2026-08-14
166480,코아스템켐온,매출 구성,세포 치료제,0.9,반기보고서 (2026.06),2026-08-14
045970,코아시아,매출 구성,전자부품제조,64.3,반기보고서 (2026.06),2026-08-14
045970,코아시아,매출 구성,시스템반도체,34.7,반기보고서 (2026.06),2026-08-14
045970,코아시아,매출 구성,금융업,1,반기보고서 (2026.06),2026-08-14
196450,코아시아씨엠,매출 구성,CCM,88.3,사업보고서 (2024.12),2025-03-18
196450,코아시아씨엠,매출 구성,광학 렌즈,11.6,사업보고서 (2024.12),2025-03-18
196450,코아시아씨엠,매출 구성,엔터테인먼트,0,사업보고서 (2024.12),2025-03-18
002020,코오롱,매출 구성,산업자재군,45.3,반기보고서 (2026.06),2026-08-14
002020,코오롱,매출 구성,화학소재군,30.2,반기보고서 (2026.06),2026-08-14
002020,코오롱,매출 구성,패션군,22.6,반기보고서 (2026.06),2026-08-14
002020,코오롱,매출 구성,기타사업군,1.8,반기보고서 (2026.06),2026-08-14
003070,코오롱글로벌,매출 구성,건설,82.1,반기보고서 (2026.06),2026-08-14
003070,코오롱글로벌,매출 구성,레저,8.1,반기보고서 (2026.06),2026-08-14
003070,코오롱글로벌,매출 구성,상사,7,반기보고서 (2026.06),2026-08-14
003070,코오롱글로벌,매출 구성,AM,2.8,반기보고서 (2026.06),2026-08-14
102940,코오롱생명과학,매출 구성,Chemical사업부문,96.2,[기재정정]반기보고서 (2026.06),2026-08-31
102940,코오롱생명과학,매출 구성,Bio사업부문,3.8,[기재정정]반기보고서 (2026.06),2026-08-31
120110,코오롱인더,매출 구성,산업자재군,45.3,반기보고서 (2026.06),2026-08-14
120110,코오롱인더,매출 구성,화학소재군,30.2,반기보고서 (2026.06),2026-08-14
120110,코오롱인더,매출 구성,패션군,22.6,반기보고서 (2026.06),2026-08-14
120110,코오롱인더,매출 구성,기타사업군,1.8,반기보고서 (2026.06),2026-08-14
950160,코오롱티슈진,매출 구성,TG-C,100,반기보고서 (2026.06),2026-08-14
021240,코웨이,매출 구성,렌탈및멤버쉽,91.4,반기보고서 (2026.06),2026-08-14
021240,코웨이,매출 구성,일시불,5.6,반기보고서 (2026.06),2026-08-14
021240,코웨이,매출 구성,기타,3,반기보고서 (2026.06),2026-08-14
056360,코위버,매출 구성,기타,33,반기보고서 (2026.06),2026-08-13
056360,코위버,매출 구성,PTN,28.6,반기보고서 (2026.06),2026-08-13
056360,코위버,매출 구성,송변전용,14.2,반기보고서 (2026.06),2026-08-13
056360,코위버,매출 구성,WDM,11.4,반기보고서 (2026.06),2026-08-13
056360,코위버,매출 구성,그 밖,12.8,반기보고서 (2026.06),2026-08-13
282880,코윈테크,매출 구성,로봇 자동화,94.5,반기보고서 (2026.06),2026-08-14
282880,코윈테크,매출 구성,로봇 자동화유지보수,3.4,반기보고서 (2026.06),2026-08-14
282880,코윈테크,매출 구성,기타,2.1,반기보고서 (2026.06),2026-08-14
448710,코츠테크놀로지,매출 구성,무기체계탑재용 컴퓨터장치,30.1,반기보고서 (2026.06),2026-08-14
448710,코츠테크놀로지,매출 구성,싱글보드컴퓨터,24.1,반기보고서 (2026.06),2026-08-14
448710,코츠테크놀로지,매출 구성,군용 전시기,22.9,반기보고서 (2026.06),2026-08-14
448710,코츠테크놀로지,매출 구성,기타,10,반기보고서 (2026.06),2026-08-14
448710,코츠테크놀로지,매출 구성,그 밖,12.9,반기보고서 (2026.06),2026-08-14
052330,코텍,매출 구성,산업용모니터제조판매,100,반기보고서 (2026.06),2026-08-14
322780,코퍼스코리아,매출 구성,제작,64.8,반기보고서 (2026.06),2026-08-14
322780,코퍼스코리아,매출 구성,배급,34.4,반기보고서 (2026.06),2026-08-14
322780,코퍼스코리아,매출 구성,기타,0.8,반기보고서 (2026.06),2026-08-14
036420,콘텐트리중앙,매출 구성,콘텐트,47.4,반기보고서 (2026.06),2026-08-14
036420,콘텐트리중앙,매출 구성,공간,33.5,반기보고서 (2026.06),2026-08-14
036420,콘텐트리중앙,매출 구성,기타,19.1,반기보고서 (2026.06),2026-08-14
215380,콜마바이오텍,매출 구성,E&C사업,69.7,반기보고서 (2026.06),2026-08-14
215380,콜마바이오텍,매출 구성,바이오 사업,28.3,반기보고서 (2026.06),2026-08-14
215380,콜마바이오텍,매출 구성,랩클라우드/임대업,2,반기보고서 (2026.06),2026-08-14
294570,쿠콘,매출 구성,연구전담요원,90.6,반기보고서 (2026.06),2026-08-14
294570,쿠콘,매출 구성,연구보조원,7.6,반기보고서 (2026.06),2026-08-14
294570,쿠콘,매출 구성,연구소장,1.8,반기보고서 (2026.06),2026-08-14
284740,쿠쿠홈시스,매출 구성,가전사업,77.7,반기보고서 (2026.06),2026-08-14
284740,쿠쿠홈시스,매출 구성,렌탈사업,22.3,반기보고서 (2026.06),2026-08-14
317690,퀀타매트릭스,매출 구성,dRAST,100,반기보고서 (2026.06),2026-08-14
317690,퀀타매트릭스,매출 구성,장비받침대외,0,반기보고서 (2026.06),2026-08-14
078940,퀀타피아,매출 구성,베어링부문,98.7,반기보고서 (2025.06),2025-08-14
078940,퀀타피아,매출 구성,에너지부문,1.3,반기보고서 (2025.06),2025-08-14
432720,퀄리타스반도체,매출 구성,IP Licensing,62,사업보고서 (2025.12),2026-03-19
432720,퀄리타스반도체,매출 구성,IP Sub_Licensing,28.2,사업보고서 (2025.12),2026-03-19
432720,퀄리타스반도체,매출 구성,IP Design Service,9.8,사업보고서 (2025.12),2026-03-19
456190,큐라켐,사업 구성,방사성동위원소 표지화합물 합성,83,사업보고서 (2023.12),2024-03-06
456190,큐라켐,사업 구성,실험중개,17,사업보고서 (2023.12),2024-03-06
348080,큐라티스,매출 구성,CDMO,91.1,사업보고서 (2025.12),2026-03-23
348080,큐라티스,매출 구성,QTP105,8.5,사업보고서 (2025.12),2026-03-23
348080,큐라티스,매출 구성,기타매출,0.4,사업보고서 (2025.12),2026-03-23
060280,큐렉소,매출 구성,의료로봇사업부,53.4,반기보고서 (2026.06),2026-08-13
060280,큐렉소,매출 구성,무역사업부,32.7,반기보고서 (2026.06),2026-08-13
060280,큐렉소,매출 구성,임플란트사업부,13.9,반기보고서 (2026.06),2026-08-13
372320,큐로셀,사업 구성,서울대학교산학협력단,50.1,반기보고서 (2026.06),2026-08-14
372320,큐로셀,사업 구성,한국과학기술원 (KAIST),49.9,반기보고서 (2026.06),2026-08-14
115180,큐리언트,매출 구성,의약품유통사업,99.9,반기보고서 (2026.06),2026-08-14
115180,큐리언트,매출 구성,의약품연구개발,0.1,반기보고서 (2026.06),2026-08-14
494120,큐리오시스,매출 구성,상품등,46.3,반기보고서 (2026.06),2026-08-04
494120,큐리오시스,매출 구성,생명과학기기,30.1,반기보고서 (2026.06),2026-08-04
494120,큐리오시스,매출 구성,랩오토메이션,13.2,반기보고서 (2026.06),2026-08-04
494120,큐리오시스,매출 구성,의료기기,10.4,반기보고서 (2026.06),2026-08-04
445680,큐리옥스바이오시스템즈,매출 구성,기기,51.6,반기보고서 (2026.06),2026-08-14
445680,큐리옥스바이오시스템즈,매출 구성,기타,22.2,반기보고서 (2026.06),2026-08-14
445680,큐리옥스바이오시스템즈,매출 구성,부속품,15.9,반기보고서 (2026.06),2026-08-14
445680,큐리옥스바이오시스템즈,매출 구성,플레이트,10.3,반기보고서 (2026.06),2026-08-14
182360,큐브엔터,매출 구성,CF,32.7,반기보고서 (2026.06),2026-08-13
182360,큐브엔터,매출 구성,콘텐츠,21.2,반기보고서 (2026.06),2026-08-13
182360,큐브엔터,매출 구성,음원,14.3,반기보고서 (2026.06),2026-08-13
182360,큐브엔터,매출 구성,행사,12.7,반기보고서 (2026.06),2026-08-13
182360,큐브엔터,매출 구성,그 밖,19.1,반기보고서 (2026.06),2026-08-13
405100,큐알티,매출 구성,신뢰성평가,59.8,반기보고서 (2026.06),2026-08-14
405100,큐알티,매출 구성,종합분석,30.2,반기보고서 (2026.06),2026-08-14
405100,큐알티,매출 구성,BOARD,5.6,반기보고서 (2026.06),2026-08-14
405100,큐알티,매출 구성,장비,4.3,반기보고서 (2026.06),2026-08-14
405100,큐알티,매출 구성,그 밖,0.1,반기보고서 (2026.06),2026-08-14
377460,큐에이드,매출 구성,Care서비스사업,56.6,[기재정정]반기보고서 (2026.06),2026-08-25
377460,큐에이드,매출 구성,유통사업,33.4,[기재정정]반기보고서 (2026.06),2026-08-25
377460,큐에이드,매출 구성,물류사업,9.9,[기재정정]반기보고서 (2026.06),2026-08-25
377460,큐에이드,매출 구성,기타사업,0.1,[기재정정]반기보고서 (2026.06),2026-08-25
136660,큐엠씨,매출 구성,반도체 장비,53.2,사업보고서 (2025.12),2026-03-23
136660,큐엠씨,매출 구성,기타,35.9,사업보고서 (2025.12),2026-03-23
136660,큐엠씨,매출 구성,LED 및 디스플레이 장비,8.5,사업보고서 (2025.12),2026-03-23
136660,큐엠씨,매출 구성,카메라 모듈 장비,2.4,사업보고서 (2025.12),2026-03-23
355390,크라우드웍스,매출 구성,Data사업,39.3,반기보고서 (2026.06),2026-08-14
355390,크라우드웍스,매출 구성,기타,31.2,반기보고서 (2026.06),2026-08-14
355390,크라우드웍스,매출 구성,AI사업,23.5,반기보고서 (2026.06),2026-08-14
355390,크라우드웍스,매출 구성,Academy 사업,5.5,반기보고서 (2026.06),2026-08-14
355390,크라우드웍스,매출 구성,그 밖,0.5,반기보고서 (2026.06),2026-08-14
264900,크라운제과,매출 구성,제과,100,반기보고서 (2026.06),2026-08-14
005740,크라운해태홀딩스,매출 구성,제과,98.5,반기보고서 (2026.06),2026-08-14
005740,크라운해태홀딩스,매출 구성,지주,1.2,반기보고서 (2026.06),2026-08-14
005740,크라운해태홀딩스,매출 구성,기타,0.3,반기보고서 (2026.06),2026-08-14
259960,크래프톤,매출 구성,게임,80.1,반기보고서 (2026.06),2026-08-14
259960,크래프톤,매출 구성,광고,19.9,반기보고서 (2026.06),2026-08-14
040350,크레오에스지,매출 구성,솔루션사업,91.8,반기보고서 (2026.06),2026-08-14
040350,크레오에스지,매출 구성,부동산 운영사업,8.2,반기보고서 (2026.06),2026-08-14
900250,크리스탈신소재,매출 구성,그래핀파우더,33.9,반기보고서 (2026.06),2026-08-26
900250,크리스탈신소재,매출 구성,운모파우더,22.2,반기보고서 (2026.06),2026-08-26
900250,크리스탈신소재,매출 구성,운모테이프,21.3,반기보고서 (2026.06),2026-08-26
900250,크리스탈신소재,매출 구성,운모플레이크,17.6,반기보고서 (2026.06),2026-08-26
900250,크리스탈신소재,매출 구성,그 밖,5,반기보고서 (2026.06),2026-08-26
214150,클래시스,매출 구성,의료기기(해외),75.9,반기보고서 (2026.06),2026-08-14
214150,클래시스,매출 구성,의료기기(국내),21.8,반기보고서 (2026.06),2026-08-14
214150,클래시스,매출 구성,홈케어,2,반기보고서 (2026.06),2026-08-14
214150,클래시스,매출 구성,임대,0.3,반기보고서 (2026.06),2026-08-14
466100,클로봇,매출 구성,직접,70.4,반기보고서 (2026.06),2026-08-14
466100,클로봇,매출 구성,간접,29.6,반기보고서 (2026.06),2026-08-14
139670,키네마스터,매출 구성,동영상 편집앱,100,사업보고서 (2024.12),2025-03-19
020120,키다리스튜디오,매출 구성,웹툰 사업부문,84.2,반기보고서 (2026.06),2026-08-14
020120,키다리스튜디오,매출 구성,MD 사업부문,10.7,반기보고서 (2026.06),2026-08-14
020120,키다리스튜디오,매출 구성,영상 사업부문,3.1,반기보고서 (2026.06),2026-08-14
020120,키다리스튜디오,매출 구성,웹소설 사업부문,2,반기보고서 (2026.06),2026-08-14
054780,키이스트,매출 구성,콘텐츠제작,76.3,반기보고서 (2026.06),2026-08-14
054780,키이스트,매출 구성,매니지먼트,23.7,반기보고서 (2026.06),2026-08-14
256940,킵스파마,매출 구성,순연,86.7,반기보고서 (2026.06),2026-08-14
256940,킵스파마,매출 구성,합금연(안티모니(Sb)),12.1,반기보고서 (2026.06),2026-08-14
256940,킵스파마,매출 구성,PP(부산물) 외,1.2,반기보고서 (2026.06),2026-08-14
336040,타스컴,사업 구성,펜니들&주사기,47,사업보고서 (2025.12),2026-03-18
336040,타스컴,사업 구성,SimplexTAS분석기 및 카트리지,43.6,사업보고서 (2025.12),2026-03-18
336040,타스컴,사업 구성,혈당측정시험지외,9.4,사업보고서 (2025.12),2026-03-18
336040,타스컴,사업 구성,수수료 수입외,0,사업보고서 (2025.12),2026-03-18
219130,타이거일렉,매출 구성,Load Board,45.7,반기보고서 (2026.06),2026-08-14
219130,타이거일렉,매출 구성,Probe Card,34.3,반기보고서 (2026.06),2026-08-14
219130,타이거일렉,매출 구성,STO,11.5,반기보고서 (2026.06),2026-08-14
219130,타이거일렉,매출 구성,Socket Board,2.9,반기보고서 (2026.06),2026-08-14
219130,타이거일렉,매출 구성,그 밖,5.7,반기보고서 (2026.06),2026-08-14
346010,타이드,사업 구성,"DCU, PLC",62.4,사업보고서 (2025.12),2026-04-07
346010,타이드,사업 구성,LTE 모뎀,23.6,사업보고서 (2025.12),2026-04-07
346010,타이드,사업 구성,"기타, 용역",6.4,사업보고서 (2025.12),2026-04-07
346010,타이드,사업 구성,상품,5.5,사업보고서 (2025.12),2026-04-07
346010,타이드,사업 구성,그 밖,2,사업보고서 (2025.12),2026-04-07
318660,타임기술,사업 구성,IPS,56.9,사업보고서 (2025.12),2026-03-23
318660,타임기술,사업 구성,글로벌콘텐츠,40.1,사업보고서 (2025.12),2026-03-23
318660,타임기술,사업 구성,S/W,2.9,사업보고서 (2025.12),2026-03-23
476710,타조이엔터테인먼트,사업 구성,공연기획매출,61.3,사업보고서 (2025.12),2026-03-18
476710,타조이엔터테인먼트,사업 구성,방송공연매출,38.6,사업보고서 (2025.12),2026-03-18
476710,타조이엔터테인먼트,사업 구성,기타매출,0.2,사업보고서 (2025.12),2026-03-18
434190,탈로스,사업 구성,리튬이온 이차전지,97,사업보고서 (2025.12),2026-03-23
434190,탈로스,사업 구성,기타,3,사업보고서 (2025.12),2026-03-23
336680,탑런토탈솔루션,매출 구성,김종웅,50,[기재정정]사업보고서 (2025.12),2026-04-21
336680,탑런토탈솔루션,매출 구성,김승범,50,[기재정정]사업보고서 (2025.12),2026-04-21
360070,탑머티리얼,매출 구성,시스템 엔지니어링,71.1,[기재정정]반기보고서 (2026.06),2026-08-14
360070,탑머티리얼,매출 구성,전극,24.8,[기재정정]반기보고서 (2026.06),2026-08-14
360070,탑머티리얼,매출 구성,상품,3,[기재정정]반기보고서 (2026.06),2026-08-14
360070,탑머티리얼,매출 구성,기타,1.1,[기재정정]반기보고서 (2026.06),2026-08-14
180060,탑선,사업 구성,공사수입,53.7,[기재정정]사업보고서 (2025.12),2026-04-30
180060,탑선,사업 구성,상품,38,[기재정정]사업보고서 (2025.12),2026-04-30
180060,탑선,사업 구성,기타매출,8.3,[기재정정]사업보고서 (2025.12),2026-04-30
065130,탑엔지니어링,매출 구성,제품제조및판매,100,반기보고서 (2026.06),2026-08-14
134580,탑코미디어,매출 구성,플랫폼,70.4,반기보고서 (2026.06),2026-08-14
134580,탑코미디어,매출 구성,유통,26.9,반기보고서 (2026.06),2026-08-14
134580,탑코미디어,매출 구성,기타,2.7,반기보고서 (2026.06),2026-08-14
014580,태경비케이,매출 구성,석회제조판매업,51.7,반기보고서 (2026.06),2026-08-13
014580,태경비케이,매출 구성,인조대리석사업,22.9,반기보고서 (2026.06),2026-08-13
014580,태경비케이,매출 구성,탄산가스사업,14.4,반기보고서 (2026.06),2026-08-13
014580,태경비케이,매출 구성,왁스사업,11,반기보고서 (2026.06),2026-08-13
015890,태경산업,매출 구성,석회제조,30.7,반기보고서 (2026.06),2026-08-14
015890,태경산업,매출 구성,기타,24.2,반기보고서 (2026.06),2026-08-14
015890,태경산업,매출 구성,비철금속사업부,15.4,반기보고서 (2026.06),2026-08-14
015890,태경산업,매출 구성,연료,9.9,반기보고서 (2026.06),2026-08-14
015890,태경산업,매출 구성,그 밖,19.8,반기보고서 (2026.06),2026-08-14
006890,태경케미컬,매출 구성,탄산가스사업부문,93.8,반기보고서 (2026.06),2026-08-14
006890,태경케미컬,매출 구성,환경사업부문,6.2,반기보고서 (2026.06),2026-08-14
023160,태광,매출 구성,플랜트용기자재,99.8,반기보고서 (2026.06),2026-08-14
023160,태광,매출 구성,부동산임대외,0.2,반기보고서 (2026.06),2026-08-14
003240,태광산업,매출 구성,제조 및임대,94.6,반기보고서 (2026.06),2026-08-14
003240,태광산업,매출 구성,방송통신,5.4,반기보고서 (2026.06),2026-08-14
323280,태성,매출 구성,표면처리장비,37.9,반기보고서 (2026.06),2026-08-12
323280,태성,매출 구성,식각장비,28.6,반기보고서 (2026.06),2026-08-12
323280,태성,매출 구성,정면기,17.5,반기보고서 (2026.06),2026-08-12
323280,태성,매출 구성,용역매출,8.6,반기보고서 (2026.06),2026-08-12
323280,태성,매출 구성,그 밖,7.5,반기보고서 (2026.06),2026-08-12
053620,태양,매출 구성,연료관,83.3,반기보고서 (2026.06),2026-08-14
053620,태양,매출 구성,에어졸외,16.7,반기보고서 (2026.06),2026-08-14
004100,태양금속공업,매출 구성,태양금속인도유한공사,31.5,반기보고서 (2026.06),2026-08-14
004100,태양금속공업,매출 구성,(주)프라이맥스,27.7,반기보고서 (2026.06),2026-08-14
004100,태양금속공업,매출 구성,기타 법인,20.9,반기보고서 (2026.06),2026-08-14
004100,태양금속공업,매출 구성,태양프라이맥스기배(장가항)유한공사,11,반기보고서 (2026.06),2026-08-14
004100,태양금속공업,매출 구성,그 밖,8.9,반기보고서 (2026.06),2026-08-14
009410,태영건설,매출 구성,건설,92.8,반기보고서 (2026.06),2026-08-14
009410,태영건설,매출 구성,임대,3.8,반기보고서 (2026.06),2026-08-14
009410,태영건설,매출 구성,기타,2.5,반기보고서 (2026.06),2026-08-14
009410,태영건설,매출 구성,레저,0.8,반기보고서 (2026.06),2026-08-14
044490,태웅,매출 구성,잔액,47.8,사업보고서 (2023.12),2024-03-19
044490,태웅,매출 구성,수출촉진자금,24.4,사업보고서 (2023.12),2024-03-19
044490,태웅,매출 구성,산업시설,24.4,사업보고서 (2023.12),2024-03-19
044490,태웅,매출 구성,운영자금,3.4,사업보고서 (2023.12),2024-03-19
124560,태웅로직스,매출 구성,건설자재,83.3,반기보고서 (2026.06),2026-08-14
124560,태웅로직스,매출 구성,전동차,16.7,반기보고서 (2026.06),2026-08-14
001420,태원물산,매출 구성,식품사업,50.7,반기보고서 (2026.06),2026-08-14
001420,태원물산,매출 구성,자동차부품사업,40.7,반기보고서 (2026.06),2026-08-14
001420,태원물산,매출 구성,IP사업,8.6,반기보고서 (2026.06),2026-08-14
950250,테라뷰,사업 구성,EOTPR,72.9,사업보고서 (2026.04),2026-08-19
950250,테라뷰,사업 구성,TeraPulse,13.4,사업보고서 (2026.04),2026-08-19
950250,테라뷰,사업 구성,TeraCota,12.1,사업보고서 (2026.04),2026-08-19
950250,테라뷰,사업 구성,TeraPulse 등,1.6,사업보고서 (2026.04),2026-08-19
066700,테라젠이텍스,매출 구성,의약품사업,94.4,반기보고서 (2026.06),2026-08-14
066700,테라젠이텍스,매출 구성,유전체사업,4,반기보고서 (2026.06),2026-08-14
066700,테라젠이텍스,매출 구성,헬스케어,1.6,반기보고서 (2026.06),2026-08-14
095610,테스,매출 구성,제품(장비),87.3,반기보고서 (2026.06),2026-08-13
095610,테스,매출 구성,제품 외(기타),12.7,반기보고서 (2026.06),2026-08-13
064520,테크엘,매출 구성,SIP,100,반기보고서 (2026.06),2026-08-14
089030,테크윙,매출 구성,반도체 장비,92.1,반기보고서 (2026.06),2026-08-14
089030,테크윙,매출 구성,디스플레이장비,7.9,반기보고서 (2026.06),2026-08-14
258050,테크트랜스,매출 구성,제품기타,100,사업보고서 (2023.12),2024-03-20
047730,텔라움,매출 구성,철도사업부문,97.8,반기보고서 (2026.06),2026-08-14
047730,텔라움,매출 구성,통신사업부문,2.2,반기보고서 (2026.06),2026-08-14
054450,텔레칩스,매출 구성,디지털 미디어 프로세서,70.9,반기보고서 (2026.06),2026-08-14
054450,텔레칩스,매출 구성,기타매출,24.6,반기보고서 (2026.06),2026-08-14
054450,텔레칩스,매출 구성,기타,3.6,반기보고서 (2026.06),2026-08-14
054450,텔레칩스,매출 구성,모바일 TV 수신칩,0.8,반기보고서 (2026.06),2026-08-14
078000,텔코웨어,매출 구성,무선데이터 솔루션,80.9,반기보고서 (2026.06),2026-08-14
078000,텔코웨어,매출 구성,음성핵심망 솔루션,11.6,반기보고서 (2026.06),2026-08-14
078000,텔코웨어,매출 구성,기타,7.5,반기보고서 (2026.06),2026-08-14
200230,텔콘RF제약,매출 구성,만기일 미도래,75.1,반기보고서 (2026.06),2026-08-14
200230,텔콘RF제약,매출 구성,기타조정(*),24.9,반기보고서 (2026.06),2026-08-14
214420,토니모리,매출 구성,제상품매출,98.7,반기보고서 (2026.06),2026-08-14
214420,토니모리,매출 구성,금융,1.3,반기보고서 (2026.06),2026-08-14
393210,토마토시스템,매출 구성,솔루션진행매출,53.7,반기보고서 (2026.06),2026-08-12
393210,토마토시스템,매출 구성,용역수입,39.2,반기보고서 (2026.06),2026-08-12
393210,토마토시스템,매출 구성,제품매출,6.4,반기보고서 (2026.06),2026-08-12
393210,토마토시스템,매출 구성,기타 매출,0.7,반기보고서 (2026.06),2026-08-12
475960,토모큐브,매출 구성,HT 제품군,89.4,반기보고서 (2026.06),2026-08-14
475960,토모큐브,매출 구성,"소모품, SW 등",8,반기보고서 (2026.06),2026-08-14
475960,토모큐브,매출 구성,워런티등,2.6,반기보고서 (2026.06),2026-08-14
215480,토박스코리아,매출 구성,"백화점, 아울렛, 쇼핑몰, 대리점",74.3,반기보고서 (2026.06),2026-08-13
215480,토박스코리아,매출 구성,온라인,16.5,반기보고서 (2026.06),2026-08-13
215480,토박스코리아,매출 구성,기타,9.1,반기보고서 (2026.06),2026-08-13
215480,토박스코리아,매출 구성,환불부채등,0,반기보고서 (2026.06),2026-08-13
045340,토탈소프트,매출 구성,Marine Terminal,85.1,반기보고서 (2026.06),2026-08-13
045340,토탈소프트,매출 구성,Shipping,7.8,반기보고서 (2026.06),2026-08-13
045340,토탈소프트,매출 구성,기타,4.6,반기보고서 (2026.06),2026-08-13
045340,토탈소프트,매출 구성,E-learning,2.3,반기보고서 (2026.06),2026-08-13
045340,토탈소프트,매출 구성,그 밖,0.2,반기보고서 (2026.06),2026-08-13
108230,톱텍,매출 구성,FA부문,87.1,반기보고서 (2026.06),2026-08-14
108230,톱텍,매출 구성,제품판매부문,12.5,반기보고서 (2026.06),2026-08-14
108230,톱텍,매출 구성,기타부문,0.2,반기보고서 (2026.06),2026-08-14
108230,톱텍,매출 구성,공사부문,0.1,반기보고서 (2026.06),2026-08-14
079970,투비소프트,매출 구성,유지보수,49.3,반기보고서 (2026.06),2026-08-14
079970,투비소프트,매출 구성,제품,35.3,반기보고서 (2026.06),2026-08-14
079970,투비소프트,매출 구성,용역,15.5,반기보고서 (2026.06),2026-08-14
199800,툴젠,매출 구성,라이센스 수익,68.3,반기보고서 (2026.06),2026-08-14
199800,툴젠,매출 구성,기타,16.7,반기보고서 (2026.06),2026-08-14
199800,툴젠,매출 구성,세포주및동물,14.5,반기보고서 (2026.06),2026-08-14
199800,툴젠,매출 구성,유전자가위관련 제품,0.5,반기보고서 (2026.06),2026-08-14
417790,트루엔,매출 구성,IP 카메라,82.9,반기보고서 (2026.06),2026-08-13
417790,트루엔,매출 구성,IoT 기기 및 솔루션,8.9,반기보고서 (2026.06),2026-08-13
417790,트루엔,매출 구성,영상스트리밍 솔루션,5.3,반기보고서 (2026.06),2026-08-13
417790,트루엔,매출 구성,기타,2.9,반기보고서 (2026.06),2026-08-13
091810,트리니티항공,매출 구성,여객운송수입,91.1,반기보고서 (2026.06),2026-08-13
091810,트리니티항공,매출 구성,화물운송수입,4.3,반기보고서 (2026.06),2026-08-13
091810,트리니티항공,매출 구성,서비스수입,2.5,반기보고서 (2026.06),2026-08-13
091810,트리니티항공,매출 구성,취소수수료수입,2,반기보고서 (2026.06),2026-08-13
091810,트리니티항공,매출 구성,그 밖,0.1,반기보고서 (2026.06),2026-08-13
290090,트윔,매출 구성,Rule,68.3,반기보고서 (2026.06),2026-08-14
290090,트윔,매출 구성,AI,19.3,반기보고서 (2026.06),2026-08-14
290090,트윔,매출 구성,에너지사업,12.4,반기보고서 (2026.06),2026-08-14
464280,티디에스팜,매출 구성,카타플라스마,73.5,반기보고서 (2026.06),2026-08-14
464280,티디에스팜,매출 구성,플라스타,14.9,반기보고서 (2026.06),2026-08-14
464280,티디에스팜,매출 구성,내용고형제외,9.3,반기보고서 (2026.06),2026-08-14
464280,티디에스팜,매출 구성,패취,2.1,반기보고서 (2026.06),2026-08-14
464280,티디에스팜,매출 구성,그 밖,0.1,반기보고서 (2026.06),2026-08-14
117730,티로보틱스,매출 구성,진공로봇,84.2,반기보고서 (2026.06),2026-08-14
117730,티로보틱스,매출 구성,자율주행물류로봇,8.7,반기보고서 (2026.06),2026-08-14
117730,티로보틱스,매출 구성,기타,7,반기보고서 (2026.06),2026-08-14
033830,티비씨,매출 구성,광고,24.6,반기보고서 (2026.06),2026-08-14
033830,티비씨,매출 구성,프로그램판매,21.7,반기보고서 (2026.06),2026-08-14
033830,티비씨,매출 구성,기타사업,15.6,반기보고서 (2026.06),2026-08-14
033830,티비씨,매출 구성,방송수신료 (＊),14.5,반기보고서 (2026.06),2026-08-14
033830,티비씨,매출 구성,그 밖,23.7,반기보고서 (2026.06),2026-08-14
084870,티비에이치글로벌,매출 구성,"MIND BRIDGE,JUCY JUDY 등",100,반기보고서 (2026.06),2026-08-13
057680,티사이언티픽,매출 구성,보안및네트워크,83.9,반기보고서 (2026.06),2026-08-14
057680,티사이언티픽,매출 구성,모바일쿠폰사업,16.1,반기보고서 (2026.06),2026-08-14
204610,티쓰리,매출 구성,게임서비스부문,56.1,반기보고서 (2026.06),2026-08-14
204610,티쓰리,매출 구성,솔루션사업부문,41.4,반기보고서 (2026.06),2026-08-14
204610,티쓰리,매출 구성,기타사업부문,2.5,반기보고서 (2026.06),2026-08-14
125020,티씨머티리얼즈,매출 구성,전력인프라,65.9,반기보고서 (2026.06),2026-08-14
125020,티씨머티리얼즈,매출 구성,전장소재,22,반기보고서 (2026.06),2026-08-14
125020,티씨머티리얼즈,매출 구성,가전등기타,12.1,반기보고서 (2026.06),2026-08-14
064760,티씨케이,매출 구성,Solid SiC류,88.4,반기보고서 (2026.06),2026-08-14
064760,티씨케이,매출 구성,Graphite류,9.7,반기보고서 (2026.06),2026-08-14
064760,티씨케이,매출 구성,Susceptor류,1.9,반기보고서 (2026.06),2026-08-14
246710,티앤알바이오팹,매출 구성,반기말,50,반기보고서 (2026.06),2026-08-31
246710,티앤알바이오팹,매출 구성,기초,42.5,반기보고서 (2026.06),2026-08-31
246710,티앤알바이오팹,매출 구성,평가,7.5,반기보고서 (2026.06),2026-08-31
340570,티앤엘,매출 구성,창상피복재,94.7,[기재정정]반기보고서 (2026.06),2026-08-21
340570,티앤엘,매출 구성,정형외과용고정재,5.3,[기재정정]반기보고서 (2026.06),2026-08-21
043220,티에스넥스젠,매출 구성,산업설비사업부,96.7,반기보고서 (2026.06),2026-08-14
043220,티에스넥스젠,매출 구성,기타,2.3,반기보고서 (2026.06),2026-08-14
043220,티에스넥스젠,매출 구성,에너지사업부,0.9,반기보고서 (2026.06),2026-08-14
043220,티에스넥스젠,매출 구성,의료기기사업본부,0.1,반기보고서 (2026.06),2026-08-14
277880,티에스아이,매출 구성,믹싱시스템매출,82.3,반기보고서 (2026.06),2026-08-14
277880,티에스아이,매출 구성,공사매출,10.5,반기보고서 (2026.06),2026-08-14
277880,티에스아이,매출 구성,기타,5,반기보고서 (2026.06),2026-08-14
277880,티에스아이,매출 구성,제작품매출,2.3,반기보고서 (2026.06),2026-08-14
131290,티에스이,매출 구성,직접판매,99.9,반기보고서 (2026.06),2026-08-14
131290,티에스이,매출 구성,임대료 수입,0.1,반기보고서 (2026.06),2026-08-14
019180,티에이치엔,매출 구성,자동차부품,100,반기보고서 (2026.06),2026-08-14
425420,티에프이,매출 구성,Board,41.1,반기보고서 (2026.06),2026-08-14
425420,티에프이,매출 구성,Socket,35.1,반기보고서 (2026.06),2026-08-14
425420,티에프이,매출 구성,COK,23.8,반기보고서 (2026.06),2026-08-14
484810,티엑스알로보틱스,매출 구성,물류자동화,66.4,반기보고서 (2026.06),2026-08-11
484810,티엑스알로보틱스,매출 구성,로봇자동화,33.6,반기보고서 (2026.06),2026-08-11
131100,티엔엔터테인먼트,매출 구성,가맹사업매출,51.5,반기보고서 (2026.06),2026-08-14
131100,티엔엔터테인먼트,매출 구성,엔터 매출,43.4,반기보고서 (2026.06),2026-08-14
131100,티엔엔터테인먼트,매출 구성,음식점사업매출,4.6,반기보고서 (2026.06),2026-08-14
131100,티엔엔터테인먼트,매출 구성,기타,0.5,반기보고서 (2026.06),2026-08-14
356860,티엘비,매출 구성,직접판매,100,반기보고서 (2026.06),2026-08-14
356860,티엘비,매출 구성,판매경로,0,반기보고서 (2026.06),2026-08-14
062860,티엘아이,매출 구성,반도체,50.3,반기보고서 (2026.06),2026-08-14
062860,티엘아이,매출 구성,기타,49.7,반기보고서 (2026.06),2026-08-14
413300,티엘엔지니어링,사업 구성,업무제휴협약,50,사업보고서 (2025.12),2026-03-23
413300,티엘엔지니어링,사업 구성,투자자문,50,사업보고서 (2025.12),2026-03-23
217590,티엠씨,매출 구성,선박선 사업부문,91.2,반기보고서 (2026.06),2026-08-14
217590,티엠씨,매출 구성,광사업부문,5.6,반기보고서 (2026.06),2026-08-14
217590,티엠씨,매출 구성,기타,3.2,반기보고서 (2026.06),2026-08-14
363280,티와이홀딩스,매출 구성,레저,49.4,반기보고서 (2026.06),2026-08-14
363280,티와이홀딩스,매출 구성,방송사업,30.1,반기보고서 (2026.06),2026-08-14
363280,티와이홀딩스,매출 구성,기타(물류사업 등),20.5,반기보고서 (2026.06),2026-08-14
321550,티움바이오,매출 구성,공정개발및단백질분석서비스,71.4,반기보고서 (2026.06),2026-08-14
321550,티움바이오,매출 구성,천연화장품,28.6,반기보고서 (2026.06),2026-08-14
425040,티이엠씨,매출 구성,반도체용 특수가스 (케미칼),57.5,반기보고서 (2026.06),2026-08-14
425040,티이엠씨,매출 구성,반도체 장비,42.5,반기보고서 (2026.06),2026-08-14
022220,티케이지애강,매출 구성,배관재 부문,71.5,반기보고서 (2026.06),2026-08-14
022220,티케이지애강,매출 구성,소방기계설비 부문,28.5,반기보고서 (2026.06),2026-08-14
069260,티케이지휴켐스,매출 구성,NT계열,70,반기보고서 (2026.06),2026-08-14
069260,티케이지휴켐스,매출 구성,NA계열,26.3,반기보고서 (2026.06),2026-08-14
069260,티케이지휴켐스,매출 구성,기타,3.7,반기보고서 (2026.06),2026-08-14
104480,티케이케미칼,매출 구성,화학 부문,92.6,반기보고서 (2026.06),2026-08-13
104480,티케이케미칼,매출 구성,건설 부문,6.4,반기보고서 (2026.06),2026-08-13
104480,티케이케미칼,매출 구성,전자 부문,1,반기보고서 (2026.06),2026-08-13
081150,티플랙스,매출 구성,스테인리스외,100,반기보고서 (2026.06),2026-08-14
130740,티피씨글로벌,매출 구성,전기,50.1,사업보고서 (2025.12),2026-03-17
130740,티피씨글로벌,매출 구성,당기,49.9,사업보고서 (2025.12),2026-03-17
217880,틸론,매출 구성,솔루션,86.7,사업보고서 (2025.12),2026-03-23
217880,틸론,매출 구성,유지보수,12,사업보고서 (2025.12),2026-03-23
217880,틸론,매출 구성,기타,1.2,사업보고서 (2025.12),2026-03-23
440110,파두,매출 구성,SSD 컨트롤러,72.7,반기보고서 (2026.06),2026-08-13
440110,파두,매출 구성,SSD 완제품,27.3,반기보고서 (2026.06),2026-08-13
034230,파라다이스,매출 구성,복합리조트,51.2,반기보고서 (2026.06),2026-08-14
034230,파라다이스,매출 구성,카지노,37.9,반기보고서 (2026.06),2026-08-14
034230,파라다이스,매출 구성,호텔,9.7,반기보고서 (2026.06),2026-08-14
034230,파라다이스,매출 구성,기타,1.3,반기보고서 (2026.06),2026-08-14
290560,파라택시스이더리움,매출 구성,PETRA CIPHER,28.6,반기보고서 (2026.06),2026-08-14
290560,파라택시스이더리움,매출 구성,PETRA,24.6,반기보고서 (2026.06),2026-08-14
290560,파라택시스이더리움,매출 구성,유지보수,23.6,반기보고서 (2026.06),2026-08-14
290560,파라택시스이더리움,매출 구성,PETRA CLOUD,23,반기보고서 (2026.06),2026-08-14
290560,파라택시스이더리움,매출 구성,그 밖,0.3,반기보고서 (2026.06),2026-08-14
288330,파라택시스코리아,매출 구성,연구개발본부,77.8,사업보고서 (2025.12),2026-04-07
288330,파라택시스코리아,매출 구성,사업개발본부,22.2,사업보고서 (2025.12),2026-04-07
033540,파라텍,매출 구성,소방시설공사외,66.4,반기보고서 (2026.06),2026-08-13
033540,파라텍,매출 구성,건설공사외,33.6,반기보고서 (2026.06),2026-08-13
388870,파로스아이바이오,사업 구성,NRAS AML 치료제,50,반기보고서 (2026.06),2026-08-13
388870,파로스아이바이오,사업 구성,FLT3 저해기전의 표적 항암제 후보물질,50,반기보고서 (2026.06),2026-08-13
043200,파루,매출 구성,태양광사업,97.6,반기보고서 (2026.06),2026-08-14
043200,파루,매출 구성,위생환경사업,2.4,반기보고서 (2026.06),2026-08-14
214450,파마리서치,매출 구성,의료기기,54.3,반기보고서 (2026.06),2026-08-14
214450,파마리서치,매출 구성,화장품,31.5,반기보고서 (2026.06),2026-08-14
214450,파마리서치,매출 구성,의약품,12.3,반기보고서 (2026.06),2026-08-14
214450,파마리서치,매출 구성,기타,2,반기보고서 (2026.06),2026-08-14
005690,파미셀,매출 구성,바이오케미컬사업부,97.9,반기보고서 (2026.06),2026-08-12
005690,파미셀,매출 구성,바이오메디컬사업부,2.1,반기보고서 (2026.06),2026-08-12
177830,파버나인,매출 구성,디지털샤이니지,29.8,반기보고서 (2026.06),2026-08-14
177830,파버나인,매출 구성,글로벌사,19.6,반기보고서 (2026.06),2026-08-14
177830,파버나인,매출 구성,생활가전외,17.2,반기보고서 (2026.06),2026-08-14
177830,파버나인,매출 구성,TV 관련,17,반기보고서 (2026.06),2026-08-14
177830,파버나인,매출 구성,그 밖,16.4,반기보고서 (2026.06),2026-08-14
037070,파세코,매출 구성,OEM/ODM,58.6,반기보고서 (2026.06),2026-08-13
037070,파세코,매출 구성,기타,18.3,반기보고서 (2026.06),2026-08-13
037070,파세코,매출 구성,난방기기,14.7,반기보고서 (2026.06),2026-08-13
037070,파세코,매출 구성,주방기기,8.5,반기보고서 (2026.06),2026-08-13
150900,파수AI,매출 구성,유지관리외,40.2,반기보고서 (2026.06),2026-08-13
150900,파수AI,매출 구성,데이터보안,38.4,반기보고서 (2026.06),2026-08-13
150900,파수AI,매출 구성,애플리케이션보안,18.6,반기보고서 (2026.06),2026-08-13
150900,파수AI,매출 구성,정보보호컨설팅,2.8,반기보고서 (2026.06),2026-08-13
047310,파워로직스,매출 구성,전자부품제품제조,100,[기재정정]사업보고서 (2025.12),2026-06-02
368770,파이버프로,매출 구성,통합항법시스템,55.7,반기보고서 (2026.06),2026-08-13
368770,파이버프로,매출 구성,광계측기기,27.4,반기보고서 (2026.06),2026-08-13
368770,파이버프로,매출 구성,포토닉 집적소자,13.8,반기보고서 (2026.06),2026-08-13
368770,파이버프로,매출 구성,광섬유 센싱 시스템,1.9,반기보고서 (2026.06),2026-08-13
368770,파이버프로,매출 구성,그 밖,1.2,반기보고서 (2026.06),2026-08-13
170790,파이오링크,매출 구성,네트워크서비스및정보보안솔루션제조,61.4,반기보고서 (2026.06),2026-08-14
170790,파이오링크,매출 구성,보안서비스,38.6,반기보고서 (2026.06),2026-08-14
049120,파인디앤씨,매출 구성,기타,65.6,반기보고서 (2026.06),2026-08-14
049120,파인디앤씨,매출 구성,자동차용 부품,26.3,반기보고서 (2026.06),2026-08-14
049120,파인디앤씨,매출 구성,Chassis,7.6,반기보고서 (2026.06),2026-08-14
049120,파인디앤씨,매출 구성,ESS함부품,0.5,반기보고서 (2026.06),2026-08-14
387570,파인메딕스,매출 구성,치료내시경,56.2,반기보고서 (2026.06),2026-08-13
387570,파인메딕스,매출 구성,기타,22.2,반기보고서 (2026.06),2026-08-13
387570,파인메딕스,매출 구성,진단내시경,21.5,반기보고서 (2026.06),2026-08-13
441270,파인엠텍,매출 구성,IT부품(해외),79.4,반기보고서 (2026.06),2026-08-14
441270,파인엠텍,매출 구성,IT부품(국내),20.6,반기보고서 (2026.06),2026-08-14
106240,파인테크닉스,매출 구성,LED 조명,100,반기보고서 (2026.06),2026-08-14
131760,파인텍,매출 구성,장비사업부,55.2,반기보고서 (2026.06),2026-08-14
131760,파인텍,매출 구성,부품사업부,44.8,반기보고서 (2026.06),2026-08-14
065690,파커스,매출 구성,프린터부품,87.3,반기보고서 (2026.06),2026-08-14
065690,파커스,매출 구성,LED사업부,12.7,반기보고서 (2026.06),2026-08-14
140860,파크시스템스,매출 구성,산업용제품군,68.3,반기보고서 (2026.06),2026-08-14
140860,파크시스템스,매출 구성,연구용제품군,29.4,반기보고서 (2026.06),2026-08-14
140860,파크시스템스,매출 구성,기타,2.4,반기보고서 (2026.06),2026-08-14
091700,파트론,매출 구성,광메카사업부,70.8,반기보고서 (2026.06),2026-08-14
091700,파트론,매출 구성,센서&패키지사업부,21.3,반기보고서 (2026.06),2026-08-14
091700,파트론,매출 구성,전자사업부,7.8,반기보고서 (2026.06),2026-08-14
202960,판도라티비,사업 구성,광고 플랫폼,51.5,사업보고서 (2025.12),2026-03-23
202960,판도라티비,사업 구성,블록체인플랫폼,25.5,사업보고서 (2025.12),2026-03-23
202960,판도라티비,사업 구성,동영상 플랫폼,23,사업보고서 (2025.12),2026-03-23
032800,판타지오,매출 구성,매니지먼트,82.6,분기보고서 (2026.03),2026-05-15
032800,판타지오,매출 구성,기타,17.4,분기보고서 (2026.03),2026-05-15
032800,판타지오,매출 구성,"투자, 제작",0,분기보고서 (2026.03),2026-05-15
318010,팜스빌,매출 구성,관절/뼈건강,34.3,[기재정정]반기보고서 (2026.06),2026-08-20
318010,팜스빌,매출 구성,다이어트/이너뷰티,24.6,[기재정정]반기보고서 (2026.06),2026-08-20
318010,팜스빌,매출 구성,면역/항산화,18.7,[기재정정]반기보고서 (2026.06),2026-08-20
318010,팜스빌,매출 구성,영양보조,18.2,[기재정정]반기보고서 (2026.06),2026-08-20
318010,팜스빌,매출 구성,그 밖,4.2,[기재정정]반기보고서 (2026.06),2026-08-20
036580,팜스코,매출 구성,식품부문,58.9,반기보고서 (2026.06),2026-08-12
036580,팜스코,매출 구성,양돈부문,39.5,반기보고서 (2026.06),2026-08-12
036580,팜스코,매출 구성,기타,1.5,반기보고서 (2026.06),2026-08-12
036580,팜스코,매출 구성,사료부문,0.1,반기보고서 (2026.06),2026-08-12
027710,팜스토리,매출 구성,사료사업부(FB),49.6,반기보고서 (2026.06),2026-08-14
027710,팜스토리,매출 구성,육가공사업부(LB),41.6,반기보고서 (2026.06),2026-08-14
027710,팜스토리,매출 구성,가금사업부(PB),7.3,반기보고서 (2026.06),2026-08-14
027710,팜스토리,매출 구성,기타사업부,1.6,반기보고서 (2026.06),2026-08-14
004720,팜젠사이언스,매출 구성,제약사업,86.7,반기보고서 (2026.06),2026-08-14
004720,팜젠사이언스,매출 구성,기타,10.2,반기보고서 (2026.06),2026-08-14
004720,팜젠사이언스,매출 구성,헬스케어사업,3.1,반기보고서 (2026.06),2026-08-14
266350,팡스카이,매출 구성,기타,55.3,[기재정정]사업보고서 (2025.12),2026-03-27
266350,팡스카이,매출 구성,게임서비스,44.7,[기재정정]사업보고서 (2025.12),2026-03-27
225590,패션플랫폼,매출 구성,패션부문,99.2,반기보고서 (2026.06),2026-08-14
225590,패션플랫폼,매출 구성,임대부문,0.8,반기보고서 (2026.06),2026-08-14
068050,팬엔터테인먼트,매출 구성,콘텐츠,87.7,반기보고서 (2026.06),2026-08-14
068050,팬엔터테인먼트,매출 구성,건물임대,8.4,반기보고서 (2026.06),2026-08-14
068050,팬엔터테인먼트,매출 구성,외식사업,2,반기보고서 (2026.06),2026-08-14
068050,팬엔터테인먼트,매출 구성,매니지먼트,2,반기보고서 (2026.06),2026-08-14
028670,팬오션,매출 구성,해운업등,100,반기보고서 (2026.06),2026-08-12
271830,팸텍,매출 구성,카메라모듈,56.4,반기보고서 (2026.06),2026-08-14
271830,팸텍,매출 구성,모빌리티,21.7,반기보고서 (2026.06),2026-08-14
271830,팸텍,매출 구성,반도체,18.7,반기보고서 (2026.06),2026-08-14
271830,팸텍,매출 구성,상품,3.2,반기보고서 (2026.06),2026-08-14
016800,퍼시스,매출 구성,상제품매출,94.7,반기보고서 (2026.06),2026-08-14
016800,퍼시스,매출 구성,인테리어공사매출,4.7,반기보고서 (2026.06),2026-08-14
016800,퍼시스,매출 구성,기타매출,0.6,반기보고서 (2026.06),2026-08-14
251970,펌텍코리아,매출 구성,화장품용기등,99.1,반기보고서 (2026.06),2026-08-14
251970,펌텍코리아,매출 구성,건강기능식품등,0.9,반기보고서 (2026.06),2026-08-14
187660,페니트리움바이오,매출 구성,기타보증금,77.7,반기보고서 (2026.06),2026-08-14
187660,페니트리움바이오,매출 구성,임차보증금,13.3,반기보고서 (2026.06),2026-08-14
187660,페니트리움바이오,매출 구성,미수금,7.2,반기보고서 (2026.06),2026-08-14
187660,페니트리움바이오,매출 구성,단기대여금,1.8,반기보고서 (2026.06),2026-08-14
001020,페이퍼코리아,매출 구성,제지,96.1,사업보고서 (2024.12),2025-03-20
001020,페이퍼코리아,매출 구성,부동산,3.9,사업보고서 (2024.12),2025-03-20
327610,펨토바이오메드,매출 구성,CellShot® 카트리지,64.3,사업보고서 (2025.12),2026-03-30
327610,펨토바이오메드,매출 구성,SmartDrop,35.7,사업보고서 (2025.12),2026-03-30
168360,펨트론,매출 구성,SMT 검사장비,73.2,반기보고서 (2026.06),2026-08-14
168360,펨트론,매출 구성,반도체 검사장비,26.8,반기보고서 (2026.06),2026-08-14
087010,펩트론,매출 구성,연구개발용역,41.4,반기보고서 (2026.06),2026-08-14
087010,펩트론,매출 구성,약효지속성 의약품,34.5,반기보고서 (2026.06),2026-08-14
087010,펩트론,매출 구성,펩타이드소재,20.7,반기보고서 (2026.06),2026-08-14
087010,펩트론,매출 구성,전문의약품,3.3,반기보고서 (2026.06),2026-08-14
064800,포니링크,매출 구성,해외패션사업,99.7,반기보고서 (2026.06),2026-08-14
064800,포니링크,매출 구성,그외사업,0.3,반기보고서 (2026.06),2026-08-14
119500,포메탈,매출 구성,금속단조품,100,반기보고서 (2026.06),2026-08-14
389140,포바이포,매출 구성,콘텐츠 제작,55.1,반기보고서 (2026.06),2026-08-14
389140,포바이포,매출 구성,e스포츠 문화콘텐츠 제작및 유통,22.1,반기보고서 (2026.06),2026-08-14
389140,포바이포,매출 구성,e스포츠 IP운영,22,반기보고서 (2026.06),2026-08-14
389140,포바이포,매출 구성,AI 솔루션 개발및 유통,0.8,반기보고서 (2026.06),2026-08-14
105760,포스뱅크,매출 구성,하청제품,62.1,사업보고서 (2023.12),2024-03-20
105760,포스뱅크,매출 구성,상품,24.1,사업보고서 (2023.12),2024-03-20
105760,포스뱅크,매출 구성,용역,13.7,사업보고서 (2023.12),2024-03-20
105760,포스뱅크,매출 구성,임대,0.1,사업보고서 (2023.12),2024-03-20
058430,포스코스틸리온,매출 구성,도금/컬러강판,98.1,반기보고서 (2026.06),2026-08-13
058430,포스코스틸리온,매출 구성,부산물매출등,1.9,반기보고서 (2026.06),2026-08-13
009520,포스코엠텍,매출 구성,철강부원료,48.3,반기보고서 (2026.06),2026-08-14
009520,포스코엠텍,매출 구성,철강제품포장,42.1,반기보고서 (2026.06),2026-08-14
009520,포스코엠텍,매출 구성,위탁운영,7.6,반기보고서 (2026.06),2026-08-14
009520,포스코엠텍,매출 구성,엔지니어링,2,반기보고서 (2026.06),2026-08-14
003670,포스코퓨처엠,매출 구성,에너지소재사업,53,[기재정정]반기보고서 (2026.06),2026-09-02
003670,포스코퓨처엠,매출 구성,기초소재사업,47,[기재정정]반기보고서 (2026.06),2026-09-02
022100,포스코DX,매출 구성,자동화,51.2,반기보고서 (2026.06),2026-08-14
022100,포스코DX,매출 구성,IT서비스,48.8,반기보고서 (2026.06),2026-08-14
189690,포시에스,매출 구성,전자문서부문,47.6,분기보고서 (2026.03),2026-05-15
189690,포시에스,매출 구성,리포트부문,30.7,분기보고서 (2026.03),2026-05-15
189690,포시에스,매출 구성,eformsign부문,14,분기보고서 (2026.03),2026-05-15
189690,포시에스,매출 구성,기타부문,7.6,분기보고서 (2026.03),2026-05-15
256630,포인트엔지니어링,매출 구성,표면처리 (디스플레이),58.5,반기보고서 (2026.06),2026-08-14
256630,포인트엔지니어링,매출 구성,표면처리 (반도체),35.5,반기보고서 (2026.06),2026-08-14
256630,포인트엔지니어링,매출 구성,PF,3.6,반기보고서 (2026.06),2026-08-14
256630,포인트엔지니어링,매출 구성,기타,2.4,반기보고서 (2026.06),2026-08-14
331380,포커스에이아이,매출 구성,당사,100,반기보고서 (2026.06),2026-08-14
208710,포톤,매출 구성,AF/OIS FPCB Assy,51.9,반기보고서 (2026.06),2026-08-12
208710,포톤,매출 구성,F/Z FPCB Assy,40.1,반기보고서 (2026.06),2026-08-12
208710,포톤,매출 구성,권선코일,4.4,반기보고서 (2026.06),2026-08-12
208710,포톤,매출 구성,ISM,3.5,반기보고서 (2026.06),2026-08-12
208710,포톤,매출 구성,그 밖,0.1,반기보고서 (2026.06),2026-08-12
472850,폰드그룹,매출 구성,패션사업부문,76.2,[기재정정]반기보고서 (2026.06),2026-08-19
472850,폰드그룹,매출 구성,화장품사업부문,18.7,[기재정정]반기보고서 (2026.06),2026-08-19
472850,폰드그룹,매출 구성,라이브커머스 사업부문,5.1,[기재정정]반기보고서 (2026.06),2026-08-19
234100,폴라리스세원,매출 구성,자동차 공조부품 사업,62.4,반기보고서 (2026.06),2026-08-14
234100,폴라리스세원,매출 구성,합성사및화학사업,20.6,반기보고서 (2026.06),2026-08-14
234100,폴라리스세원,매출 구성,F&C 및 AI융합 사업,10.7,반기보고서 (2026.06),2026-08-14
234100,폴라리스세원,매출 구성,소프트웨어 플랫폼 사업,6.2,반기보고서 (2026.06),2026-08-14
041020,폴라리스오피스,매출 구성,자동차 공조부품 사업,26.1,반기보고서 (2026.06),2026-08-14
041020,폴라리스오피스,매출 구성,합성사및화학사업,25.9,반기보고서 (2026.06),2026-08-14
041020,폴라리스오피스,매출 구성,API 및 CDMO 등 사업,17.8,반기보고서 (2026.06),2026-08-14
041020,폴라리스오피스,매출 구성,소프트웨어 플랫폼 사업,16.9,반기보고서 (2026.06),2026-08-14
041020,폴라리스오피스,매출 구성,그 밖,13.4,반기보고서 (2026.06),2026-08-14
114630,폴라리스우노,매출 구성,합성사 사업,95.1,반기보고서 (2026.06),2026-08-14
114630,폴라리스우노,매출 구성,화학 사업,4.9,반기보고서 (2026.06),2026-08-14
039980,폴라리스AI,매출 구성,F&C사업부문,59.6,반기보고서 (2026.06),2026-08-14
039980,폴라리스AI,매출 구성,AI융합사업부문,40.4,반기보고서 (2026.06),2026-08-14
041910,폴라리스AI파마,매출 구성,API및CDMO 등,100,반기보고서 (2026.06),2026-08-14
220180,폴라리스AI핸디,매출 구성,소프트웨어사업부문,85.8,반기보고서 (2026.06),2026-08-14
220180,폴라리스AI핸디,매출 구성,클라우드사업부문,14.2,반기보고서 (2026.06),2026-08-14
290720,푸드나무,매출 구성,자사몰,68.9,반기보고서 (2026.06),2026-08-14
290720,푸드나무,매출 구성,타사몰,17.2,반기보고서 (2026.06),2026-08-14
290720,푸드나무,매출 구성,오프라인등,13.8,반기보고서 (2026.06),2026-08-14
290720,푸드나무,매출 구성,수출,0.1,반기보고서 (2026.06),2026-08-14
005670,푸드웰,매출 구성,잼/시럽,22.4,반기보고서 (2026.06),2026-08-13
005670,푸드웰,매출 구성,건강식품및건강기능식품,20.2,반기보고서 (2026.06),2026-08-13
005670,푸드웰,매출 구성,만두,18.7,반기보고서 (2026.06),2026-08-13
005670,푸드웰,매출 구성,기타제품,11.8,반기보고서 (2026.06),2026-08-13
005670,푸드웰,매출 구성,그 밖,26.8,반기보고서 (2026.06),2026-08-13
094940,푸른로보틱스,매출 구성,금융자동화,81.2,반기보고서 (2026.06),2026-08-14
094940,푸른로보틱스,매출 구성,역무자동화,14,반기보고서 (2026.06),2026-08-14
094940,푸른로보틱스,매출 구성,로봇 특수단말,4.8,반기보고서 (2026.06),2026-08-14
017810,풀무원,매출 구성,국내식품제조유통,55,반기보고서 (2026.06),2026-08-14
017810,풀무원,매출 구성,식품서비스유통,22.3,반기보고서 (2026.06),2026-08-14
017810,풀무원,매출 구성,해외식품제조유통,16.8,반기보고서 (2026.06),2026-08-14
017810,풀무원,매출 구성,지주 부문,3.2,반기보고서 (2026.06),2026-08-14
017810,풀무원,매출 구성,그 밖,2.8,반기보고서 (2026.06),2026-08-14
023900,풍국주정,매출 구성,주정 사업부,37.2,반기보고서 (2026.06),2026-08-14
023900,풍국주정,매출 구성,수소 가스사업부,34.2,반기보고서 (2026.06),2026-08-14
023900,풍국주정,매출 구성,산업용가스 사업부,28.6,반기보고서 (2026.06),2026-08-14
103140,풍산,매출 구성,신동사업부문,85.3,반기보고서 (2026.06),2026-08-14
103140,풍산,매출 구성,방위산업부문,14.7,반기보고서 (2026.06),2026-08-14
005810,풍산홀딩스,매출 구성,제품매출액,63.6,반기보고서 (2026.06),2026-08-14
005810,풍산홀딩스,매출 구성,관계기업투자주식 손익,21.6,반기보고서 (2026.06),2026-08-14
005810,풍산홀딩스,매출 구성,용역매출액,8.9,반기보고서 (2026.06),2026-08-14
005810,풍산홀딩스,매출 구성,상품매출액,3.6,반기보고서 (2026.06),2026-08-14
005810,풍산홀딩스,매출 구성,그 밖,2.3,반기보고서 (2026.06),2026-08-14
298060,풍전약품,매출 구성,의약품도매,79.1,반기보고서 (2026.06),2026-08-14
298060,풍전약품,매출 구성,화장품제조판매,17.2,반기보고서 (2026.06),2026-08-14
298060,풍전약품,매출 구성,기타,3.7,반기보고서 (2026.06),2026-08-14
370090,퓨런티어,매출 구성,부품사업부,56.3,반기보고서 (2026.06),2026-08-13
370090,퓨런티어,매출 구성,장비사업부,43.7,반기보고서 (2026.06),2026-08-13
445180,퓨릿,매출 구성,반도체용 PGME,34.9,반기보고서 (2026.06),2026-08-13
445180,퓨릿,매출 구성,반도체용 EL,21.8,반기보고서 (2026.06),2026-08-13
445180,퓨릿,매출 구성,반도체용 EEP,20.7,반기보고서 (2026.06),2026-08-13
445180,퓨릿,매출 구성,반도체용PGMEA,18.8,반기보고서 (2026.06),2026-08-13
445180,퓨릿,매출 구성,그 밖,3.8,반기보고서 (2026.06),2026-08-13
220100,퓨쳐켐,매출 구성,방사성의약품,88.3,반기보고서 (2026.06),2026-08-14
220100,퓨쳐켐,매출 구성,합성시약 및전구체,8.7,반기보고서 (2026.06),2026-08-14
220100,퓨쳐켐,매출 구성,기술료/연구용역,2.5,반기보고서 (2026.06),2026-08-14
220100,퓨쳐켐,매출 구성,sCUBE 외,0.5,반기보고서 (2026.06),2026-08-14
334970,프레스티지바이오로직스,매출 구성,공정개발팀,51,분기보고서 (2026.03),2026-05-15
334970,프레스티지바이오로직스,매출 구성,엔지니어링팀,49,분기보고서 (2026.03),2026-05-15
950210,프레스티지바이오파마,매출 구성,CDMO,39.1,분기보고서 (2026.03),2026-05-29
950210,프레스티지바이오파마,매출 구성,제품매출,34.2,분기보고서 (2026.03),2026-05-29
950210,프레스티지바이오파마,매출 구성,기타,14.9,분기보고서 (2026.03),2026-05-29
950210,프레스티지바이오파마,매출 구성,라이선스아웃 (License-out),11.8,분기보고서 (2026.03),2026-05-29
296160,프로젠,사업 구성,NTIG®,60,사업보고서 (2025.12),2026-03-23
296160,프로젠,사업 구성,Super EGF,20,사업보고서 (2025.12),2026-03-23
296160,프로젠,사업 구성,IgE Trap,20,사업보고서 (2025.12),2026-03-23
053610,프로텍,매출 구성,연결후금액,50,반기보고서 (2026.06),2026-08-14
053610,프로텍,매출 구성,시스템부문외,50,반기보고서 (2026.06),2026-08-14
053610,프로텍,매출 구성,투자부문,0,반기보고서 (2026.06),2026-08-14
468530,프로티나,매출 구성,PPI Landscape®,56,반기보고서 (2026.06),2026-08-14
468530,프로티나,매출 구성,PPI PathFinder®,25.3,반기보고서 (2026.06),2026-08-14
468530,프로티나,매출 구성,SPID Platform Systems,18.7,반기보고서 (2026.06),2026-08-14
303360,프로티아,매출 구성,부동산매매,55.6,사업보고서 (2024.12),2025-03-18
303360,프로티아,매출 구성,특허공동출원,44.4,사업보고서 (2024.12),2025-03-18
377220,프롬바이오,매출 구성,제품매출,90,반기보고서 (2026.06),2026-08-14
377220,프롬바이오,매출 구성,임가공매출,8.5,반기보고서 (2026.06),2026-08-14
377220,프롬바이오,매출 구성,상품매출,1.2,반기보고서 (2026.06),2026-08-14
377220,프롬바이오,매출 구성,수수료매출,0.2,반기보고서 (2026.06),2026-08-14
377220,프롬바이오,매출 구성,그 밖,0.1,반기보고서 (2026.06),2026-08-14
335810,프리시젼바이오,매출 구성,임상화학 카트리지,35.5,반기보고서 (2026.06),2026-08-14
335810,프리시젼바이오,매출 구성,임상화학 검사기,29.1,반기보고서 (2026.06),2026-08-14
335810,프리시젼바이오,매출 구성,면역 검사기,22.7,반기보고서 (2026.06),2026-08-14
335810,프리시젼바이오,매출 구성,분자진단,7.3,반기보고서 (2026.06),2026-08-14
335810,프리시젼바이오,매출 구성,그 밖,5.5,반기보고서 (2026.06),2026-08-14
053160,프리엠스,매출 구성,전장사업부,68.4,사업보고서 (2023.12),2024-03-18
053160,프리엠스,매출 구성,기계제어사업부,31.6,사업보고서 (2023.12),2024-03-18
060910,프리젠,매출 구성,실험동물,100,반기보고서 (2026.06),2026-08-14
006490,프리티,매출 구성,MVNO사업,97,[첨부추가]반기보고서 (2026.06),2026-08-14
006490,프리티,매출 구성,스마트그리드사업,1.5,[첨부추가]반기보고서 (2026.06),2026-08-14
006490,프리티,매출 구성,유통사업,1.2,[첨부추가]반기보고서 (2026.06),2026-08-14
006490,프리티,매출 구성,시계사업,0.3,[첨부추가]반기보고서 (2026.06),2026-08-14
405000,플라즈맵,매출 구성,ACTILINK 및STERLINK,54.4,반기보고서 (2026.06),2026-08-14
405000,플라즈맵,매출 구성,소모품및액세서리,42.4,반기보고서 (2026.06),2026-08-14
405000,플라즈맵,매출 구성,기타,3.2,반기보고서 (2026.06),2026-08-14
041590,플래스크,매출 구성,인테리어 사업,87.2,반기보고서 (2026.06),2026-08-14
041590,플래스크,매출 구성,IT 사업,11.8,반기보고서 (2026.06),2026-08-14
041590,플래스크,매출 구성,임대사업,1,반기보고서 (2026.06),2026-08-14
367000,플래티어,매출 구성,IT서비스,69.6,반기보고서 (2026.06),2026-08-14
367000,플래티어,매출 구성,라이선스,30.4,반기보고서 (2026.06),2026-08-14
009810,플레이그램,매출 구성,MDS사업부문,71.9,반기보고서 (2026.06),2026-08-14
009810,플레이그램,매출 구성,MRO사업,20.8,반기보고서 (2026.06),2026-08-14
009810,플레이그램,매출 구성,영상콘텐츠사업,4.3,반기보고서 (2026.06),2026-08-14
009810,플레이그램,매출 구성,국내자회사,2.9,반기보고서 (2026.06),2026-08-14
237820,플레이디,매출 구성,광고대행및제작부문,85.1,반기보고서 (2026.06),2026-08-14
237820,플레이디,매출 구성,커머스사업 부문,14.6,반기보고서 (2026.06),2026-08-14
237820,플레이디,매출 구성,기타 부문,0.3,반기보고서 (2026.06),2026-08-14
023770,플레이위드,매출 구성,게임사업부문,100,반기보고서 (2026.06),2026-08-14
300080,플리토,매출 구성,데이터 판매,98.5,반기보고서 (2026.06),2026-08-11
300080,플리토,매출 구성,솔루션,0.7,반기보고서 (2026.06),2026-08-11
300080,플리토,매출 구성,플랫폼 서비스,0.4,반기보고서 (2026.06),2026-08-11
300080,플리토,매출 구성,기타,0.4,반기보고서 (2026.06),2026-08-11
033790,피노,매출 구성,신에너지,99.9,반기보고서 (2026.06),2026-08-14
033790,피노,매출 구성,통신장비,0.1,반기보고서 (2026.06),2026-08-14
033790,피노,매출 구성,게임,0,반기보고서 (2026.06),2026-08-14
150440,피노텍,매출 구성,시스템통합 (SI),48.7,사업보고서 (2023.12),2024-04-08
150440,피노텍,매출 구성,비대면 금융거래 통합솔루션,42.6,사업보고서 (2023.12),2024-04-08
150440,피노텍,매출 구성,기타,4.5,사업보고서 (2023.12),2024-04-08
150440,피노텍,매출 구성,비대면 담보대출 솔루션,4.2,사업보고서 (2023.12),2024-04-08
032580,피델릭스,매출 구성,제품기타,100,반기보고서 (2026.06),2026-08-12
0117P0,피스피스스튜디오,매출 구성,패션부문,98.4,반기보고서 (2026.06),2026-08-14
0117P0,피스피스스튜디오,매출 구성,기타부문,1.6,반기보고서 (2026.06),2026-08-14
237750,피앤씨테크,매출 구성,상품,52.2,반기보고서 (2026.06),2026-08-14
237750,피앤씨테크,매출 구성,배전자동화단말장치,29.6,반기보고서 (2026.06),2026-08-14
237750,피앤씨테크,매출 구성,디지털보호계전기,9.7,반기보고서 (2026.06),2026-08-14
237750,피앤씨테크,매출 구성,원격감시제어시스템,5.1,반기보고서 (2026.06),2026-08-14
237750,피앤씨테크,매출 구성,그 밖,3.3,반기보고서 (2026.06),2026-08-14
460940,피앤에스로보틱스,매출 구성,전반기,64,반기보고서 (2026.06),2026-08-14
460940,피앤에스로보틱스,매출 구성,당반기,36,반기보고서 (2026.06),2026-08-14
319660,피에스케이,매출 구성,반도체장비,100,반기보고서 (2026.06),2026-08-14
031980,피에스케이홀딩스,매출 구성,반도체장비,100,반기보고서 (2026.06),2026-08-14
043370,피에이치에이,매출 구성,자동차부품,100,반기보고서 (2026.06),2026-08-14
347740,피엔케이피부임상연구센타,매출 구성,인체적용시험,95.2,반기보고서 (2026.06),2026-08-14
347740,피엔케이피부임상연구센타,매출 구성,In-Vitro시험 외,4.8,반기보고서 (2026.06),2026-08-14
257370,피엔티엠에스,매출 구성,편광필름,73.5,사업보고서 (2025.12),2026-03-16
257370,피엔티엠에스,매출 구성,기타,26.5,사업보고서 (2025.12),2026-03-16
147760,피엠티,매출 구성,반도체 검사용 프로브카드,98.1,[기재정정]반기보고서 (2026.06),2026-08-13
147760,피엠티,매출 구성,기타,1.9,[기재정정]반기보고서 (2026.06),2026-08-13
128660,피제이메탈,매출 구성,판매공급,100,사업보고서 (2025.12),2026-03-18
006140,피제이전자,매출 구성,의료기기(초음파진단기),71.9,반기보고서 (2026.06),2026-08-14
006140,피제이전자,매출 구성,로봇제어기,14.3,반기보고서 (2026.06),2026-08-14
006140,피제이전자,매출 구성,차량전장부품,10.7,반기보고서 (2026.06),2026-08-14
006140,피제이전자,매출 구성,임대,1.9,반기보고서 (2026.06),2026-08-14
006140,피제이전자,매출 구성,그 밖,1.2,반기보고서 (2026.06),2026-08-14
087600,픽셀플러스,매출 구성,Sensor,88.6,반기보고서 (2026.06),2026-08-14
087600,픽셀플러스,매출 구성,Non-Sensor,11.2,반기보고서 (2026.06),2026-08-14
087600,픽셀플러스,매출 구성,기타,0.3,반기보고서 (2026.06),2026-08-14
291810,핀텔,매출 구성,보안분야,65.5,반기보고서 (2026.06),2026-08-12
291810,핀텔,매출 구성,교통분야,34.5,반기보고서 (2026.06),2026-08-12
161580,필옵틱스,매출 구성,OLED 디스플레이 장비,47.2,반기보고서 (2026.06),2026-08-14
161580,필옵틱스,매출 구성,이차전지공정장비,21.5,반기보고서 (2026.06),2026-08-14
161580,필옵틱스,매출 구성,기타(종속회사 포함),18.5,반기보고서 (2026.06),2026-08-14
161580,필옵틱스,매출 구성,반도체공정장비,12.8,반기보고서 (2026.06),2026-08-14
347770,핌스,매출 구성,OLED디스플레이메탈 마스크 등,100,반기보고서 (2026.06),2026-08-14
163730,핑거,매출 구성,시스템구축 및유지보수,99.3,반기보고서 (2026.06),2026-08-14
163730,핑거,매출 구성,소프트웨어판매외,0.7,반기보고서 (2026.06),2026-08-14
417180,핑거스토리,매출 구성,저작권,100,사업보고서 (2023.12),2024-03-14
299030,하나기술,매출 구성,전기,64.5,사업보고서 (2025.12),2026-03-23
299030,하나기술,매출 구성,당기,35.5,사업보고서 (2025.12),2026-03-23
067310,하나마이크론,매출 구성,반도체제조(패키징),84.6,반기보고서 (2026.06),2026-08-14
067310,하나마이크론,매출 구성,반도체재료 (실리콘 부품),15.3,반기보고서 (2026.06),2026-08-14
067310,하나마이크론,매출 구성,신기술사업금융,0.1,반기보고서 (2026.06),2026-08-14
166090,하나머티리얼즈,매출 구성,부품,99.4,반기보고서 (2026.06),2026-08-13
166090,하나머티리얼즈,매출 구성,신기술사업금융,0.6,반기보고서 (2026.06),2026-08-13
004940,하나은행,사업 구성,영업그룹부문,65.1,반기보고서 (2026.06),2026-08-14
004940,하나은행,사업 구성,자금시장및 기타,34.9,반기보고서 (2026.06),2026-08-14
293480,하나제약,매출 구성,제약,100,반기보고서 (2026.06),2026-08-14
039130,하나투어,매출 구성,여행알선서비스,92.3,반기보고서 (2026.06),2026-08-14
039130,하나투어,매출 구성,숙박시설 운영수탁업,4.5,반기보고서 (2026.06),2026-08-14
039130,하나투어,매출 구성,여객자동차 운수업,2.9,반기보고서 (2026.06),2026-08-14
039130,하나투어,매출 구성,시스템개발및유지보수,0.1,반기보고서 (2026.06),2026-08-14
039130,하나투어,매출 구성,그 밖,0.1,반기보고서 (2026.06),2026-08-14
136480,하림,매출 구성,도계및육가공품제조,100,반기보고서 (2026.06),2026-08-12
003380,하림지주,매출 구성,배당수익,78.7,반기보고서 (2026.06),2026-08-13
003380,하림지주,매출 구성,기타,14.7,반기보고서 (2026.06),2026-08-13
003380,하림지주,매출 구성,브랜드수익,6.6,반기보고서 (2026.06),2026-08-13
049130,하우리,매출 구성,안티바이러스및서버보안등,100,반기보고서 (2026.06),2026-08-14
365590,하이딥,매출 구성,주요 목표시장,100,반기보고서 (2026.06),2026-08-14
013030,하이록코리아,매출 구성,Hy-Lok Fitting,38.7,반기보고서 (2026.06),2026-08-14
013030,하이록코리아,매출 구성,Hy-Lok Valve,35.9,반기보고서 (2026.06),2026-08-14
013030,하이록코리아,매출 구성,기타,16.4,반기보고서 (2026.06),2026-08-14
013030,하이록코리아,매출 구성,Bite Type Fitting,7,반기보고서 (2026.06),2026-08-14
013030,하이록코리아,매출 구성,그 밖,2.1,반기보고서 (2026.06),2026-08-14
352820,하이브,매출 구성,공연,34.3,반기보고서 (2026.06),2026-08-14
352820,하이브,매출 구성,음반/음원,27.8,반기보고서 (2026.06),2026-08-14
352820,하이브,매출 구성,MD 및 라이선싱,20.9,반기보고서 (2026.06),2026-08-14
352820,하이브,매출 구성,콘텐츠,6.9,반기보고서 (2026.06),2026-08-14
352820,하이브,매출 구성,그 밖,10.1,반기보고서 (2026.06),2026-08-14
126700,하이비젼시스템,매출 구성,IT/모바일 부문,94.1,반기보고서 (2026.06),2026-08-14
126700,하이비젼시스템,매출 구성,전장 부문,5.9,반기보고서 (2026.06),2026-08-14
071090,하이스틸,매출 구성,강관,100,반기보고서 (2026.06),2026-08-14
160190,하이젠알앤엠,매출 구성,산업용 모터,78.4,반기보고서 (2026.06),2026-08-14
160190,하이젠알앤엠,매출 구성,서보 모터/ 드라이브,12.1,반기보고서 (2026.06),2026-08-14
160190,하이젠알앤엠,매출 구성,기타,4.8,반기보고서 (2026.06),2026-08-14
160190,하이젠알앤엠,매출 구성,EV모터/인버터,3.3,반기보고서 (2026.06),2026-08-14
160190,하이젠알앤엠,매출 구성,그 밖,1.3,반기보고서 (2026.06),2026-08-14
221840,하이즈항공,매출 구성,부품사업부,60.5,반기보고서 (2026.06),2026-08-13
221840,하이즈항공,매출 구성,조립사업부,39.4,반기보고서 (2026.06),2026-08-13
221840,하이즈항공,매출 구성,기타,0.1,반기보고서 (2026.06),2026-08-13
106190,하이텍팜,매출 구성,무균이미페넴외,95.3,[기재정정]반기보고서 (2026.06),2026-08-14
106190,하이텍팜,매출 구성,무균세프트리악손외,4.7,[기재정정]반기보고서 (2026.06),2026-08-14
000080,하이트진로,매출 구성,소주,63.1,반기보고서 (2026.06),2026-08-13
000080,하이트진로,매출 구성,맥주,27.8,반기보고서 (2026.06),2026-08-13
000080,하이트진로,매출 구성,생수,6.4,반기보고서 (2026.06),2026-08-13
000080,하이트진로,매출 구성,기타,2.6,반기보고서 (2026.06),2026-08-13
000140,하이트진로홀딩스,매출 구성,배당금 수익,89.6,반기보고서 (2026.06),2026-08-14
000140,하이트진로홀딩스,매출 구성,로열티 수익,10.1,반기보고서 (2026.06),2026-08-14
000140,하이트진로홀딩스,매출 구성,용역 수익,0.3,반기보고서 (2026.06),2026-08-14
065650,하이퍼코퍼레이션,매출 구성,알츠하이머성 치매 치료,35.7,반기보고서 (2026.06),2026-08-14
065650,하이퍼코퍼레이션,매출 구성,알츠하이머성 진단,35.7,반기보고서 (2026.06),2026-08-14
065650,하이퍼코퍼레이션,매출 구성,진통제,21.4,반기보고서 (2026.06),2026-08-14
065650,하이퍼코퍼레이션,매출 구성,기타,7.1,반기보고서 (2026.06),2026-08-14
036460,한국가스공사,매출 구성,도입및판매사업,91.5,[기재정정]반기보고서 (2026.06),2026-08-19
036460,한국가스공사,매출 구성,기타,8.5,[기재정정]반기보고서 (2026.06),2026-08-19
039340,한국경제TV,매출 구성,기타부문,65,반기보고서 (2026.06),2026-08-14
039340,한국경제TV,매출 구성,방송부문,35,반기보고서 (2026.06),2026-08-14
071050,한국금융지주,매출 구성,증권,87.3,사업보고서 (2025.12),2026-03-19
071050,한국금융지주,매출 구성,기타,4.6,사업보고서 (2025.12),2026-03-19
071050,한국금융지주,매출 구성,저축은행업,3.3,사업보고서 (2025.12),2026-03-19
071050,한국금융지주,매출 구성,운용업,2.6,사업보고서 (2025.12),2026-03-19
071050,한국금융지주,매출 구성,그 밖,2.2,사업보고서 (2025.12),2026-03-19
010040,한국내화,매출 구성,내화물,58.4,반기보고서 (2026.06),2026-08-14
010040,한국내화,매출 구성,건설,41.6,반기보고서 (2026.06),2026-08-14
222980,한국맥널티,매출 구성,커피,65.3,반기보고서 (2026.06),2026-08-14
222980,한국맥널티,매출 구성,제약,24.3,반기보고서 (2026.06),2026-08-14
222980,한국맥널티,매출 구성,건기식,10.4,반기보고서 (2026.06),2026-08-14
010100,한국무브넥스,매출 구성,차부품,99.9,반기보고서 (2026.06),2026-08-14
010100,한국무브넥스,매출 구성,프랜지,0,반기보고서 (2026.06),2026-08-14
010100,한국무브넥스,매출 구성,산업기계,0,반기보고서 (2026.06),2026-08-14
256840,한국비엔씨,매출 구성,미용성형용제품,98.8,반기보고서 (2026.06),2026-08-14
256840,한국비엔씨,매출 구성,수술시술용제품,0.7,반기보고서 (2026.06),2026-08-14
256840,한국비엔씨,매출 구성,미용의료기기,0.5,반기보고서 (2026.06),2026-08-14
256840,한국비엔씨,매출 구성,분석및실험서비스외,0,반기보고서 (2026.06),2026-08-14
219750,한국비티비,매출 구성,바이오사업본부,96.3,반기보고서 (2026.06),2026-08-14
219750,한국비티비,매출 구성,의료기기사업본부,3.7,반기보고서 (2026.06),2026-08-14
004090,한국석유공업,매출 구성,아스팔트,49.2,반기보고서 (2026.06),2026-08-14
004090,한국석유공업,매출 구성,케미칼,28.1,반기보고서 (2026.06),2026-08-14
004090,한국석유공업,매출 구성,합성수지,22.2,반기보고서 (2026.06),2026-08-14
004090,한국석유공업,매출 구성,기타,0.5,반기보고서 (2026.06),2026-08-14
025550,한국선재,매출 구성,철강,66.5,사업보고서 (2025.12),2026-03-19
025550,한국선재,매출 구성,피팅밸브,33.4,사업보고서 (2025.12),2026-03-19
025550,한국선재,매출 구성,기타,0.1,사업보고서 (2025.12),2026-03-19
002200,한국수출포장공업,매출 구성,연간 온실가스 배출량,98.9,반기보고서 (2026.06),2026-08-14
002200,한국수출포장공업,매출 구성,연간 에너지 사용량,1.1,반기보고서 (2026.06),2026-08-14
002960,한국쉘석유,매출 구성,도매,100,반기보고서 (2026.06),2026-08-14
017890,한국알콜,매출 구성,화학,66.1,반기보고서 (2026.06),2026-08-13
017890,한국알콜,매출 구성,주정,31,반기보고서 (2026.06),2026-08-13
017890,한국알콜,매출 구성,기타,2.9,반기보고서 (2026.06),2026-08-13
000240,한국앤컴퍼니,매출 구성,축전지,100,반기보고서 (2026.06),2026-08-14
015760,한국전력공사,매출 구성,전기판매,64.9,반기보고서 (2026.06),2026-08-14
015760,한국전력공사,매출 구성,화력발전,19.4,반기보고서 (2026.06),2026-08-14
015760,한국전력공사,매출 구성,원자력발전,11.8,반기보고서 (2026.06),2026-08-14
015760,한국전력공사,매출 구성,기타 사업,3.9,반기보고서 (2026.06),2026-08-14
101680,한국정밀기계,매출 구성,금속절삭가공기계제조업,100,반기보고서 (2026.06),2026-08-14
053300,한국정보인증,매출 구성,인증,49.6,반기보고서 (2026.06),2026-08-13
053300,한국정보인증,매출 구성,OTP,21.4,반기보고서 (2026.06),2026-08-13
053300,한국정보인증,매출 구성,전자문서,13.1,반기보고서 (2026.06),2026-08-13
053300,한국정보인증,매출 구성,기타,11.2,반기보고서 (2026.06),2026-08-13
053300,한국정보인증,매출 구성,그 밖,4.7,반기보고서 (2026.06),2026-08-13
025770,한국정보통신,매출 구성,금융VAN,99.1,반기보고서 (2026.06),2026-08-14
025770,한국정보통신,매출 구성,정보통신업,0.5,반기보고서 (2026.06),2026-08-14
025770,한국정보통신,매출 구성,중소기업창업투자,0.3,반기보고서 (2026.06),2026-08-14
027970,한국제지,매출 구성,인쇄용지부문,76.3,반기보고서 (2026.06),2026-08-14
027970,한국제지,매출 구성,패키지부문,23.7,반기보고서 (2026.06),2026-08-14
023350,한국종합기술,매출 구성,국내용역,62.6,사업보고서 (2024.12),2025-03-18
023350,한국종합기술,매출 구성,국내공사,32.5,사업보고서 (2024.12),2025-03-18
023350,한국종합기술,매출 구성,해외용역,3.2,사업보고서 (2024.12),2025-03-18
023350,한국종합기술,매출 구성,기타,1.7,사업보고서 (2024.12),2025-03-18
025890,한국주강,매출 구성,주강사업,79.7,반기보고서 (2026.06),2026-08-14
025890,한국주강,매출 구성,고철사업,20,반기보고서 (2026.06),2026-08-14
025890,한국주강,매출 구성,기타,0.3,반기보고서 (2026.06),2026-08-14
009760,한국지주,매출 구성,지주회사업,67.1,반기보고서 (2026.06),2026-08-14
009760,한국지주,매출 구성,임대업,32.9,반기보고서 (2026.06),2026-08-14
104700,한국철강,매출 구성,국내매출액,99.9,사업보고서 (2025.12),2026-03-19
104700,한국철강,매출 구성,적도기니,0.1,사업보고서 (2025.12),2026-03-19
062970,한국첨단소재,매출 구성,AWG,44.3,[첨부추가]반기보고서 (2026.06),2026-08-14
062970,한국첨단소재,매출 구성,휴대용광계측기,22.7,[첨부추가]반기보고서 (2026.06),2026-08-14
062970,한국첨단소재,매출 구성,상품,12.4,[첨부추가]반기보고서 (2026.06),2026-08-14
062970,한국첨단소재,매출 구성,기타,11.3,[첨부추가]반기보고서 (2026.06),2026-08-14
062970,한국첨단소재,매출 구성,그 밖,9.3,[첨부추가]반기보고서 (2026.06),2026-08-14
017960,한국카본,매출 구성,산업재,94.7,반기보고서 (2026.06),2026-08-14
017960,한국카본,매출 구성,일반재,5.3,반기보고서 (2026.06),2026-08-14
161890,한국콜마,매출 구성,케이캡,83.3,반기보고서 (2026.06),2026-08-14
161890,한국콜마,매출 구성,OXTIMA,5.6,반기보고서 (2026.06),2026-08-14
161890,한국콜마,매출 구성,IN-40001,5.5,반기보고서 (2026.06),2026-08-14
161890,한국콜마,매출 구성,펨타주,5.5,반기보고서 (2026.06),2026-08-14
021650,한국큐빅,매출 구성,자동차외장재,88.9,반기보고서 (2026.06),2026-08-14
021650,한국큐빅,매출 구성,자동차내장재,11.1,반기보고서 (2026.06),2026-08-14
161390,한국타이어앤테크놀로지,매출 구성,제조업[타이어부문],97,[기재정정]반기보고서 (2026.06),2026-08-14
161390,한국타이어앤테크놀로지,매출 구성,"판매, 서비스 및 부동산",3,[기재정정]반기보고서 (2026.06),2026-08-14
007280,한국특강,매출 구성,제1차철강 제조업,100,반기보고서 (2026.06),2026-08-14
032300,한국파마,매출 구성,위수탁 제품,53.8,반기보고서 (2026.06),2026-08-13
032300,한국파마,매출 구성,상품,44.8,반기보고서 (2026.06),2026-08-13
032300,한국파마,매출 구성,임대수익,1.4,반기보고서 (2026.06),2026-08-13
037230,한국팩키지,매출 구성,포장자재,64.6,[기재정정]반기보고서 (2026.06),2026-08-14
037230,한국팩키지,매출 구성,카톤팩,35.4,[기재정정]반기보고서 (2026.06),2026-08-14
448900,한국피아이엠,매출 구성,자동차부품,87.7,반기보고서 (2026.06),2026-08-14
448900,한국피아이엠,매출 구성,의료및기타부품,12.3,반기보고서 (2026.06),2026-08-14
047810,한국항공우주,매출 구성,방산및완제기수출,62.3,반기보고서 (2026.06),2026-08-14
047810,한국항공우주,매출 구성,"기체부품 및 민수, 수출 기타",22.8,반기보고서 (2026.06),2026-08-14
047810,한국항공우주,매출 구성,방산기타등,14.9,반기보고서 (2026.06),2026-08-14
003350,한국화장품제조,매출 구성,화장품,98.1,반기보고서 (2026.06),2026-08-13
003350,한국화장품제조,매출 구성,기타,1.9,반기보고서 (2026.06),2026-08-13
011500,한농화성,매출 구성,화학물질및화학제품제조업,100,반기보고서 (2026.06),2026-08-14
002390,한독,매출 구성,의약품제조및판매업,78.7,반기보고서 (2026.06),2026-08-14
002390,한독,매출 구성,시약및의료기기,14.6,반기보고서 (2026.06),2026-08-14
002390,한독,매출 구성,기타,6.7,반기보고서 (2026.06),2026-08-14
256150,한독크린텍,매출 구성,정수기 필터,99.8,반기보고서 (2026.06),2026-08-14
256150,한독크린텍,매출 구성,에어 필터,0.2,반기보고서 (2026.06),2026-08-14
125490,한라캐스트,매출 구성,모빌리티 부품,70.8,반기보고서 (2026.06),2026-08-14
125490,한라캐스트,매출 구성,금형및가전,25.7,반기보고서 (2026.06),2026-08-14
125490,한라캐스트,매출 구성,기타(고철 외),3.5,반기보고서 (2026.06),2026-08-14
092460,한라IMS,매출 구성,통합제어 및 모니터링 시스템(Control),54.9,반기보고서 (2026.06),2026-08-14
092460,한라IMS,매출 구성,정밀계측 시스템(GAUGING),26.6,반기보고서 (2026.06),2026-08-14
092460,한라IMS,매출 구성,선박 수리조선소(Ship Repair),11.1,반기보고서 (2026.06),2026-08-14
092460,한라IMS,매출 구성,친환경시스템(Eco),3.8,반기보고서 (2026.06),2026-08-14
092460,한라IMS,매출 구성,그 밖,3.7,반기보고서 (2026.06),2026-08-14
053690,한미글로벌,매출 구성,용역형,93.1,[기재정정]반기보고서 (2026.06),2026-08-28
053690,한미글로벌,매출 구성,책임형(시공),6.9,[기재정정]반기보고서 (2026.06),2026-08-28
042700,한미반도체,매출 구성,반도체 장비 부문(제품 및 부품매출),100,반기보고서 (2026.06),2026-08-14
008930,한미사이언스,매출 구성,의약품도매,79.9,반기보고서 (2026.06),2026-08-14
008930,한미사이언스,매출 구성,헬스케어,10.8,반기보고서 (2026.06),2026-08-14
008930,한미사이언스,매출 구성,지주,8.2,반기보고서 (2026.06),2026-08-14
008930,한미사이언스,매출 구성,기타,1.1,반기보고서 (2026.06),2026-08-14
128940,한미약품,매출 구성,ORASCOVERY™,18.1,반기보고서 (2026.06),2026-08-14
128940,한미약품,매출 구성,소네페글루타이드(LAPS GLP2),9.1,반기보고서 (2026.06),2026-08-14
128940,한미약품,매출 구성,엔서퀴다(Encequidar),9.1,반기보고서 (2026.06),2026-08-14
128940,한미약품,매출 구성,포셀티닙(multi-TEC),9.1,반기보고서 (2026.06),2026-08-14
128940,한미약품,매출 구성,그 밖,54.5,반기보고서 (2026.06),2026-08-14
452190,한빛레이저,매출 구성,기타(반도체/전기기기) 제조장비,44.4,반기보고서 (2026.06),2026-08-13
452190,한빛레이저,매출 구성,이차전지제조장비,31,반기보고서 (2026.06),2026-08-13
452190,한빛레이저,매출 구성,자동차제조장비,22.5,반기보고서 (2026.06),2026-08-13
452190,한빛레이저,매출 구성,기타,2.2,반기보고서 (2026.06),2026-08-13
047080,한빛소프트,매출 구성,게임서비스사업,63.4,사업보고서 (2025.12),2026-03-12
047080,한빛소프트,매출 구성,유통사업,36.6,사업보고서 (2025.12),2026-03-12
009240,한샘,매출 구성,홈퍼니싱,29.1,반기보고서 (2026.06),2026-08-13
009240,한샘,매출 구성,기타,28,반기보고서 (2026.06),2026-08-13
009240,한샘,매출 구성,리하우스,24.7,반기보고서 (2026.06),2026-08-13
009240,한샘,매출 구성,B2B,18.2,반기보고서 (2026.06),2026-08-13
020000,한섬,매출 구성,제조도소매,100,반기보고서 (2026.06),2026-08-14
066980,한성크린텍,매출 구성,환경수처리 EPC 사업부문,62.1,반기보고서 (2026.06),2026-08-14
066980,한성크린텍,매출 구성,환경시설 O&M사업부문,20.4,반기보고서 (2026.06),2026-08-14
066980,한성크린텍,매출 구성,액상 지정폐기물사업부문,15.3,반기보고서 (2026.06),2026-08-14
066980,한성크린텍,매출 구성,기타,2.2,반기보고서 (2026.06),2026-08-14
009180,한솔로지스틱스,매출 구성,글로벌,27.7,반기보고서 (2026.06),2026-08-13
009180,한솔로지스틱스,매출 구성,계열,27.2,반기보고서 (2026.06),2026-08-13
009180,한솔로지스틱스,매출 구성,컨테이너,22.7,반기보고서 (2026.06),2026-08-13
009180,한솔로지스틱스,매출 구성,로지스유,22.4,반기보고서 (2026.06),2026-08-13
114810,한솔아이원스,매출 구성,정밀가공,79.8,반기보고서 (2026.06),2026-08-13
114810,한솔아이원스,매출 구성,정밀세정,20.2,반기보고서 (2026.06),2026-08-13
213500,한솔제지,매출 구성,제지사업부문,95.9,반기보고서 (2026.06),2026-08-13
213500,한솔제지,매출 구성,환경사업부문,4.1,반기보고서 (2026.06),2026-08-13
014680,한솔케미칼,매출 구성,전자 및이차전지소재,46,반기보고서 (2026.06),2026-08-13
014680,한솔케미칼,매출 구성,정밀화학,35.1,반기보고서 (2026.06),2026-08-13
014680,한솔케미칼,매출 구성,제지/환경,18.5,반기보고서 (2026.06),2026-08-13
014680,한솔케미칼,매출 구성,용역등,0.4,반기보고서 (2026.06),2026-08-13
004710,한솔테크닉스,매출 구성,전자부품,32.6,반기보고서 (2026.06),2026-08-13
004710,한솔테크닉스,매출 구성,EMS,31,반기보고서 (2026.06),2026-08-13
004710,한솔테크닉스,매출 구성,반도체,15.8,반기보고서 (2026.06),2026-08-13
004710,한솔테크닉스,매출 구성,전장부품,14.9,반기보고서 (2026.06),2026-08-13
004710,한솔테크닉스,매출 구성,그 밖,5.7,반기보고서 (2026.06),2026-08-13
004150,한솔홀딩스,매출 구성,전자부품,32.6,반기보고서 (2026.06),2026-08-13
004150,한솔홀딩스,매출 구성,EMS,31,반기보고서 (2026.06),2026-08-13
004150,한솔홀딩스,매출 구성,반도체,15.8,반기보고서 (2026.06),2026-08-13
004150,한솔홀딩스,매출 구성,전장부품,14.9,반기보고서 (2026.06),2026-08-13
004150,한솔홀딩스,매출 구성,그 밖,5.7,반기보고서 (2026.06),2026-08-13
042520,한스바이오메드,매출 구성,당분기,65.4,분기보고서 (2026.06),2026-08-13
042520,한스바이오메드,매출 구성,전분기,34.6,분기보고서 (2026.06),2026-08-13
004960,한신공영,매출 구성,국내 도급공사,85.5,반기보고서 (2026.06),2026-08-14
004960,한신공영,매출 구성,자체공사,8.3,반기보고서 (2026.06),2026-08-14
004960,한신공영,매출 구성,기타,3.4,반기보고서 (2026.06),2026-08-14
004960,한신공영,매출 구성,해외 도급공사,2.8,반기보고서 (2026.06),2026-08-14
430690,한싹,매출 구성,제품매출,53.3,반기보고서 (2026.06),2026-08-13
430690,한싹,매출 구성,용역매출,25.2,반기보고서 (2026.06),2026-08-13
430690,한싹,매출 구성,매출유형제품명,15.4,반기보고서 (2026.06),2026-08-13
430690,한싹,매출 구성,상품매출,5.3,반기보고서 (2026.06),2026-08-13
430690,한싹,매출 구성,그 밖,0.8,반기보고서 (2026.06),2026-08-13
078350,한양디지텍,매출 구성,메모리모듈,64.1,반기보고서 (2026.06),2026-08-13
078350,한양디지텍,매출 구성,SSD,34.3,반기보고서 (2026.06),2026-08-13
078350,한양디지텍,매출 구성,기타,0.9,반기보고서 (2026.06),2026-08-13
078350,한양디지텍,매출 구성,IP통신,0.6,반기보고서 (2026.06),2026-08-13
045100,한양이엔지,매출 구성,엔지니어링사업부,81.7,반기보고서 (2026.06),2026-08-13
045100,한양이엔지,매출 구성,시스템사업부,18.3,반기보고서 (2026.06),2026-08-13
018880,한온시스템,매출 구성,자동차열관리시스템,100,반기보고서 (2026.06),2026-08-13
009420,한올바이오파마,매출 구성,Crystal Bioscience,100,반기보고서 (2026.06),2026-08-14
320000,한울반도체,매출 구성,Chip 검사장비,57.9,사업보고서 (2025.12),2026-03-20
320000,한울반도체,매출 구성,Film 검사장비,35.4,사업보고서 (2025.12),2026-03-20
320000,한울반도체,매출 구성,Display 검사장비,6.5,사업보고서 (2025.12),2026-03-20
320000,한울반도체,매출 구성,임대등,0.3,사업보고서 (2025.12),2026-03-20
091440,한울소재과학,매출 구성,통신부문,71,반기보고서 (2026.06),2026-08-14
091440,한울소재과학,매출 구성,반도체소재부문,20.2,반기보고서 (2026.06),2026-08-14
091440,한울소재과학,매출 구성,기타사업부문,8.8,반기보고서 (2026.06),2026-08-14
276730,한울앤제주,매출 구성,국산맥주,85.8,반기보고서 (2026.06),2026-08-14
276730,한울앤제주,매출 구성,수입맥주,14.2,반기보고서 (2026.06),2026-08-14
014130,한익스프레스,매출 구성,국내운송,40.2,반기보고서 (2026.06),2026-08-14
014130,한익스프레스,매출 구성,유통물류,40,반기보고서 (2026.06),2026-08-14
014130,한익스프레스,매출 구성,국제물류,15.6,반기보고서 (2026.06),2026-08-14
014130,한익스프레스,매출 구성,용역,3.9,반기보고서 (2026.06),2026-08-14
014130,한익스프레스,매출 구성,그 밖,0.4,반기보고서 (2026.06),2026-08-14
024740,한일단조,매출 구성,자동차부품,64.8,반기보고서 (2026.06),2026-08-14
024740,한일단조,매출 구성,방산부품,34,반기보고서 (2026.06),2026-08-14
024740,한일단조,매출 구성,기타단조품,1.2,반기보고서 (2026.06),2026-08-14
005860,한일사료,매출 구성,정육유통,68.1,반기보고서 (2026.06),2026-08-13
005860,한일사료,매출 구성,사료,31.7,반기보고서 (2026.06),2026-08-13
005860,한일사료,매출 구성,기타,0.2,반기보고서 (2026.06),2026-08-13
300720,한일시멘트,매출 구성,시멘트,55.1,반기보고서 (2026.06),2026-08-14
300720,한일시멘트,매출 구성,레미탈,20.5,반기보고서 (2026.06),2026-08-14
300720,한일시멘트,매출 구성,레미콘,12.6,반기보고서 (2026.06),2026-08-14
300720,한일시멘트,매출 구성,기타,11.8,반기보고서 (2026.06),2026-08-14
002220,한일철강,매출 구성,임가공용역,62.8,[기재정정]반기보고서 (2026.06),2026-08-31
002220,한일철강,매출 구성,도매및상품중개업,37.2,[기재정정]반기보고서 (2026.06),2026-08-31
006390,한일현대시멘트,매출 구성,시멘트 부문,100,반기보고서 (2025.06),2025-08-13
003300,한일홀딩스,매출 구성,시멘트,37.6,반기보고서 (2026.06),2026-08-14
003300,한일홀딩스,매출 구성,기타,29.4,반기보고서 (2026.06),2026-08-14
003300,한일홀딩스,매출 구성,레미콘,18.9,반기보고서 (2026.06),2026-08-14
003300,한일홀딩스,매출 구성,레미탈,14.1,반기보고서 (2026.06),2026-08-14
007770,한일화학,매출 구성,아연화사업부문,82.2,반기보고서 (2026.06),2026-08-14
007770,한일화학,매출 구성,도료사업부문,12.1,반기보고서 (2026.06),2026-08-14
007770,한일화학,매출 구성,재활용 플라스틱 사업부문,4.8,반기보고서 (2026.06),2026-08-14
007770,한일화학,매출 구성,기타부문,0.9,반기보고서 (2026.06),2026-08-14
052690,한전기술,매출 구성,원자력,64.8,반기보고서 (2026.06),2026-08-14
052690,한전기술,매출 구성,원자로,24.2,반기보고서 (2026.06),2026-08-14
052690,한전기술,매출 구성,에너지신사업,11,반기보고서 (2026.06),2026-08-14
130660,한전산업,매출 구성,한국남동발전,24.6,반기보고서 (2026.06),2026-08-14
130660,한전산업,매출 구성,한국동서발전,21.6,반기보고서 (2026.06),2026-08-14
130660,한전산업,매출 구성,한국중부발전,18.8,반기보고서 (2026.06),2026-08-14
130660,한전산업,매출 구성,한국서부발전,17.9,반기보고서 (2026.06),2026-08-14
130660,한전산업,매출 구성,그 밖,17.2,반기보고서 (2026.06),2026-08-14
051600,한전KPS,매출 구성,화력,40.6,반기보고서 (2026.06),2026-08-14
051600,한전KPS,매출 구성,원자력/양수,38.8,반기보고서 (2026.06),2026-08-14
051600,한전KPS,매출 구성,대외,7.8,반기보고서 (2026.06),2026-08-14
051600,한전KPS,매출 구성,송변전,7.4,반기보고서 (2026.06),2026-08-14
051600,한전KPS,매출 구성,그 밖,5.4,반기보고서 (2026.06),2026-08-14
198940,한주라이트메탈,매출 구성,초경량화 부품,49.5,[기재정정]반기보고서 (2026.06),2026-08-18
198940,한주라이트메탈,매출 구성,엔진 부품,30.1,[기재정정]반기보고서 (2026.06),2026-08-18
198940,한주라이트메탈,매출 구성,기타,11.1,[기재정정]반기보고서 (2026.06),2026-08-18
198940,한주라이트메탈,매출 구성,선박 부품,6.2,[기재정정]반기보고서 (2026.06),2026-08-18
198940,한주라이트메탈,매출 구성,그 밖,3.1,[기재정정]반기보고서 (2026.06),2026-08-18
107640,한중엔시에스,매출 구성,에너지저장장치모듈,96.9,반기보고서 (2026.06),2026-08-14
107640,한중엔시에스,매출 구성,자동차부품,2.2,반기보고서 (2026.06),2026-08-14
107640,한중엔시에스,매출 구성,기타,0.9,반기보고서 (2026.06),2026-08-14
002320,한진,매출 구성,택배,52,[기재정정]반기보고서 (2026.06),2026-08-25
002320,한진,매출 구성,물류,24.1,[기재정정]반기보고서 (2026.06),2026-08-25
002320,한진,매출 구성,글로벌,13.9,[기재정정]반기보고서 (2026.06),2026-08-25
002320,한진,매출 구성,에너지,10.1,[기재정정]반기보고서 (2026.06),2026-08-25
003480,한진중공업홀딩스,매출 구성,도시가스공급업,63.5,반기보고서 (2026.06),2026-08-14
003480,한진중공업홀딩스,매출 구성,발전전기업,33.6,반기보고서 (2026.06),2026-08-14
003480,한진중공업홀딩스,매출 구성,골프장사업,1.5,반기보고서 (2026.06),2026-08-14
003480,한진중공업홀딩스,매출 구성,투자및기타,1.4,반기보고서 (2026.06),2026-08-14
180640,한진칼,매출 구성,임대업등,38.2,반기보고서 (2026.06),2026-08-14
180640,한진칼,매출 구성,호텔업,33.7,반기보고서 (2026.06),2026-08-14
180640,한진칼,매출 구성,일반및국외여행사업,17.1,반기보고서 (2026.06),2026-08-14
180640,한진칼,매출 구성,데이터베이스 및온라인정보 제공업,11,반기보고서 (2026.06),2026-08-14
079170,한창산업,매출 구성,직접판매,100,반기보고서 (2026.06),2026-08-13
009460,한창제지,매출 구성,지류제조,100,반기보고서 (2026.06),2026-08-14
030520,한컴,매출 구성,SW,58.5,반기보고서 (2026.06),2026-08-14
030520,한컴,매출 구성,제조,36.6,반기보고서 (2026.06),2026-08-14
030520,한컴,매출 구성,기타,4.1,반기보고서 (2026.06),2026-08-14
030520,한컴,매출 구성,금융,0.8,반기보고서 (2026.06),2026-08-14
372910,한컴라이프케어,매출 구성,소방/공공,45.3,[기재정정]반기보고서 (2026.06),2026-08-26
372910,한컴라이프케어,매출 구성,국방,39.4,[기재정정]반기보고서 (2026.06),2026-08-26
372910,한컴라이프케어,매출 구성,산업,11.3,[기재정정]반기보고서 (2026.06),2026-08-26
372910,한컴라이프케어,매출 구성,기타,4,[기재정정]반기보고서 (2026.06),2026-08-26
054920,한컴위드,매출 구성,금유통,96.9,반기보고서 (2026.06),2026-08-14
054920,한컴위드,매출 구성,보안솔루션,2,반기보고서 (2026.06),2026-08-14
054920,한컴위드,매출 구성,임대 사업,1.1,반기보고서 (2026.06),2026-08-14
457370,한켐,매출 구성,OLED소재,96.9,사업보고서 (2024.12),2025-03-20
457370,한켐,매출 구성,촉매소재,1.9,사업보고서 (2024.12),2025-03-20
457370,한켐,매출 구성,상품,1.1,사업보고서 (2024.12),2025-03-20
002680,한탑,매출 구성,제분,99.7,반기보고서 (2026.06),2026-08-14
002680,한탑,매출 구성,사료,0.3,반기보고서 (2026.06),2026-08-14
098070,한텍,매출 구성,에너지사업부,90.8,반기보고서 (2026.06),2026-08-14
098070,한텍,매출 구성,탱크사업부,9.2,반기보고서 (2026.06),2026-08-14
000880,한화,매출 구성,금융업 (영업수익),42.5,[기재정정]반기보고서 (2026.06),2026-08-31
000880,한화,매출 구성,조선업,16.7,[기재정정]반기보고서 (2026.06),2026-08-31
000880,한화,매출 구성,화약제조업,12.7,[기재정정]반기보고서 (2026.06),2026-08-31
000880,한화,매출 구성,태양광사업,9.4,[기재정정]반기보고서 (2026.06),2026-08-31
000880,한화,매출 구성,그 밖,18.7,[기재정정]반기보고서 (2026.06),2026-08-31
452260,한화갤러리아,매출 구성,백화점,83.8,반기보고서 (2026.06),2026-08-13
452260,한화갤러리아,매출 구성,식음료,16.2,반기보고서 (2026.06),2026-08-13
489790,한화비전,매출 구성,시큐리티,76.5,반기보고서 (2026.06),2026-08-13
489790,한화비전,매출 구성,산업용장비,23.5,반기보고서 (2026.06),2026-08-13
009830,한화솔루션,매출 구성,신재생에너지,55.7,반기보고서 (2026.06),2026-08-14
009830,한화솔루션,매출 구성,기초소재,31.1,반기보고서 (2026.06),2026-08-14
009830,한화솔루션,매출 구성,가공소재,7.5,반기보고서 (2026.06),2026-08-14
009830,한화솔루션,매출 구성,기타,5.7,반기보고서 (2026.06),2026-08-14
272210,한화시스템,매출 구성,방산,60.8,[기재정정]반기보고서 (2026.06),2026-08-20
272210,한화시스템,매출 구성,기타,20.5,[기재정정]반기보고서 (2026.06),2026-08-20
272210,한화시스템,매출 구성,ICT,18.7,[기재정정]반기보고서 (2026.06),2026-08-20
012450,한화에어로스페이스,매출 구성,해양,60.6,반기보고서 (2026.06),2026-08-14
012450,한화에어로스페이스,매출 구성,방산,28.1,반기보고서 (2026.06),2026-08-14
012450,한화에어로스페이스,매출 구성,항공,8.9,반기보고서 (2026.06),2026-08-14
012450,한화에어로스페이스,매출 구성,IT서비스 등,1.7,반기보고서 (2026.06),2026-08-14
012450,한화에어로스페이스,매출 구성,그 밖,0.6,반기보고서 (2026.06),2026-08-14
082740,한화엔진,매출 구성,한화오션,35.2,반기보고서 (2026.06),2026-08-14
082740,한화엔진,매출 구성,삼성중공업㈜거제조선소,32.9,반기보고서 (2026.06),2026-08-14
082740,한화엔진,매출 구성,기타,24.8,반기보고서 (2026.06),2026-08-14
082740,한화엔진,매출 구성,NEW TIMES SHIPBUILDING,7.1,반기보고서 (2026.06),2026-08-14
042660,한화오션,매출 구성,상선,66.7,반기보고서 (2026.06),2026-08-12
042660,한화오션,매출 구성,EP 및특수선,32.4,반기보고서 (2026.06),2026-08-12
042660,한화오션,매출 구성,기타,0.9,반기보고서 (2026.06),2026-08-12
195870,해성디에스,매출 구성,리드프레임,76.2,반기보고서 (2026.06),2026-08-14
195870,해성디에스,매출 구성,Package Substrate,23.8,반기보고서 (2026.06),2026-08-14
195870,해성디에스,매출 구성,그래핀,0,반기보고서 (2026.06),2026-08-14
034810,해성산업,매출 구성,인쇄용지부문,76.3,반기보고서 (2026.06),2026-08-14
034810,해성산업,매출 구성,패키지부문,23.7,반기보고서 (2026.06),2026-08-14
059270,해성에어로보틱스,매출 구성,USD 등,100,반기보고서 (2026.06),2026-08-14
076610,해성옵틱스,매출 구성,AF/OIS액츄에이터,90.7,반기보고서 (2026.06),2026-08-14
076610,해성옵틱스,매출 구성,상품 및기타매출,9.3,반기보고서 (2026.06),2026-08-14
101530,해태제과식품,매출 구성,식품제조,100,[첨부추가]반기보고서 (2026.06),2026-08-14
900270,헝셩그룹,매출 구성,플라스틱완구,71.8,사업보고서 (2025.12),2026-04-30
900270,헝셩그룹,매출 구성,봉제완구,19.3,사업보고서 (2025.12),2026-04-30
900270,헝셩그룹,매출 구성,화장품,8.7,사업보고서 (2025.12),2026-04-30
900270,헝셩그룹,매출 구성,기타,0.1,사업보고서 (2025.12),2026-04-30
214180,헥토이노베이션,매출 구성,핀테크,44,반기보고서 (2026.06),2026-08-14
214180,헥토이노베이션,매출 구성,IT정보서비스,31.6,반기보고서 (2026.06),2026-08-14
214180,헥토이노베이션,매출 구성,헬스케어,22.1,반기보고서 (2026.06),2026-08-14
214180,헥토이노베이션,매출 구성,기타,2.2,반기보고서 (2026.06),2026-08-14
234340,헥토파이낸셜,매출 구성,수수료매출,88.9,반기보고서 (2026.06),2026-08-14
234340,헥토파이낸셜,매출 구성,용역매출등,11.1,반기보고서 (2026.06),2026-08-14
084990,헬릭스미스,매출 구성,제상품,99.9,반기보고서 (2026.06),2026-08-14
084990,헬릭스미스,매출 구성,기술이전,0.1,반기보고서 (2026.06),2026-08-14
000720,현대건설,매출 구성,건축/주택,49.2,반기보고서 (2026.06),2026-08-14
000720,현대건설,매출 구성,플랜트/뉴에너지,33.3,반기보고서 (2026.06),2026-08-14
000720,현대건설,매출 구성,토목,10.9,반기보고서 (2026.06),2026-08-14
000720,현대건설,매출 구성,기타,6.6,반기보고서 (2026.06),2026-08-14
170030,현대공업,매출 구성,기타,27.9,사업보고서 (2025.12),2026-03-20
170030,현대공업,매출 구성,현대자동차,26.1,사업보고서 (2025.12),2026-03-20
170030,현대공업,매출 구성,리어코리아,15.6,사업보고서 (2025.12),2026-03-20
170030,현대공업,매출 구성,현대엠시트,15.6,사업보고서 (2025.12),2026-03-20
170030,현대공업,매출 구성,그 밖,14.7,사업보고서 (2025.12),2026-03-20
453340,현대그린푸드,매출 구성,푸드서비스사업,47.2,반기보고서 (2026.06),2026-08-14
453340,현대그린푸드,매출 구성,식재사업,26.3,반기보고서 (2026.06),2026-08-14
453340,현대그린푸드,매출 구성,기타사업,13.9,반기보고서 (2026.06),2026-08-14
453340,현대그린푸드,매출 구성,유통사업,12.7,반기보고서 (2026.06),2026-08-14
086280,현대글로비스,매출 구성,유통,48.9,반기보고서 (2026.06),2026-08-14
086280,현대글로비스,매출 구성,물류,32.4,반기보고서 (2026.06),2026-08-14
086280,현대글로비스,매출 구성,해운,18.7,반기보고서 (2026.06),2026-08-14
064350,현대로템,매출 구성,AD&RH부문,56.7,반기보고서 (2026.06),2026-08-14
064350,현대로템,매출 구성,RS부문,36.8,반기보고서 (2026.06),2026-08-14
064350,현대로템,매출 구성,EP부문,6.4,반기보고서 (2026.06),2026-08-14
079430,현대리바트,매출 구성,B2B,41.6,반기보고서 (2026.06),2026-08-14
079430,현대리바트,매출 구성,빌트인,24,반기보고서 (2026.06),2026-08-14
079430,현대리바트,매출 구성,B2C,19.7,반기보고서 (2026.06),2026-08-14
079430,현대리바트,매출 구성,사무용,8.7,반기보고서 (2026.06),2026-08-14
079430,현대리바트,매출 구성,그 밖,6.1,반기보고서 (2026.06),2026-08-14
012330,현대모비스,매출 구성,모듈및부품제조사업부문,78.2,반기보고서 (2026.06),2026-08-14
012330,현대모비스,매출 구성,A/S용 부품사업부문,21.8,반기보고서 (2026.06),2026-08-14
319400,현대무벡스,매출 구성,물류 자동화,75.3,반기보고서 (2026.06),2026-08-14
319400,현대무벡스,매출 구성,승강장 안전문,13.2,반기보고서 (2026.06),2026-08-14
319400,현대무벡스,매출 구성,IT서비스,6.6,반기보고서 (2026.06),2026-08-14
319400,현대무벡스,매출 구성,기타,4.9,반기보고서 (2026.06),2026-08-14
048410,현대바이오,매출 구성,힙계,50,반기보고서 (2026.06),2026-08-13
048410,현대바이오,매출 구성,연구기획부,18.8,반기보고서 (2026.06),2026-08-13
048410,현대바이오,매출 구성,신약개발 1부,12.5,반기보고서 (2026.06),2026-08-13
048410,현대바이오,매출 구성,CTO,6.3,반기보고서 (2026.06),2026-08-13
048410,현대바이오,매출 구성,그 밖,12.5,반기보고서 (2026.06),2026-08-13
052260,현대바이오랜드,매출 구성,화장품,42.9,반기보고서 (2026.06),2026-08-14
052260,현대바이오랜드,매출 구성,브랜드,25.5,반기보고서 (2026.06),2026-08-14
052260,현대바이오랜드,매출 구성,건강기능성 식품,16.4,반기보고서 (2026.06),2026-08-14
052260,현대바이오랜드,매출 구성,의료기기,12.2,반기보고서 (2026.06),2026-08-14
052260,현대바이오랜드,매출 구성,그 밖,3,반기보고서 (2026.06),2026-08-14
069960,현대백화점,매출 구성,백화점부문,61.1,반기보고서 (2026.06),2026-08-14
069960,현대백화점,매출 구성,면세점부문,25.1,반기보고서 (2026.06),2026-08-14
069960,현대백화점,매출 구성,가구제조 부문,13.8,반기보고서 (2026.06),2026-08-14
016790,현대사료,매출 구성,사료,99.9,[기재정정]사업보고서 (2023.12),2025-03-31
016790,현대사료,매출 구성,기타,0.1,[기재정정]사업보고서 (2023.12),2025-03-31
004310,현대약품,매출 구성,의약품,84,반기보고서 (2026.05),2026-07-15
004310,현대약품,매출 구성,식품,11.7,반기보고서 (2026.05),2026-07-15
004310,현대약품,매출 구성,"기타(화장품, 임대 외)",4.4,반기보고서 (2026.05),2026-07-15
041440,현대에버다임,매출 구성,개발 기간,98.8,반기보고서 (2026.06),2026-08-14
041440,현대에버다임,매출 구성,개발과제및내용,0.7,반기보고서 (2026.06),2026-08-14
041440,현대에버다임,매출 구성,개발 비용,0.5,반기보고서 (2026.06),2026-08-14
039010,현대에이치티,매출 구성,스마트홈,98.9,반기보고서 (2026.06),2026-08-14
039010,현대에이치티,매출 구성,베트남 판매법인,1.1,반기보고서 (2026.06),2026-08-14
017800,현대엘리베이터,매출 구성,물품취급장비제조업,42.4,반기보고서 (2026.06),2026-08-14
017800,현대엘리베이터,매출 구성,설치및보수서비스업,25,반기보고서 (2026.06),2026-08-14
017800,현대엘리베이터,매출 구성,물류자동화,11.1,반기보고서 (2026.06),2026-08-14
017800,현대엘리베이터,매출 구성,여행및건설업,8.7,반기보고서 (2026.06),2026-08-14
017800,현대엘리베이터,매출 구성,그 밖,12.9,반기보고서 (2026.06),2026-08-14
307950,현대오토에버,매출 구성,ITO 부문,41.6,반기보고서 (2026.06),2026-08-14
307950,현대오토에버,매출 구성,SI 부문,39.7,반기보고서 (2026.06),2026-08-14
307950,현대오토에버,매출 구성,차량용 SW 부문,18.8,반기보고서 (2026.06),2026-08-14
011210,현대위아,매출 구성,현대,44.6,반기보고서 (2026.06),2026-08-14
011210,현대위아,매출 구성,기아,38.7,반기보고서 (2026.06),2026-08-14
011210,현대위아,매출 구성,한국지엠,11.9,반기보고서 (2026.06),2026-08-14
011210,현대위아,매출 구성,KG 모빌리티,2.4,반기보고서 (2026.06),2026-08-14
011210,현대위아,매출 구성,그 밖,2.3,반기보고서 (2026.06),2026-08-14
005380,현대자동차,매출 구성,자동차등,93.1,반기보고서 (2026.06),2026-08-14
005380,현대자동차,매출 구성,철도제작등,6.9,반기보고서 (2026.06),2026-08-14
005380,현대자동차,매출 구성,주요제품,0,반기보고서 (2026.06),2026-08-14
004020,현대제철,매출 구성,철강업,100,반기보고서 (2026.06),2026-08-14
005440,현대지에프홀딩스,매출 구성,의류도소매업,18.5,반기보고서 (2026.06),2026-08-14
005440,현대지에프홀딩스,매출 구성,푸드서비스사업,13.9,반기보고서 (2026.06),2026-08-14
005440,현대지에프홀딩스,매출 구성,홈쇼핑업,13,반기보고서 (2026.06),2026-08-14
005440,현대지에프홀딩스,매출 구성,건축자재업,12.2,반기보고서 (2026.06),2026-08-14
005440,현대지에프홀딩스,매출 구성,그 밖,42.4,반기보고서 (2026.06),2026-08-14
011760,현대코퍼레이션,매출 구성,석유화학,38.4,반기보고서 (2026.06),2026-08-13
011760,현대코퍼레이션,매출 구성,철강,23.7,반기보고서 (2026.06),2026-08-13
011760,현대코퍼레이션,매출 구성,승용,19.6,반기보고서 (2026.06),2026-08-13
011760,현대코퍼레이션,매출 구성,기계인프라,8.7,반기보고서 (2026.06),2026-08-13
011760,현대코퍼레이션,매출 구성,그 밖,9.5,반기보고서 (2026.06),2026-08-13
227840,현대코퍼레이션홀딩스,매출 구성,브랜드,61.6,반기보고서 (2026.06),2026-08-13
227840,현대코퍼레이션홀딩스,매출 구성,버섯,16.8,반기보고서 (2026.06),2026-08-13
227840,현대코퍼레이션홀딩스,매출 구성,패키징,16.6,반기보고서 (2026.06),2026-08-13
227840,현대코퍼레이션홀딩스,매출 구성,기타,5,반기보고서 (2026.06),2026-08-13
126560,현대퓨처넷,매출 구성,화장품등,55.1,반기보고서 (2026.06),2026-08-14
126560,현대퓨처넷,매출 구성,IT 서비스,27.3,반기보고서 (2026.06),2026-08-14
126560,현대퓨처넷,매출 구성,메시징,7.3,반기보고서 (2026.06),2026-08-14
126560,현대퓨처넷,매출 구성,사이니지,6.6,반기보고서 (2026.06),2026-08-14
126560,현대퓨처넷,매출 구성,그 밖,3.8,반기보고서 (2026.06),2026-08-14
001450,현대해상,매출 구성,건물종합관리,69.6,반기보고서 (2026.06),2026-08-14
001450,현대해상,매출 구성,콜센터관리,23.6,반기보고서 (2026.06),2026-08-14
001450,현대해상,매출 구성,기타,3.6,반기보고서 (2026.06),2026-08-14
001450,현대해상,매출 구성,교육사업,3.2,반기보고서 (2026.06),2026-08-14
460930,현대힘스,매출 구성,선박구성 부분품,88.2,반기보고서 (2026.06),2026-08-13
460930,현대힘스,매출 구성,항만크레인,10.3,반기보고서 (2026.06),2026-08-13
460930,현대힘스,매출 구성,기타,1.5,반기보고서 (2026.06),2026-08-13
092300,현우산업,매출 구성,자동차 전장,87.1,반기보고서 (2026.06),2026-08-14
092300,현우산업,매출 구성,IT,8.8,반기보고서 (2026.06),2026-08-14
092300,현우산업,매출 구성,기타기기,2.4,반기보고서 (2026.06),2026-08-14
092300,현우산업,매출 구성,부산물등,1.7,반기보고서 (2026.06),2026-08-14
308100,형지글로벌,매출 구성,백화점/마트/할인매장,42,반기보고서 (2026.06),2026-08-14
308100,형지글로벌,매출 구성,직영/대리점,23.9,반기보고서 (2026.06),2026-08-14
308100,형지글로벌,매출 구성,법인영업,20.4,반기보고서 (2026.06),2026-08-14
308100,형지글로벌,매출 구성,온라인 영업(이커머스),10.5,반기보고서 (2026.06),2026-08-14
308100,형지글로벌,매출 구성,그 밖,3.2,반기보고서 (2026.06),2026-08-14
011080,형지I&C,매출 구성,백화점,49.2,반기보고서 (2026.06),2026-08-14
011080,형지I&C,매출 구성,아울렛,38.5,반기보고서 (2026.06),2026-08-14
011080,형지I&C,매출 구성,온라인/대리점/기타,12.3,반기보고서 (2026.06),2026-08-14
003010,혜인,매출 구성,장비사업부문,59,반기보고서 (2026.06),2026-08-14
003010,혜인,매출 구성,엔진및발전기,29.7,반기보고서 (2026.06),2026-08-14
003010,혜인,매출 구성,정비사업부문,9.9,반기보고서 (2026.06),2026-08-14
003010,혜인,매출 구성,임대사업부문,1.3,반기보고서 (2026.06),2026-08-14
003010,혜인,매출 구성,그 밖,0.1,반기보고서 (2026.06),2026-08-14
111110,호전실업,매출 구성,의류도소매,93.6,사업보고서 (2025.12),2026-03-19
111110,호전실업,매출 구성,가죽제품제조,6.4,사업보고서 (2025.12),2026-03-19
008770,호텔신라,매출 구성,TR,81,반기보고서 (2026.06),2026-08-14
008770,호텔신라,매출 구성,호텔&레저 등,19,반기보고서 (2026.06),2026-08-14
064240,홈캐스트,매출 구성,전자부품유통,96.9,사업보고서 (2025.12),2026-03-17
064240,홈캐스트,매출 구성,메디컬에스테틱,1.9,사업보고서 (2025.12),2026-03-17
064240,홈캐스트,매출 구성,기타,0.6,사업보고서 (2025.12),2026-03-17
064240,홈캐스트,매출 구성,D-STB,0.5,사업보고서 (2025.12),2026-03-17
241590,화승엔터프라이즈,매출 구성,ODM,98.2,반기보고서 (2026.06),2026-08-13
241590,화승엔터프라이즈,매출 구성,유통및기타,1.8,반기보고서 (2026.06),2026-08-13
006060,화승인더스트리,매출 구성,ODM,90.9,반기보고서 (2026.06),2026-08-13
006060,화승인더스트리,매출 구성,화학,7.6,반기보고서 (2026.06),2026-08-13
006060,화승인더스트리,매출 구성,유통및금융,1.5,반기보고서 (2026.06),2026-08-13
013520,화승코퍼레이션,매출 구성,Auto PartsBusiness,56.5,반기보고서 (2026.06),2026-08-14
013520,화승코퍼레이션,매출 구성,GeneralTradeBusiness,25.6,반기보고서 (2026.06),2026-08-14
013520,화승코퍼레이션,매출 구성,MaterialBusiness,14.4,반기보고서 (2026.06),2026-08-14
013520,화승코퍼레이션,매출 구성,ProductBusiness,3.4,반기보고서 (2026.06),2026-08-14
010690,화신,매출 구성,자동차부품,95.7,반기보고서 (2026.06),2026-08-14
010690,화신,매출 구성,상품,4.3,반기보고서 (2026.06),2026-08-14
126640,화신정공,매출 구성,자동차부품,44,반기보고서 (2026.06),2026-08-14
126640,화신정공,매출 구성,원소재가공,29.1,반기보고서 (2026.06),2026-08-14
126640,화신정공,매출 구성,기타,26.9,반기보고서 (2026.06),2026-08-14
127980,화인써키트,매출 구성,PCB 사업,98.6,반기보고서 (2026.06),2026-08-14
127980,화인써키트,매출 구성,부산물,1.4,반기보고서 (2026.06),2026-08-14
061250,화일약품,매출 구성,제품상품,100,반기보고서 (2026.06),2026-08-13
000850,화천기공,매출 구성,기계사업부문,87.4,반기보고서 (2026.06),2026-08-14
000850,화천기공,매출 구성,소재사업부문,12.6,반기보고서 (2026.06),2026-08-14
016580,환인제약,매출 구성,의약품부문,100,반기보고서 (2026.06),2026-08-13
032560,황금에스티,매출 구성,철강부문,68.5,반기보고서 (2026.06),2026-08-14
032560,황금에스티,매출 구성,건설부문,29.7,반기보고서 (2026.06),2026-08-14
032560,황금에스티,매출 구성,기타 수익,1.8,반기보고서 (2026.06),2026-08-14
004800,효성,매출 구성,정보통신,56.6,[기재정정]반기보고서 (2026.06),2026-08-19
004800,효성,매출 구성,펌프제조,43.4,[기재정정]반기보고서 (2026.06),2026-08-19
094280,효성 ITX,매출 구성,컨택센터서비스,76.5,반기보고서 (2026.06),2026-08-14
094280,효성 ITX,매출 구성,ITO,7,반기보고서 (2026.06),2026-08-14
094280,효성 ITX,매출 구성,IT 솔루션및서비스,6.8,반기보고서 (2026.06),2026-08-14
094280,효성 ITX,매출 구성,DisplaySolution,5,반기보고서 (2026.06),2026-08-14
094280,효성 ITX,매출 구성,그 밖,4.6,반기보고서 (2026.06),2026-08-14
097870,효성오앤비,매출 구성,출하량(톤),75.6,분기보고서 (2026.03),2026-05-15
097870,효성오앤비,매출 구성,면적(ha),11.8,분기보고서 (2026.03),2026-05-15
097870,효성오앤비,매출 구성,농가수(호),8.7,분기보고서 (2026.03),2026-05-15
097870,효성오앤비,매출 구성,건수(건),3.9,분기보고서 (2026.03),2026-05-15
298040,효성중공업,매출 구성,중공업,66.3,반기보고서 (2026.06),2026-08-13
298040,효성중공업,매출 구성,건설,33.2,반기보고서 (2026.06),2026-08-13
298040,효성중공업,매출 구성,공통,0.5,반기보고서 (2026.06),2026-08-13
298020,효성티앤씨,매출 구성,무역등,60.6,반기보고서 (2026.06),2026-08-13
298020,효성티앤씨,매출 구성,섬유,39.4,반기보고서 (2026.06),2026-08-13
298000,효성화학,매출 구성,화학,97.2,사업보고서 (2025.12),2026-03-11
298000,효성화학,매출 구성,중단영업,2.8,사업보고서 (2025.12),2026-03-11
093370,후성,매출 구성,기초화합물,72.5,반기보고서 (2026.06),2026-08-14
093370,후성,매출 구성,화공기기,27.5,반기보고서 (2026.06),2026-08-14
005870,휴니드테크놀러지스,매출 구성,방산부문(국내),68.2,사업보고서 (2025.12),2026-03-19
005870,휴니드테크놀러지스,매출 구성,해외부문,31.8,사업보고서 (2025.12),2026-03-19
353190,휴럼,매출 구성,건강식품류,68.7,반기보고서 (2026.06),2026-08-14
353190,휴럼,매출 구성,카페원료,23.3,반기보고서 (2026.06),2026-08-14
353190,휴럼,매출 구성,필러및화장품,5.6,반기보고서 (2026.06),2026-08-14
353190,휴럼,매출 구성,기타,1.5,반기보고서 (2026.06),2026-08-14
353190,휴럼,매출 구성,그 밖,1,반기보고서 (2026.06),2026-08-14
090710,휴림로봇,매출 구성,자동차내외장재,81.4,반기보고서 (2026.06),2026-08-14
090710,휴림로봇,매출 구성,제조업용로봇,18.6,반기보고서 (2026.06),2026-08-14
115160,휴맥스,매출 구성,게이트웨이부문,50.2,반기보고서 (2026.06),2026-08-14
115160,휴맥스,매출 구성,차량용 안테나부분,47.9,반기보고서 (2026.06),2026-08-14
115160,휴맥스,매출 구성,EVCS 부문,1.9,반기보고서 (2026.06),2026-08-14
028080,휴맥스홀딩스,매출 구성,게이트웨이부문,49.3,반기보고서 (2026.06),2026-08-14
028080,휴맥스홀딩스,매출 구성,차량용 안테나부문,47.1,반기보고서 (2026.06),2026-08-14
028080,휴맥스홀딩스,매출 구성,EV부문,1.9,반기보고서 (2026.06),2026-08-14
028080,휴맥스홀딩스,매출 구성,IT사업부문,1.5,반기보고서 (2026.06),2026-08-14
028080,휴맥스홀딩스,매출 구성,그 밖,0.2,반기보고서 (2026.06),2026-08-14
079980,휴비스,매출 구성,폴리에스터,100,반기보고서 (2026.06),2026-08-13
046400,휴스토리,매출 구성,"제조장비, 3D 프린터",100,반기보고서 (2026.06),2026-08-14
005010,휴스틸,매출 구성,강관,100,반기보고서 (2026.06),2026-08-14
084110,휴온스글로벌,매출 구성,의약품,73.8,반기보고서 (2026.06),2026-08-14
084110,휴온스글로벌,매출 구성,건강기능식품,9,반기보고서 (2026.06),2026-08-14
084110,휴온스글로벌,매출 구성,"화장용 스폰지, 소품 제조 및 판매업",6.4,반기보고서 (2026.06),2026-08-14
084110,휴온스글로벌,매출 구성,의료기기,5.9,반기보고서 (2026.06),2026-08-14
084110,휴온스글로벌,매출 구성,그 밖,4.8,반기보고서 (2026.06),2026-08-14
145020,휴젤,매출 구성,"톡신,필러&스킨부스터,화장품",98,반기보고서 (2026.06),2026-08-14
145020,휴젤,매출 구성,기타(*),1.2,반기보고서 (2026.06),2026-08-14
145020,휴젤,매출 구성,주요품목,0.8,반기보고서 (2026.06),2026-08-14
010240,흥국,매출 구성,건설기계부품외,89.1,반기보고서 (2026.06),2026-08-14
010240,흥국,매출 구성,부자재외,10.9,반기보고서 (2026.06),2026-08-14
189980,흥국에프엔비,매출 구성,"과일농축액,스무디,과일·채소주스 등",94,반기보고서 (2026.06),2026-08-14
189980,흥국에프엔비,매출 구성,"스노우빙 빙삭기,토핑등",4.3,반기보고서 (2026.06),2026-08-14
189980,흥국에프엔비,매출 구성,기타,1.7,반기보고서 (2026.06),2026-08-14
003280,흥아해운,매출 구성,탱커,85,반기보고서 (2026.06),2026-08-14
003280,흥아해운,매출 구성,기타,15,반기보고서 (2026.06),2026-08-14
037440,희림,매출 구성,국내도급공사,88.7,반기보고서 (2026.06),2026-08-14
037440,희림,매출 구성,해외도급공사,11.3,반기보고서 (2026.06),2026-08-14
095570,AJ네트웍스,매출 구성,창고및유통부문,55,반기보고서 (2026.06),2026-08-14
095570,AJ네트웍스,매출 구성,렌탈부문,41.9,반기보고서 (2026.06),2026-08-14
095570,AJ네트웍스,매출 구성,기타부문,3.1,반기보고서 (2026.06),2026-08-14
006840,AK홀딩스,매출 구성,상표권 수익,38.5,반기보고서 (2026.06),2026-08-14
006840,AK홀딩스,매출 구성,배당수익,33.9,반기보고서 (2026.06),2026-08-14
006840,AK홀딩스,매출 구성,경영자문수수료 수익,27.7,반기보고서 (2026.06),2026-08-14
265520,AP시스템,매출 구성,교환권대가(*2),99.3,사업보고서 (2025.12),2026-03-19
265520,AP시스템,매출 구성,통화선도(*1),0.7,사업보고서 (2025.12),2026-03-19
211270,AP위성,매출 구성,전반기,71.1,반기보고서 (2026.06),2026-08-14
211270,AP위성,매출 구성,당반기,28.9,반기보고서 (2026.06),2026-08-14
054620,APS,매출 구성,코팅,54.3,[기재정정]반기보고서 (2026.06),2026-08-18
054620,APS,매출 구성,ESC,23.8,[기재정정]반기보고서 (2026.06),2026-08-18
054620,APS,매출 구성,세정,21.8,[기재정정]반기보고서 (2026.06),2026-08-18
054620,APS,매출 구성,기타,0.1,[기재정정]반기보고서 (2026.06),2026-08-18
079810,APS이노베이션,매출 구성,이차전지사업부,92.9,[기재정정]반기보고서 (2026.06),2026-08-13
079810,APS이노베이션,매출 구성,검사장비사업부,7.1,[기재정정]반기보고서 (2026.06),2026-08-13
027410,BGF,매출 구성,소재/화학,71.6,반기보고서 (2026.06),2026-08-14
027410,BGF,매출 구성,투자,14.5,반기보고서 (2026.06),2026-08-14
027410,BGF,매출 구성,반도체소재,9.1,반기보고서 (2026.06),2026-08-14
027410,BGF,매출 구성,전자/자동차부품소재,4.8,반기보고서 (2026.06),2026-08-14
282330,BGF리테일,매출 구성,편의점,91.8,[기재정정]반기보고서 (2026.06),2026-08-14
282330,BGF리테일,매출 구성,물류,4,[기재정정]반기보고서 (2026.06),2026-08-14
282330,BGF리테일,매출 구성,식품 제조/유통,1.9,[기재정정]반기보고서 (2026.06),2026-08-14
282330,BGF리테일,매출 구성,기타부문,1.5,[기재정정]반기보고서 (2026.06),2026-08-14
282330,BGF리테일,매출 구성,그 밖,0.8,[기재정정]반기보고서 (2026.06),2026-08-14
126600,BGF에코머티리얼즈,매출 구성,소재/화학,100,반기보고서 (2026.06),2026-08-14
001460,BYC,매출 구성,섬유,83,반기보고서 (2026.06),2026-08-14
001460,BYC,매출 구성,건설,17,반기보고서 (2026.06),2026-08-14
001460,BYC,매출 구성,광고,0,반기보고서 (2026.06),2026-08-14
001040,CJ,매출 구성,물류,43.2,반기보고서 (2026.06),2026-08-14
001040,CJ,매출 구성,식품,40.6,반기보고서 (2026.06),2026-08-14
001040,CJ,매출 구성,BIO,16.2,반기보고서 (2026.06),2026-08-14
311690,CJ 바이오사이언스,매출 구성,BIO Digital Platform그룹,33.3,반기보고서 (2026.06),2026-08-14
311690,CJ 바이오사이언스,매출 구성,R&D센터,20,반기보고서 (2026.06),2026-08-14
311690,CJ 바이오사이언스,매출 구성,신약연구그룹,20,반기보고서 (2026.06),2026-08-14
311690,CJ 바이오사이언스,매출 구성,웰니스연구그룹,20,반기보고서 (2026.06),2026-08-14
311690,CJ 바이오사이언스,매출 구성,그 밖,6.7,반기보고서 (2026.06),2026-08-14
035760,CJ ENM,매출 구성,커머스,33.5,반기보고서 (2026.06),2026-08-14
035760,CJ ENM,매출 구성,미디어플랫폼,31.6,반기보고서 (2026.06),2026-08-14
035760,CJ ENM,매출 구성,음악,19.1,반기보고서 (2026.06),2026-08-14
035760,CJ ENM,매출 구성,영화드라마,15.8,반기보고서 (2026.06),2026-08-14
000120,CJ대한통운,매출 구성,글로벌사업부문,36,반기보고서 (2026.06),2026-08-14
000120,CJ대한통운,매출 구성,택배사업부문,29.6,반기보고서 (2026.06),2026-08-14
000120,CJ대한통운,매출 구성,CL사업부문,26.6,반기보고서 (2026.06),2026-08-14
000120,CJ대한통운,매출 구성,건설사업부문,7.8,반기보고서 (2026.06),2026-08-14
011150,CJ씨푸드,매출 구성,수산,64.1,반기보고서 (2026.06),2026-08-14
011150,CJ씨푸드,매출 구성,김,35.9,반기보고서 (2026.06),2026-08-14
097950,CJ제일제당,매출 구성,물류,43.2,반기보고서 (2026.06),2026-08-14
097950,CJ제일제당,매출 구성,식품,40.6,반기보고서 (2026.06),2026-08-14
097950,CJ제일제당,매출 구성,BIO,16.2,반기보고서 (2026.06),2026-08-14
051500,CJ프레시웨이,매출 구성,식자재유통,74.9,반기보고서 (2026.06),2026-08-14
051500,CJ프레시웨이,매출 구성,푸드서비스,24.4,반기보고서 (2026.06),2026-08-14
051500,CJ프레시웨이,매출 구성,기타,0.7,반기보고서 (2026.06),2026-08-14
058820,CMG제약,매출 구성,회계처리 내역,60,반기보고서 (2026.06),2026-08-14
058820,CMG제약,매출 구성,성격별 분류,40,반기보고서 (2026.06),2026-08-14
056730,CNT85,매출 구성,플랜트,79.6,반기보고서 (2026.06),2026-08-14
056730,CNT85,매출 구성,건축,15.1,반기보고서 (2026.06),2026-08-14
056730,CNT85,매출 구성,필터프레스,5,반기보고서 (2026.06),2026-08-14
056730,CNT85,매출 구성,기타,0.3,반기보고서 (2026.06),2026-08-14
065770,CS,매출 구성,일본향 중계기,66.7,반기보고서 (2026.06),2026-08-14
065770,CS,매출 구성,국내향중계기,33.3,반기보고서 (2026.06),2026-08-14
083660,CSA 코스믹,매출 구성,화장품 사업부문,65.7,반기보고서 (2026.06),2026-08-14
083660,CSA 코스믹,매출 구성,사행시설관리업,18.3,반기보고서 (2026.06),2026-08-14
083660,CSA 코스믹,매출 구성,젠트로 사업부문,16,반기보고서 (2026.06),2026-08-14
012030,DB,매출 구성,IT,52.2,반기보고서 (2026.06),2026-08-14
012030,DB,매출 구성,상사,41.1,반기보고서 (2026.06),2026-08-14
012030,DB,매출 구성,브랜드,6.2,반기보고서 (2026.06),2026-08-14
012030,DB,매출 구성,인재개발원,0.6,반기보고서 (2026.06),2026-08-14
005830,DB손해보험,사업 구성,손해보험부문,92,사업보고서 (2025.12),2026-03-12
005830,DB손해보험,사업 구성,생명보험부문,7.8,사업보고서 (2025.12),2026-03-12
005830,DB손해보험,사업 구성,할부금융부문,0.2,사업보고서 (2025.12),2026-03-12
099520,DGI,매출 구성,신재생에너지,54.3,반기보고서 (2026.06),2026-08-13
099520,DGI,매출 구성,CCTV 영상보안장비,45.7,반기보고서 (2026.06),2026-08-13
000300,DH오토넥스,매출 구성,LPI BOMBE,44.1,반기보고서 (2026.06),2026-08-14
000300,DH오토넥스,매출 구성,AL 잉곳,18.8,반기보고서 (2026.06),2026-08-14
000300,DH오토넥스,매출 구성,햅틱모터,16.3,반기보고서 (2026.06),2026-08-14
000300,DH오토넥스,매출 구성,기타,13.7,반기보고서 (2026.06),2026-08-14
000300,DH오토넥스,매출 구성,그 밖,7.1,반기보고서 (2026.06),2026-08-14
290120,DH오토리드,매출 구성,기타 (혼캡 등),55.5,반기보고서 (2026.06),2026-08-14
290120,DH오토리드,매출 구성,스티어링휠 (가죽사양),33.2,반기보고서 (2026.06),2026-08-14
290120,DH오토리드,매출 구성,스티어링휠 (PU사양),11.3,반기보고서 (2026.06),2026-08-14
025440,DH오토웨어,매출 구성,전장사업부,95.2,반기보고서 (2026.06),2026-08-14
025440,DH오토웨어,매출 구성,자동화사업부,4.8,반기보고서 (2026.06),2026-08-14
015590,DKME,매출 구성,화공기기 부문,98.5,[기재정정]사업보고서 (2024.12),2025-08-12
015590,DKME,매출 구성,에너지사업 부문,1,[기재정정]사업보고서 (2024.12),2025-08-12
015590,DKME,매출 구성,자동차 부문,0.6,[기재정정]사업보고서 (2024.12),2025-08-12
000210,DL,매출 구성,제조부문,95.7,반기보고서 (2026.06),2026-08-14
000210,DL,매출 구성,투자및기타부문,2.5,반기보고서 (2026.06),2026-08-14
000210,DL,매출 구성,에너지부문,1.8,반기보고서 (2026.06),2026-08-14
375500,DL이앤씨,매출 구성,건설부문,100,반기보고서 (2026.06),2026-08-14
375500,DL이앤씨,매출 구성,공통(미배분),0,반기보고서 (2026.06),2026-08-14
068790,DMS,매출 구성,미국통화,90,[기재정정]사업보고서 (2024.12),2026-01-19
068790,DMS,매출 구성,중국통화,9.9,[기재정정]사업보고서 (2024.12),2026-01-19
068790,DMS,매출 구성,기타,0.1,[기재정정]사업보고서 (2024.12),2026-01-19
007340,DN오토모티브,매출 구성,공작기계,56.8,[첨부추가]반기보고서 (2026.06),2026-08-14
007340,DN오토모티브,매출 구성,자동차용 부품,33.7,[첨부추가]반기보고서 (2026.06),2026-08-14
007340,DN오토모티브,매출 구성,자동차용 축전지,6,[첨부추가]반기보고서 (2026.06),2026-08-14
007340,DN오토모티브,매출 구성,자동차용 튜브,3.6,[첨부추가]반기보고서 (2026.06),2026-08-14
017860,DS단석,매출 구성,바이오에너지,57.4,반기보고서 (2026.06),2026-08-14
017860,DS단석,매출 구성,배터리리사이클,30.7,반기보고서 (2026.06),2026-08-14
017860,DS단석,매출 구성,플라스틱리사이클,6.3,반기보고서 (2026.06),2026-08-14
017860,DS단석,매출 구성,상품,5.1,반기보고서 (2026.06),2026-08-14
017860,DS단석,매출 구성,그 밖,0.4,반기보고서 (2026.06),2026-08-14
155660,DSR,매출 구성,한국내 사업,49.8,반기보고서 (2026.06),2026-08-14
155660,DSR,매출 구성,베트남내 사업,19.4,반기보고서 (2026.06),2026-08-14
155660,DSR,매출 구성,중국내 사업,16.9,반기보고서 (2026.06),2026-08-14
155660,DSR,매출 구성,미국내 사업,13.9,반기보고서 (2026.06),2026-08-14
069730,DSR제강,매출 구성,한국내 사업,95.1,반기보고서 (2026.06),2026-08-14
069730,DSR제강,매출 구성,베트남내 사업,4.9,반기보고서 (2026.06),2026-08-14
180400,DXVX,매출 구성,바이오헬스케어품목,81.5,반기보고서 (2026.06),2026-08-14
180400,DXVX,매출 구성,생애전주기유전체분석,16.1,반기보고서 (2026.06),2026-08-14
180400,DXVX,매출 구성,기타(*),2.4,반기보고서 (2026.06),2026-08-14
017940,E1,매출 구성,LPG,96.3,반기보고서 (2026.06),2026-08-14
017940,E1,매출 구성,기타,3.5,반기보고서 (2026.06),2026-08-14
017940,E1,매출 구성,수소,0.1,반기보고서 (2026.06),2026-08-14
017940,E1,매출 구성,전력,0.1,반기보고서 (2026.06),2026-08-14
418620,E8,매출 구성,라이선스,43.4,반기보고서 (2026.06),2026-08-14
418620,E8,매출 구성,NDX Pro,20.3,반기보고서 (2026.06),2026-08-14
418620,E8,매출 구성,플랫폼개발/구축용역,16.5,반기보고서 (2026.06),2026-08-14
418620,E8,매출 구성,시뮬레이션/해석용역,11.7,반기보고서 (2026.06),2026-08-14
418620,E8,매출 구성,그 밖,8.1,반기보고서 (2026.06),2026-08-14
245620,EDGC,매출 구성,유전체 기반서비스 매출,99,반기보고서 (2026.06),2026-08-14
245620,EDGC,매출 구성,기타매출,0.8,반기보고서 (2026.06),2026-08-14
245620,EDGC,매출 구성,상품매출,0.1,반기보고서 (2026.06),2026-08-14
037370,EG,매출 구성,산화철,95.3,반기보고서 (2026.06),2026-08-14
037370,EG,매출 구성,임대및기타,2.3,반기보고서 (2026.06),2026-08-14
037370,EG,매출 구성,태양광발전사업(전기공급업),1.2,반기보고서 (2026.06),2026-08-14
037370,EG,매출 구성,소재사업,1.2,반기보고서 (2026.06),2026-08-14
278990,EMB,매출 구성,의약품,68.1,사업보고서 (2025.12),2026-03-23
278990,EMB,매출 구성,Accessory,17.8,사업보고서 (2025.12),2026-03-23
278990,EMB,매출 구성,에너지,11.3,사업보고서 (2025.12),2026-03-23
278990,EMB,매출 구성,기타,2.8,사업보고서 (2025.12),2026-03-23
050120,ES큐브,매출 구성,텐트,100,반기보고서 (2026.06),2026-08-14
383220,F&F,매출 구성,타법인취득,71.4,반기보고서 (2026.06),2026-08-14
383220,F&F,매출 구성,타법인처분,14.3,반기보고서 (2026.06),2026-08-14
383220,F&F,매출 구성,타법인양수,14.3,반기보고서 (2026.06),2026-08-14
007700,F&F 홀딩스,매출 구성,타법인취득,71.4,반기보고서 (2026.06),2026-08-14
007700,F&F 홀딩스,매출 구성,타법인처분,14.3,반기보고서 (2026.06),2026-08-14
007700,F&F 홀딩스,매출 구성,타법인양수,14.3,반기보고서 (2026.06),2026-08-14
214270,FSN,매출 구성,브랜드및플랫폼,78.2,반기보고서 (2026.06),2026-08-14
214270,FSN,매출 구성,마케팅,21.7,반기보고서 (2026.06),2026-08-14
214270,FSN,매출 구성,기타,0.1,반기보고서 (2026.06),2026-08-14
130500,GH신소재,매출 구성,부직포 부문,77.3,반기보고서 (2026.06),2026-08-14
130500,GH신소재,매출 구성,원사 부문,15.3,반기보고서 (2026.06),2026-08-14
130500,GH신소재,매출 구성,파렛트 부문,7.4,반기보고서 (2026.06),2026-08-14
114090,GKL,매출 구성,카지노,98.7,반기보고서 (2026.06),2026-08-14
114090,GKL,매출 구성,환전수입,1.3,반기보고서 (2026.06),2026-08-14
900290,GRT,매출 구성,광학보호필름,53.4,분기보고서 (2026.03),2026-06-01
900290,GRT,매출 구성,자동차필름,21.9,분기보고서 (2026.03),2026-06-01
900290,GRT,매출 구성,광학접착필름,19.2,분기보고서 (2026.03),2026-06-01
900290,GRT,매출 구성,포장필름,4.4,분기보고서 (2026.03),2026-06-01
900290,GRT,매출 구성,그 밖,0.9,분기보고서 (2026.03),2026-06-01
078930,GS,매출 구성,정유사업,79.6,반기보고서 (2026.06),2026-08-14
078930,GS,매출 구성,석유화학사업,16.2,반기보고서 (2026.06),2026-08-14
078930,GS,매출 구성,윤활유사업,4.2,반기보고서 (2026.06),2026-08-14
001250,GS글로벌,매출 구성,무역/유통 부문,96.5,반기보고서 (2026.06),2026-08-13
001250,GS글로벌,매출 구성,신사업 및기타 부문,1.9,반기보고서 (2026.06),2026-08-13
001250,GS글로벌,매출 구성,물류 부문,1.1,반기보고서 (2026.06),2026-08-13
001250,GS글로벌,매출 구성,제조 부문,0.5,반기보고서 (2026.06),2026-08-13
007070,GS리테일,매출 구성,편의점,74.1,반기보고서 (2026.06),2026-08-14
007070,GS리테일,매출 구성,수퍼마켓,15.3,반기보고서 (2026.06),2026-08-14
007070,GS리테일,매출 구성,홈쇼핑,8.8,반기보고서 (2026.06),2026-08-14
007070,GS리테일,매출 구성,공통 및기타,1.8,반기보고서 (2026.06),2026-08-14
499790,GS피앤엘,매출 구성,객실수익,41.2,반기보고서 (2026.06),2026-08-14
499790,GS피앤엘,매출 구성,임대수익,18,반기보고서 (2026.06),2026-08-14
499790,GS피앤엘,매출 구성,식음료수익,14.5,반기보고서 (2026.06),2026-08-14
499790,GS피앤엘,매출 구성,연회수익,12,반기보고서 (2026.06),2026-08-14
499790,GS피앤엘,매출 구성,그 밖,14.3,반기보고서 (2026.06),2026-08-14
083450,GST,매출 구성,SCRUBBER,78.6,반기보고서 (2026.06),2026-08-14
083450,GST,매출 구성,CHILLER,21.4,반기보고서 (2026.06),2026-08-14
297890,HB솔루션,매출 구성,자사제품,69.2,사업보고서 (2025.12),2026-03-18
297890,HB솔루션,매출 구성,"상품, 용역",30.8,사업보고서 (2025.12),2026-03-18
078150,HB테크놀러지,매출 구성,장비사업부문,58.4,반기보고서 (2026.06),2026-08-14
078150,HB테크놀러지,매출 구성,부품소재사업부문,41.6,반기보고서 (2026.06),2026-08-14
225530,HC보광산업,매출 구성,골재사업부,35.1,반기보고서 (2026.06),2026-08-14
225530,HC보광산업,매출 구성,아스콘사업부,33.7,반기보고서 (2026.06),2026-08-14
225530,HC보광산업,매출 구성,레미콘사업부,31.2,반기보고서 (2026.06),2026-08-14
267270,HD건설기계,매출 구성,건설기계,87.5,반기보고서 (2026.06),2026-08-14
267270,HD건설기계,매출 구성,엔진,12.5,반기보고서 (2026.06),2026-08-14
009540,HD한국조선해양,매출 구성,조선,82.9,반기보고서 (2026.06),2026-08-14
009540,HD한국조선해양,매출 구성,엔진기계,8.7,반기보고서 (2026.06),2026-08-14
009540,HD한국조선해양,매출 구성,해양플랜트,4.9,반기보고서 (2026.06),2026-08-14
009540,HD한국조선해양,매출 구성,그린에너지,1.9,반기보고서 (2026.06),2026-08-14
009540,HD한국조선해양,매출 구성,그 밖,1.7,반기보고서 (2026.06),2026-08-14
267250,HD현대,매출 구성,정유,84.8,반기보고서 (2026.06),2026-08-14
267250,HD현대,매출 구성,석유화학,12.2,반기보고서 (2026.06),2026-08-14
267250,HD현대,매출 구성,윤활,3.1,반기보고서 (2026.06),2026-08-14
443060,HD현대마린솔루션,매출 구성,선박After Service,100,반기보고서 (2026.06),2026-08-14
071970,HD현대마린엔진,매출 구성,선박엔진,90.8,사업보고서 (2024.12),2025-03-17
071970,HD현대마린엔진,매출 구성,엔진부품,9.2,사업보고서 (2024.12),2025-03-17
267260,HD현대일렉트릭,매출 구성,전력기기,67.8,반기보고서 (2026.06),2026-08-14
267260,HD현대일렉트릭,매출 구성,회전기기,16.1,반기보고서 (2026.06),2026-08-14
267260,HD현대일렉트릭,매출 구성,배전기기 外,16.1,반기보고서 (2026.06),2026-08-14
329180,HD현대중공업,매출 구성,조선,77.9,반기보고서 (2026.06),2026-08-14
329180,HD현대중공업,매출 구성,엔진기계,14.9,반기보고서 (2026.06),2026-08-14
329180,HD현대중공업,매출 구성,해양플랜트,6.8,반기보고서 (2026.06),2026-08-14
329180,HD현대중공업,매출 구성,기타,0.4,반기보고서 (2026.06),2026-08-14
012630,HDC,매출 구성,건설,56.1,[기재정정]반기보고서 (2026.06),2026-08-18
012630,HDC,매출 구성,소재,18.4,[기재정정]반기보고서 (2026.06),2026-08-18
012630,HDC,매출 구성,발전,11.9,[기재정정]반기보고서 (2026.06),2026-08-18
012630,HDC,매출 구성,기타,9.6,[기재정정]반기보고서 (2026.06),2026-08-18
012630,HDC,매출 구성,그 밖,3.9,[기재정정]반기보고서 (2026.06),2026-08-18
039570,HDC랩스,매출 구성,FM사업부문,46.8,반기보고서 (2026.06),2026-08-14
039570,HDC랩스,매출 구성,건설사업부문,38.4,반기보고서 (2026.06),2026-08-14
039570,HDC랩스,매출 구성,홈사업부문,14.8,반기보고서 (2026.06),2026-08-14
089470,HDC현대EP,매출 구성,PO부문,65.8,반기보고서 (2026.06),2026-08-14
089470,HDC현대EP,매출 구성,PS부문,32.2,반기보고서 (2026.06),2026-08-14
089470,HDC현대EP,매출 구성,건자재부문,2,반기보고서 (2026.06),2026-08-14
097230,HJ중공업,매출 구성,조선,53.4,반기보고서 (2026.06),2026-08-12
097230,HJ중공업,매출 구성,건설,46,반기보고서 (2026.06),2026-08-12
097230,HJ중공업,매출 구성,기타,0.7,반기보고서 (2026.06),2026-08-12
195940,HK이노엔,매출 구성,전문의약품,92.3,반기보고서 (2026.06),2026-08-14
195940,HK이노엔,매출 구성,H&B,7.7,반기보고서 (2026.06),2026-08-14
014790,HL D&I,매출 구성,당기손익,100,반기보고서 (2026.06),2026-08-13
204320,HL만도,매출 구성,MDS,55.5,반기보고서 (2026.06),2026-08-14
204320,HL만도,매출 구성,RCS1,22.2,반기보고서 (2026.06),2026-08-14
204320,HL만도,매출 구성,RCS2,22.2,반기보고서 (2026.06),2026-08-14
028300,HLB,매출 구성,복합소재사업 부문,47.1,반기보고서 (2026.06),2026-08-14
028300,HLB,매출 구성,미디어커머스 부문,33.1,반기보고서 (2026.06),2026-08-14
028300,HLB,매출 구성,바이오/헬스케어사업 부문,19.8,반기보고서 (2026.06),2026-08-14
067630,HLB생명과학,매출 구성,의료기기사업,42.6,반기보고서 (2026.06),2026-08-13
067630,HLB생명과학,매출 구성,메디케어사업,35.1,반기보고서 (2026.06),2026-08-13
067630,HLB생명과학,매출 구성,에너지사업,22.2,반기보고서 (2026.06),2026-08-13
067630,HLB생명과학,매출 구성,바이오개발 사업,0.1,반기보고서 (2026.06),2026-08-13
024850,HLB이노베이션,매출 구성,반도체부품,99.5,반기보고서 (2026.06),2026-08-13
024850,HLB이노베이션,매출 구성,바이오,0.5,반기보고서 (2026.06),2026-08-13
187420,HLB제넥스,매출 구성,한국산업기술평가관리원,27.4,반기보고서 (2026.06),2026-08-13
187420,HLB제넥스,매출 구성,대전테크노파크,18.2,반기보고서 (2026.06),2026-08-13
187420,HLB제넥스,매출 구성,한국산업기술진흥원(중기부),9.1,반기보고서 (2026.06),2026-08-13
187420,HLB제넥스,매출 구성,과학기술인력기반구축사업(한국연구재단),9.1,반기보고서 (2026.06),2026-08-13
187420,HLB제넥스,매출 구성,그 밖,36.2,반기보고서 (2026.06),2026-08-13
047920,HLB제약,매출 구성,의약품제조판매,77.4,반기보고서 (2026.06),2026-08-13
047920,HLB제약,매출 구성,의약품 유통,22.6,반기보고서 (2026.06),2026-08-13
046210,HLB파나진,매출 구성,진단부문,75.6,반기보고서 (2026.06),2026-08-14
046210,HLB파나진,매출 구성,소재부문,23.1,반기보고서 (2026.06),2026-08-14
046210,HLB파나진,매출 구성,기타(**),1.2,반기보고서 (2026.06),2026-08-14
196300,HLB펩,매출 구성,의약용 펩타이드 소재,48.6,반기보고서 (2026.06),2026-08-13
196300,HLB펩,매출 구성,연구용 펩타이드 소재,48.6,반기보고서 (2026.06),2026-08-13
196300,HLB펩,매출 구성,Chemical Library,2.8,반기보고서 (2026.06),2026-08-13
011200,HMM,매출 구성,컨테이너,82.9,반기보고서 (2026.06),2026-08-13
011200,HMM,매출 구성,벌크,15.7,반기보고서 (2026.06),2026-08-13
011200,HMM,매출 구성,기타(*),1.4,반기보고서 (2026.06),2026-08-13
403870,HPSP,매출 구성,고압 수소어닐링장비,89.2,반기보고서 (2026.06),2026-08-14
403870,HPSP,매출 구성,기타,10.8,반기보고서 (2026.06),2026-08-14
002460,HS화성,매출 구성,건축부문,79.6,반기보고서 (2026.06),2026-08-14
002460,HS화성,매출 구성,토목부문,12.6,반기보고서 (2026.06),2026-08-14
002460,HS화성,매출 구성,기타부문,6,반기보고서 (2026.06),2026-08-14
002460,HS화성,매출 구성,분양부문,1.8,반기보고서 (2026.06),2026-08-14
487570,HS효성,매출 구성,산업자재,100,반기보고서 (2026.06),2026-08-14
298050,HS효성첨단소재,매출 구성,산업자재,88.2,반기보고서 (2026.06),2026-08-14
298050,HS효성첨단소재,매출 구성,섬유,9.5,반기보고서 (2026.06),2026-08-14
298050,HS효성첨단소재,매출 구성,기타,2.3,반기보고서 (2026.06),2026-08-14
139130,iM금융지주,사업 구성,연결실체,48.7,[기재정정]사업보고서 (2025.12),2026-05-15
139130,iM금융지주,사업 구성,은행부문,44.1,[기재정정]사업보고서 (2025.12),2026-05-15
139130,iM금융지주,사업 구성,여신전문부문,4.9,[기재정정]사업보고서 (2025.12),2026-05-15
139130,iM금융지주,사업 구성,증권부문,2.3,[기재정정]사업보고서 (2025.12),2026-05-15
052220,iMBC,매출 구성,용역,55.6,반기보고서 (2026.06),2026-08-14
052220,iMBC,매출 구성,콘텐츠,33.6,반기보고서 (2026.06),2026-08-14
052220,iMBC,매출 구성,광고,8.4,반기보고서 (2026.06),2026-08-14
052220,iMBC,매출 구성,수입수수료,2.4,반기보고서 (2026.06),2026-08-14
015360,INVENI,매출 구성,도시가스 부문,87.3,[기재정정]사업보고서 (2025.12),2026-06-05
015360,INVENI,매출 구성,투자및지주부문,11.4,[기재정정]사업보고서 (2025.12),2026-06-05
015360,INVENI,매출 구성,기타부문,1.3,[기재정정]사업보고서 (2025.12),2026-06-05
294870,IPARK현대산업개발,매출 구성,외주주택,61.3,[기재정정]반기보고서 (2026.06),2026-08-18
294870,IPARK현대산업개발,매출 구성,자체공사,23.9,[기재정정]반기보고서 (2026.06),2026-08-18
294870,IPARK현대산업개발,매출 구성,토목,7.3,[기재정정]반기보고서 (2026.06),2026-08-18
294870,IPARK현대산업개발,매출 구성,기타,7,[기재정정]반기보고서 (2026.06),2026-08-18
294870,IPARK현대산업개발,매출 구성,그 밖,0.4,[기재정정]반기보고서 (2026.06),2026-08-18
950170,JTC,매출 구성,도ㆍ소매 및 온라인,98.3,분기보고서 (2026.05),2026-07-30
950170,JTC,매출 구성,부동산임대및리스,1.7,분기보고서 (2026.05),2026-07-30
234080,JW생명과학,매출 구성,TPN,34.2,반기보고서 (2026.06),2026-08-14
234080,JW생명과학,매출 구성,기초수액,28.6,반기보고서 (2026.06),2026-08-14
234080,JW생명과학,매출 구성,특수수액,19.2,반기보고서 (2026.06),2026-08-14
234080,JW생명과학,매출 구성,영양수액,9.6,반기보고서 (2026.06),2026-08-14
234080,JW생명과학,매출 구성,그 밖,8.5,반기보고서 (2026.06),2026-08-14
067290,JW신약,매출 구성,의약품,100,반기보고서 (2026.06),2026-08-14
001060,JW중외제약,매출 구성,의약품제조판매,100,반기보고서 (2026.06),2026-08-14
096760,JW홀딩스,매출 구성,의약품,94.9,반기보고서 (2026.06),2026-08-14
096760,JW홀딩스,매출 구성,지주사업,5.1,반기보고서 (2026.06),2026-08-14
035900,JYP Ent.,매출 구성,매니지먼트사업및 기타,72.4,반기보고서 (2026.06),2026-08-14
035900,JYP Ent.,매출 구성,음반사업,27.6,반기보고서 (2026.06),2026-08-14
105560,KB금융,사업 구성,은행부문,36.6,반기보고서 (2026.06),2026-08-14
105560,KB금융,사업 구성,증권부문,26.4,반기보고서 (2026.06),2026-08-14
105560,KB금융,사업 구성,신용카드 부문,13.5,반기보고서 (2026.06),2026-08-14
105560,KB금융,사업 구성,손해보험 부문,10.5,반기보고서 (2026.06),2026-08-14
105560,KB금융,사업 구성,그 밖,13,반기보고서 (2026.06),2026-08-14
432320,KB스타리츠,매출 구성,Star Galaxy GP SRL(*2),50,반기보고서 (2026.04),2026-06-15
432320,KB스타리츠,매출 구성,Star Galaxy S.Comm(*3),50,반기보고서 (2026.04),2026-06-15
024120,KB오토시스,매출 구성,PAD&LINING,97.5,반기보고서 (2026.06),2026-08-14
024120,KB오토시스,매출 구성,기타,1.4,반기보고서 (2026.06),2026-08-14
024120,KB오토시스,매출 구성,운송용역,1.1,반기보고서 (2026.06),2026-08-14
318000,KBG,매출 구성,실리콘,92.9,사업보고서 (2024.12),2025-03-14
318000,KBG,매출 구성,실리카단열소재,7.1,사업보고서 (2024.12),2025-03-14
024840,KBI메탈,매출 구성,ROD사업부문,100,반기보고서 (2026.06),2026-08-13
112190,KC산업,사업 구성,PC 암거,58.2,[기재정정]사업보고서 (2025.12),2026-06-19
112190,KC산업,사업 구성,DSM,16.4,[기재정정]사업보고서 (2025.12),2026-06-19
112190,KC산업,사업 구성,모듈러,11.1,[기재정정]사업보고서 (2025.12),2026-06-19
112190,KC산업,사업 구성,특수PC,6.9,[기재정정]사업보고서 (2025.12),2026-06-19
112190,KC산업,사업 구성,그 밖,7.4,[기재정정]사업보고서 (2025.12),2026-06-19
119650,KC코트렐,매출 구성,분진처리설비,44.6,반기보고서 (2026.06),2026-08-14
119650,KC코트렐,매출 구성,GAS처리설비,41.1,반기보고서 (2026.06),2026-08-14
119650,KC코트렐,매출 구성,기타,14.3,반기보고서 (2026.06),2026-08-14
021320,KCC건설,매출 구성,국내도급공사,99.1,반기보고서 (2026.06),2026-08-13
021320,KCC건설,매출 구성,분양공사,0.9,반기보고서 (2026.06),2026-08-13
003620,KG모빌리티,매출 구성,합병반대의사 통지 접수기간,14.3,반기보고서 (2026.06),2026-08-14
003620,KG모빌리티,매출 구성,채권자 이의 제출 기간,14.3,반기보고서 (2026.06),2026-08-14
003620,KG모빌리티,매출 구성,합병 이사회결의일,7.1,반기보고서 (2026.06),2026-08-14
003620,KG모빌리티,매출 구성,합병 계약일,7.1,반기보고서 (2026.06),2026-08-14
003620,KG모빌리티,매출 구성,그 밖,57.1,반기보고서 (2026.06),2026-08-14
016380,KG스틸,매출 구성,일반철골공사,63.8,반기보고서 (2026.06),2026-08-14
016380,KG스틸,매출 구성,PEB 철골공사,25.1,반기보고서 (2026.06),2026-08-14
016380,KG스틸,매출 구성,PEB 제품판매,11.1,반기보고서 (2026.06),2026-08-14
151860,KG에코솔루션,매출 구성,일반철골공사,63.8,반기보고서 (2026.06),2026-08-14
151860,KG에코솔루션,매출 구성,PEB 철골공사,25.1,반기보고서 (2026.06),2026-08-14
151860,KG에코솔루션,매출 구성,PEB 제품판매,11.1,반기보고서 (2026.06),2026-08-14
035600,KG이니시스,매출 구성,전자상거래및유통,68.5,반기보고서 (2026.06),2026-08-13
035600,KG이니시스,매출 구성,요식업,23,반기보고서 (2026.06),2026-08-13
035600,KG이니시스,매출 구성,미디어및방송,5.1,반기보고서 (2026.06),2026-08-13
035600,KG이니시스,매출 구성,교육사업부문,1.9,반기보고서 (2026.06),2026-08-13
035600,KG이니시스,매출 구성,그 밖,1.5,반기보고서 (2026.06),2026-08-13
001390,KG케미칼,매출 구성,자동차제조및판매,47.2,[첨부추가]반기보고서 (2026.06),2026-08-14
001390,KG케미칼,매출 구성,철강,33.8,[첨부추가]반기보고서 (2026.06),2026-08-14
001390,KG케미칼,매출 구성,전자결제,10.3,[첨부추가]반기보고서 (2026.06),2026-08-14
001390,KG케미칼,매출 구성,요식업,3.5,[첨부추가]반기보고서 (2026.06),2026-08-14
001390,KG케미칼,매출 구성,그 밖,5.1,[첨부추가]반기보고서 (2026.06),2026-08-14
060720,KH바텍,매출 구성,"정밀기구(스마트폰, 통신장비, 로봇 등)",92.3,반기보고서 (2026.06),2026-08-14
060720,KH바텍,매출 구성,자동차부품,7.7,반기보고서 (2026.06),2026-08-14
001940,KISCO홀딩스,매출 구성,철강제조,96.3,반기보고서 (2026.06),2026-08-14
001940,KISCO홀딩스,매출 구성,지주부문,3.7,반기보고서 (2026.06),2026-08-14
001940,KISCO홀딩스,매출 구성,금융투자,0.1,반기보고서 (2026.06),2026-08-14
001940,KISCO홀딩스,매출 구성,섬유판매,0,반기보고서 (2026.06),2026-08-14
058400,KNN,매출 구성,방송광고 수입,38.3,반기보고서 (2026.06),2026-08-10
058400,KNN,매출 구성,사업수입,26.4,반기보고서 (2026.06),2026-08-10
058400,KNN,매출 구성,용역수입,17,반기보고서 (2026.06),2026-08-10
058400,KNN,매출 구성,협찬수입,12.8,반기보고서 (2026.06),2026-08-10
058400,KNN,매출 구성,그 밖,5.6,반기보고서 (2026.06),2026-08-10
025000,KPX케미칼,매출 구성,기초화합물제조,100,반기보고서 (2026.06),2026-08-14
092230,KPX홀딩스,매출 구성,지주사업,78.7,반기보고서 (2026.06),2026-08-14
092230,KPX홀딩스,매출 구성,무역업,17.9,반기보고서 (2026.06),2026-08-14
092230,KPX홀딩스,매출 구성,지적재산권의라이센스업,3.4,반기보고서 (2026.06),2026-08-14
101000,KS인더스트리,매출 구성,선박구성 부분품 제조,62.9,반기보고서 (2026.06),2026-08-14
101000,KS인더스트리,매출 구성,화장품제조및판매외,20.6,반기보고서 (2026.06),2026-08-14
101000,KS인더스트리,매출 구성,기자재판매및수리,16.4,반기보고서 (2026.06),2026-08-14
044450,KSS해운,매출 구성,해운업,100,반기보고서 (2026.06),2026-08-14
089600,KT나스미디어,매출 구성,플랫폼 광고,59.6,반기보고서 (2026.06),2026-08-14
089600,KT나스미디어,매출 구성,디지털 광고,40.4,반기보고서 (2026.06),2026-08-14
418470,KT밀리의서재,매출 구성,보조 상기도,43.3,반기보고서 (2026.06),2026-08-12
418470,KT밀리의서재,매출 구성,비보조 상기도,29.9,반기보고서 (2026.06),2026-08-12
418470,KT밀리의서재,매출 구성,최초 상기도,26.8,반기보고서 (2026.06),2026-08-12
043610,KT지니뮤직,매출 구성,음악 사업,63.3,반기보고서 (2026.06),2026-08-14
043610,KT지니뮤직,매출 구성,도서콘텐츠사업,29.4,반기보고서 (2026.06),2026-08-14
043610,KT지니뮤직,매출 구성,기타 사업,5.9,반기보고서 (2026.06),2026-08-14
043610,KT지니뮤직,매출 구성,사업구분,1.3,반기보고서 (2026.06),2026-08-14
058850,KTcs,매출 구성,B2B매출,29.1,반기보고서 (2026.06),2026-08-14
058850,KTcs,매출 구성,컨택서비스사업수익,24.2,반기보고서 (2026.06),2026-08-14
058850,KTcs,매출 구성,KT고객서비스수익,23.3,반기보고서 (2026.06),2026-08-14
058850,KTcs,매출 구성,유통사업수익,17.8,반기보고서 (2026.06),2026-08-14
058850,KTcs,매출 구성,그 밖,5.5,반기보고서 (2026.06),2026-08-14
058860,KTis,매출 구성,KT고객센터운영(*1),43.4,반기보고서 (2026.06),2026-08-14
058860,KTis,매출 구성,일반컨택센터운영(*2),35.4,반기보고서 (2026.06),2026-08-14
058860,KTis,매출 구성,유통사업(*3),17.3,반기보고서 (2026.06),2026-08-14
058860,KTis,매출 구성,번호안내사업(*4),2.8,반기보고서 (2026.06),2026-08-14
058860,KTis,매출 구성,그 밖,1.1,반기보고서 (2026.06),2026-08-14
122450,KX,매출 구성,골프장 운영,45.6,반기보고서 (2026.06),2026-08-14
122450,KX,매출 구성,반도체재료등,32.8,반기보고서 (2026.06),2026-08-14
122450,KX,매출 구성,기타,10.1,반기보고서 (2026.06),2026-08-14
122450,KX,매출 구성,채널수신및기타매출,6.5,반기보고서 (2026.06),2026-08-14
122450,KX,매출 구성,그 밖,4.9,반기보고서 (2026.06),2026-08-14
052900,KX하이텍,매출 구성,SSD사업부문,36,반기보고서 (2026.06),2026-08-14
052900,KX하이텍,매출 구성,기타,35.1,반기보고서 (2026.06),2026-08-14
052900,KX하이텍,매출 구성,반도체재료사업부문,28.9,반기보고서 (2026.06),2026-08-14
036560,KZ정밀,매출 구성,유체기계사업부,100,반기보고서 (2026.06),2026-08-14
061970,LB세미콘,매출 구성,반도체,97,[기재정정]사업보고서 (2024.12),2025-03-20
061970,LB세미콘,매출 구성,폐배터리재생,3,[기재정정]사업보고서 (2024.12),2025-03-20
093050,LF,매출 구성,상제품매출액,84.6,반기보고서 (2026.06),2026-08-14
093050,LF,매출 구성,금융업수익,8.8,반기보고서 (2026.06),2026-08-14
093050,LF,매출 구성,수수료수익,5.5,반기보고서 (2026.06),2026-08-14
093050,LF,매출 구성,기타매출액,1.1,반기보고서 (2026.06),2026-08-14
003550,LG,매출 구성,IT서비스,74.1,반기보고서 (2026.06),2026-08-14
003550,LG,매출 구성,지주회사,15.6,반기보고서 (2026.06),2026-08-14
003550,LG,매출 구성,부동산 자산관련종합서비스,4.6,반기보고서 (2026.06),2026-08-14
003550,LG,매출 구성,교육및경영자문,4.3,반기보고서 (2026.06),2026-08-14
003550,LG,매출 구성,그 밖,1.4,반기보고서 (2026.06),2026-08-14
034220,LG디스플레이,매출 구성,Display,100,반기보고서 (2026.06),2026-08-14
064400,LG씨엔에스,매출 구성,IT 서비스,100,반기보고서 (2026.06),2026-08-14
373220,LG에너지솔루션,매출 구성,에너지솔루션,100,반기보고서 (2026.06),2026-08-13
032640,LG유플러스,매출 구성,LG유플러스 부문,92,사업보고서 (2025.12),2026-03-13
032640,LG유플러스,매출 구성,엘지헬로비전 부문,8,사업보고서 (2025.12),2026-03-13
011070,LG이노텍,매출 구성,광학솔루션,82.5,반기보고서 (2026.06),2026-08-14
011070,LG이노텍,매출 구성,모빌리티솔루션,9,반기보고서 (2026.06),2026-08-14
011070,LG이노텍,매출 구성,패키지솔루션,8.5,반기보고서 (2026.06),2026-08-14
066570,LG전자,매출 구성,HS,29.8,반기보고서 (2026.06),2026-08-14
066570,LG전자,매출 구성,이노텍,23.5,반기보고서 (2026.06),2026-08-14
066570,LG전자,매출 구성,MS,21.9,반기보고서 (2026.06),2026-08-14
066570,LG전자,매출 구성,VS,13,반기보고서 (2026.06),2026-08-14
066570,LG전자,매출 구성,그 밖,11.8,반기보고서 (2026.06),2026-08-14
037560,LG헬로비전,매출 구성,방송사업매출,27.4,반기보고서 (2026.06),2026-08-14
037560,LG헬로비전,매출 구성,광고서비스사업매출,23.1,반기보고서 (2026.06),2026-08-14
037560,LG헬로비전,매출 구성,부가서비스사업매출,20.6,반기보고서 (2026.06),2026-08-14
037560,LG헬로비전,매출 구성,상품매출,16.4,반기보고서 (2026.06),2026-08-14
037560,LG헬로비전,매출 구성,그 밖,12.6,반기보고서 (2026.06),2026-08-14
051910,LG화학,매출 구성,LG에너지솔루션,53.4,반기보고서 (2026.06),2026-08-14
051910,LG화학,매출 구성,석유화학사업부문,36.5,반기보고서 (2026.06),2026-08-14
051910,LG화학,매출 구성,첨단소재사업부문,5.6,반기보고서 (2026.06),2026-08-14
051910,LG화학,매출 구성,생명과학사업부문,2.6,반기보고서 (2026.06),2026-08-14
051910,LG화학,매출 구성,그 밖,1.9,반기보고서 (2026.06),2026-08-14
079550,LIG디펜스앤에어로스페이스,매출 구성,방산부문,100,[기재정정]반기보고서 (2026.06),2026-08-25
073490,LIG아큐버,매출 구성,오토모티브제품군,51.3,반기보고서 (2026.06),2026-08-14
073490,LIG아큐버,매출 구성,이동통신제품군,48.7,반기보고서 (2026.06),2026-08-14
006260,LS,매출 구성,엠앤엠,47.5,반기보고서 (2026.06),2026-08-14
006260,LS,매출 구성,전선,21,반기보고서 (2026.06),2026-08-14
006260,LS,매출 구성,아이앤디,15,반기보고서 (2026.06),2026-08-14
006260,LS,매출 구성,일렉트릭,13.7,반기보고서 (2026.06),2026-08-14
006260,LS,매출 구성,그 밖,2.8,반기보고서 (2026.06),2026-08-14
000680,LS네트웍스,매출 구성,선물환,100,반기보고서 (2026.06),2026-08-14
060370,LS마린솔루션,매출 구성,지중케이블,71.1,반기보고서 (2026.06),2026-08-14
060370,LS마린솔루션,매출 구성,해저케이블,28.9,반기보고서 (2026.06),2026-08-14
417200,LS머트리얼즈,매출 구성,미연체,99.7,반기보고서 (2026.06),2026-08-14
417200,LS머트리얼즈,매출 구성,개별평가,0.3,반기보고서 (2026.06),2026-08-14
229640,LS에코에너지,매출 구성,지주부문,100,사업보고서 (2024.12),2025-03-18
322180,LS티라유텍,매출 구성,"S/F, SCM 등",41.1,반기보고서 (2026.06),2026-08-14
322180,LS티라유텍,매출 구성,"Robot(AMR), 직교로봇",38.5,반기보고서 (2026.06),2026-08-14
322180,LS티라유텍,매출 구성,"CAD 솔루션SERVO, PLC, 감속기 외",20.1,반기보고서 (2026.06),2026-08-14
322180,LS티라유텍,매출 구성,기타,0.3,반기보고서 (2026.06),2026-08-14
091970,LSK아이로봇,매출 구성,기타관계사(국내),35.6,반기보고서 (2026.06),2026-08-13
091970,LSK아이로봇,매출 구성,도전성 소재 사업부,33.8,반기보고서 (2026.06),2026-08-13
091970,LSK아이로봇,매출 구성,"해외법인(중국,베트남)",30.3,반기보고서 (2026.06),2026-08-13
091970,LSK아이로봇,매출 구성,기타,0.2,반기보고서 (2026.06),2026-08-13
108320,LX세미콘,매출 구성,Small Panel Total,29.1,반기보고서 (2026.06),2026-08-14
108320,LX세미콘,매출 구성,Smartphone,25.7,반기보고서 (2026.06),2026-08-14
108320,LX세미콘,매출 구성,Large Panel Total,20.9,반기보고서 (2026.06),2026-08-14
108320,LX세미콘,매출 구성,Tablet,5,반기보고서 (2026.06),2026-08-14
108320,LX세미콘,매출 구성,그 밖,19.3,반기보고서 (2026.06),2026-08-14
001120,LX인터내셔널,매출 구성,물류,46.5,반기보고서 (2026.06),2026-08-14
001120,LX인터내셔널,매출 구성,Trading/신성장,45.8,반기보고서 (2026.06),2026-08-14
001120,LX인터내셔널,매출 구성,자원,7.7,반기보고서 (2026.06),2026-08-14
108670,LX하우시스,매출 구성,건축자재,68.8,반기보고서 (2026.06),2026-08-14
108670,LX하우시스,매출 구성,자동차소재/산업용필름,31.2,반기보고서 (2026.06),2026-08-14
108670,LX하우시스,매출 구성,공통부문및기타,0,반기보고서 (2026.06),2026-08-14
383800,LX홀딩스,매출 구성,물류,46.5,반기보고서 (2026.06),2026-08-14
383800,LX홀딩스,매출 구성,Trading/신성장,45.8,반기보고서 (2026.06),2026-08-14
383800,LX홀딩스,매출 구성,자원,7.7,반기보고서 (2026.06),2026-08-14
023150,MH에탄올,매출 구성,주정 사업부,65,반기보고서 (2026.06),2026-08-14
023150,MH에탄올,매출 구성,골프장 사업부,35,반기보고서 (2026.06),2026-08-14
035420,NAVER,매출 구성,- 네이버 플랫폼,56.4,반기보고서 (2026.06),2026-08-14
035420,NAVER,매출 구성,- 글로벌 도전,29.5,반기보고서 (2026.06),2026-08-14
035420,NAVER,매출 구성,- 파이낸셜 플랫폼,14,반기보고서 (2026.06),2026-08-14
036570,NC,매출 구성,게임,100,반기보고서 (2026.06),2026-08-14
053290,NE능률,매출 구성,고등학교,35.8,반기보고서 (2026.06),2026-08-14
053290,NE능률,매출 구성,중학교,33.7,반기보고서 (2026.06),2026-08-14
053290,NE능률,매출 구성,초등학교,30.4,반기보고서 (2026.06),2026-08-14
054050,NH농우바이오,매출 구성,종자,80,반기보고서 (2026.06),2026-08-14
054050,NH농우바이오,매출 구성,농자재,20,반기보고서 (2026.06),2026-08-14
181710,NHN,매출 구성,결제및광고,53.9,반기보고서 (2026.06),2026-08-14
181710,NHN,매출 구성,기타,27.2,반기보고서 (2026.06),2026-08-14
181710,NHN,매출 구성,게임,18.9,반기보고서 (2026.06),2026-08-14
060250,NHN KCP,매출 구성,PG수수료,89.5,반기보고서 (2026.06),2026-08-14
060250,NHN KCP,매출 구성,VAN수수료,9.3,반기보고서 (2026.06),2026-08-14
060250,NHN KCP,매출 구성,기타,0.8,반기보고서 (2026.06),2026-08-14
060250,NHN KCP,매출 구성,상품매출 (단말기),0.3,반기보고서 (2026.06),2026-08-14
104200,NHN벅스,매출 구성,B2B,58.5,반기보고서 (2026.06),2026-08-14
104200,NHN벅스,매출 구성,B2C,41.5,반기보고서 (2026.06),2026-08-14
008260,NI스틸,매출 구성,제품 매출액,46.3,반기보고서 (2026.06),2026-08-14
008260,NI스틸,매출 구성,강재리스 매출액,27.6,반기보고서 (2026.06),2026-08-14
008260,NI스틸,매출 구성,기타 매출액,13.7,반기보고서 (2026.06),2026-08-14
008260,NI스틸,매출 구성,상품 매출액,12.3,반기보고서 (2026.06),2026-08-14
034310,NICE,매출 구성,지급결제,39.6,반기보고서 (2026.06),2026-08-14
034310,NICE,매출 구성,기업및개인신용정보,15.4,반기보고서 (2026.06),2026-08-14
034310,NICE,매출 구성,제조업,14.5,반기보고서 (2026.06),2026-08-14
034310,NICE,매출 구성,무인화운영,13,반기보고서 (2026.06),2026-08-14
034310,NICE,매출 구성,그 밖,17.5,반기보고서 (2026.06),2026-08-14
063570,NICE인프라,매출 구성,인프라,80.7,반기보고서 (2026.06),2026-08-14
063570,NICE인프라,매출 구성,현금수송,18.7,반기보고서 (2026.06),2026-08-14
063570,NICE인프라,매출 구성,임대등,0.5,반기보고서 (2026.06),2026-08-14
030190,NICE평가정보,매출 구성,정보 사업,37.6,반기보고서 (2026.06),2026-08-13
030190,NICE평가정보,매출 구성,디지털 사업,34.5,반기보고서 (2026.06),2026-08-13
030190,NICE평가정보,매출 구성,자산관리 사업,11.4,반기보고서 (2026.06),2026-08-13
030190,NICE평가정보,매출 구성,평가 사업,6.6,반기보고서 (2026.06),2026-08-13
030190,NICE평가정보,매출 구성,그 밖,9.9,반기보고서 (2026.06),2026-08-13
456040,OCI,매출 구성,카본케미컬,62.3,반기보고서 (2026.06),2026-08-13
456040,OCI,매출 구성,베이직케미컬,36.8,반기보고서 (2026.06),2026-08-13
456040,OCI,매출 구성,기타,0.9,반기보고서 (2026.06),2026-08-13
456040,OCI,매출 구성,에너지솔루션,0,반기보고서 (2026.06),2026-08-13
010060,OCI홀딩스,매출 구성,화학소재,54.9,반기보고서 (2026.06),2026-08-13
010060,OCI홀딩스,매출 구성,에너지솔루션,16.3,반기보고서 (2026.06),2026-08-13
010060,OCI홀딩스,매출 구성,도시개발사업,15.1,반기보고서 (2026.06),2026-08-13
010060,OCI홀딩스,매출 구성,신재생에너지,11,반기보고서 (2026.06),2026-08-13
010060,OCI홀딩스,매출 구성,그 밖,2.7,반기보고서 (2026.06),2026-08-13
001340,PKC,매출 구성,화공사업부,97.3,반기보고서 (2026.06),2026-08-14
001340,PKC,매출 구성,기타사업부,2.7,반기보고서 (2026.06),2026-08-14
024940,PN풍년,매출 구성,피엔풍년,98.8,반기보고서 (2026.06),2026-08-14
024940,PN풍년,매출 구성,피엔랩,1.2,반기보고서 (2026.06),2026-08-14
005490,POSCO홀딩스,매출 구성,철강부문,50.6,반기보고서 (2026.06),2026-08-14
005490,POSCO홀딩스,매출 구성,인프라,46.2,반기보고서 (2026.06),2026-08-14
005490,POSCO홀딩스,매출 구성,이차전지소재부문,3.2,반기보고서 (2026.06),2026-08-14
005490,POSCO홀딩스,매출 구성,기타부문,0,반기보고서 (2026.06),2026-08-14
332570,PS일렉트로닉스,매출 구성,"제.상품,용역 및기타매출",100,[기재정정]반기보고서 (2026.06),2026-08-18
327260,RF머트리얼즈,매출 구성,통신용 패키지,44.8,반기보고서 (2026.06),2026-08-14
327260,RF머트리얼즈,매출 구성,군수용 장비부품,42.8,반기보고서 (2026.06),2026-08-14
327260,RF머트리얼즈,매출 구성,기타,6.2,반기보고서 (2026.06),2026-08-14
327260,RF머트리얼즈,매출 구성,상품,3,반기보고서 (2026.06),2026-08-14
327260,RF머트리얼즈,매출 구성,그 밖,3.3,반기보고서 (2026.06),2026-08-14
474610,RF시스템즈,매출 구성,방산,89.6,반기보고서 (2026.06),2026-08-14
474610,RF시스템즈,매출 구성,민수,10.2,반기보고서 (2026.06),2026-08-14
474610,RF시스템즈,매출 구성,기타,0.1,반기보고서 (2026.06),2026-08-14
010950,S-Oil,매출 구성,정유부문,79.5,반기보고서 (2026.06),2026-08-14
010950,S-Oil,매출 구성,석유화학부문,10.4,반기보고서 (2026.06),2026-08-14
010950,S-Oil,매출 구성,윤활부문,10,반기보고서 (2026.06),2026-08-14
091340,S&K폴리텍,매출 구성,와이퍼부문,55.4,반기보고서 (2026.06),2026-08-14
091340,S&K폴리텍,매출 구성,SMT부문,40.5,반기보고서 (2026.06),2026-08-14
091340,S&K폴리텍,매출 구성,폴리우레탄폼시트부문,4.2,반기보고서 (2026.06),2026-08-14
003080,SB성보,매출 구성,작물보호제제조판매,96.3,반기보고서 (2026.06),2026-08-14
003080,SB성보,매출 구성,임대,1.8,반기보고서 (2026.06),2026-08-14
003080,SB성보,매출 구성,기타,1.8,반기보고서 (2026.06),2026-08-14
950110,SBI핀테크솔루션즈,매출 구성,결제서비스,62.3,사업보고서 (2026.03),2026-06-26
950110,SBI핀테크솔루션즈,매출 구성,백오피스SaaS,29.6,사업보고서 (2026.03),2026-06-26
950110,SBI핀테크솔루션즈,매출 구성,국제송금,8.1,사업보고서 (2026.03),2026-06-26
034120,SBS,매출 구성,사업수익,68.5,반기보고서 (2026.06),2026-08-14
034120,SBS,매출 구성,방송광고수익,31.5,반기보고서 (2026.06),2026-08-14
099220,SDN,매출 구성,태양광사업부,68.8,반기보고서 (2026.06),2026-08-14
099220,SDN,매출 구성,엔진조선사업부,31.2,반기보고서 (2026.06),2026-08-14
056190,SFA,매출 구성,로봇AI물류자동화,60.1,반기보고서 (2026.06),2026-08-12
056190,SFA,매출 구성,로봇AI제조자동화,26.4,반기보고서 (2026.06),2026-08-12
056190,SFA,매출 구성,AI인프라,13.5,반기보고서 (2026.06),2026-08-12
222080,SFA넥셀,매출 구성,이차전지전극공정장비,49.4,[기재정정]반기보고서 (2026.06),2026-08-18
222080,SFA넥셀,매출 구성,증착 및검사ㆍ측정장비,30.6,[기재정정]반기보고서 (2026.06),2026-08-18
222080,SFA넥셀,매출 구성,기타,20.1,[기재정정]반기보고서 (2026.06),2026-08-18
036540,SFA반도체,매출 구성,메모리,83.3,반기보고서 (2026.06),2026-08-12
036540,SFA반도체,매출 구성,비메모리,16.5,반기보고서 (2026.06),2026-08-12
036540,SFA반도체,매출 구성,기타,0.2,반기보고서 (2026.06),2026-08-12
040610,SG&G,매출 구성,자동차부품제조부문,47.9,[첨부추가]반기보고서 (2026.06),2026-08-14
040610,SG&G,매출 구성,물류사업부문,40.2,[첨부추가]반기보고서 (2026.06),2026-08-14
040610,SG&G,매출 구성,원전부품제조부문,11.1,[첨부추가]반기보고서 (2026.06),2026-08-14
040610,SG&G,매출 구성,금형제조부문,0.9,[첨부추가]반기보고서 (2026.06),2026-08-14
001380,SG글로벌,매출 구성,시트부품 사업,75.2,[첨부추가]반기보고서 (2026.06),2026-08-14
001380,SG글로벌,매출 구성,시트사업,13.4,[첨부추가]반기보고서 (2026.06),2026-08-14
001380,SG글로벌,매출 구성,디스플레이 사업,6.7,[첨부추가]반기보고서 (2026.06),2026-08-14
001380,SG글로벌,매출 구성,기타,4.7,[첨부추가]반기보고서 (2026.06),2026-08-14
004060,SG세계물산,매출 구성,패션사업,72,반기보고서 (2026.06),2026-08-14
004060,SG세계물산,매출 구성,의류수출,27.2,반기보고서 (2026.06),2026-08-14
004060,SG세계물산,매출 구성,기타,0.8,반기보고서 (2026.06),2026-08-14
184230,SGA솔루션즈,매출 구성,하드웨어공급및운영,63.6,반기보고서 (2026.06),2026-08-14
184230,SGA솔루션즈,매출 구성,솔루션,27.6,반기보고서 (2026.06),2026-08-14
184230,SGA솔루션즈,매출 구성,투자,8.8,반기보고서 (2026.06),2026-08-14
016250,SGC E&C,매출 구성,플랜트,68,반기보고서 (2026.06),2026-08-14
016250,SGC E&C,매출 구성,건설,29.8,반기보고서 (2026.06),2026-08-14
016250,SGC E&C,매출 구성,물류,2.2,반기보고서 (2026.06),2026-08-14
016250,SGC E&C,매출 구성,기타,0,반기보고서 (2026.06),2026-08-14
005090,SGC에너지,매출 구성,플랜트,68,반기보고서 (2026.06),2026-08-14
005090,SGC에너지,매출 구성,건설,29.8,반기보고서 (2026.06),2026-08-14
005090,SGC에너지,매출 구성,물류,2.2,반기보고서 (2026.06),2026-08-14
005090,SGC에너지,매출 구성,기타,0,반기보고서 (2026.06),2026-08-14
002360,SH에너지화학,매출 구성,합성수지등 제조,100,반기보고서 (2026.06),2026-08-14
002360,SH에너지화학,매출 구성,자원개발,0,반기보고서 (2026.06),2026-08-14
002360,SH에너지화학,매출 구성,경영컨설팅,0,반기보고서 (2026.06),2026-08-14
001770,SHD,매출 구성,제1차철강산업(표면처리강판),100,반기보고서 (2026.06),2026-08-14
009160,SIMPAC,매출 구성,트레이딩,47.3,반기보고서 (2026.06),2026-08-14
009160,SIMPAC,매출 구성,"임대 및 서비스, 기타",26,반기보고서 (2026.06),2026-08-14
009160,SIMPAC,매출 구성,프레스,11.4,반기보고서 (2026.06),2026-08-14
009160,SIMPAC,매출 구성,자동차부품및산업기계,9.7,반기보고서 (2026.06),2026-08-14
009160,SIMPAC,매출 구성,그 밖,5.6,반기보고서 (2026.06),2026-08-14
033530,SJG세종,매출 구성,자동차부품제조,100,반기보고서 (2026.06),2026-08-14
034730,SK,매출 구성,스왑거래,54.9,반기보고서 (2026.06),2026-08-14
034730,SK,매출 구성,선도거래,36,반기보고서 (2026.06),2026-08-14
034730,SK,매출 구성,선물거래,5.1,반기보고서 (2026.06),2026-08-14
034730,SK,매출 구성,확정계약,3.8,반기보고서 (2026.06),2026-08-14
034730,SK,매출 구성,그 밖,0.2,반기보고서 (2026.06),2026-08-14
001740,SK네트웍스,매출 구성,정보통신,64.5,반기보고서 (2026.06),2026-08-14
001740,SK네트웍스,매출 구성,SK인텔릭스,13.7,반기보고서 (2026.06),2026-08-14
001740,SK네트웍스,매출 구성,트레이딩,10.1,반기보고서 (2026.06),2026-08-14
001740,SK네트웍스,매출 구성,워커힐등,6.4,반기보고서 (2026.06),2026-08-14
001740,SK네트웍스,매출 구성,그 밖,5.3,반기보고서 (2026.06),2026-08-14
006120,SK디스커버리,매출 구성,가스사업,74.6,반기보고서 (2026.06),2026-08-13
006120,SK디스커버리,매출 구성,Green Chemicals Biz.,13.1,반기보고서 (2026.06),2026-08-13
006120,SK디스커버리,매출 구성,Life Science Biz.,7.3,반기보고서 (2026.06),2026-08-13
006120,SK디스커버리,매출 구성,기타사업,3,반기보고서 (2026.06),2026-08-13
006120,SK디스커버리,매출 구성,그 밖,2,반기보고서 (2026.06),2026-08-13
210980,SK디앤디,매출 구성,부동산개발/운영사업,86.3,반기보고서 (2026.06),2026-08-14
210980,SK디앤디,매출 구성,가구사업,13.7,반기보고서 (2026.06),2026-08-14
302440,SK바이오사이언스,매출 구성,CDMO,79.1,반기보고서 (2026.06),2026-08-13
302440,SK바이오사이언스,매출 구성,백신 개발 및상업화,20.9,반기보고서 (2026.06),2026-08-13
361610,SK아이이테크놀로지,매출 구성,A 계열,61.5,반기보고서 (2026.06),2026-08-14
361610,SK아이이테크놀로지,매출 구성,B 계열,20.6,반기보고서 (2026.06),2026-08-14
361610,SK아이이테크놀로지,매출 구성,C 계열,17.9,반기보고서 (2026.06),2026-08-14
100090,SK오션플랜트,매출 구성,해상풍력,67.5,반기보고서 (2026.06),2026-08-14
100090,SK오션플랜트,매출 구성,특수선,24.6,반기보고서 (2026.06),2026-08-14
100090,SK오션플랜트,매출 구성,수리개조,5.2,반기보고서 (2026.06),2026-08-14
100090,SK오션플랜트,매출 구성,후육강관,1.8,반기보고서 (2026.06),2026-08-14
100090,SK오션플랜트,매출 구성,그 밖,0.9,반기보고서 (2026.06),2026-08-14
096770,SK이노베이션,매출 구성,석유,99.8,반기보고서 (2026.06),2026-08-14
096770,SK이노베이션,매출 구성,기타,0.2,반기보고서 (2026.06),2026-08-14
475150,SK이터닉스,매출 구성,신재생에너지사업,95.9,반기보고서 (2026.06),2026-08-13
475150,SK이터닉스,매출 구성,ESS사업,4.1,반기보고서 (2026.06),2026-08-13
285130,SK케미칼,매출 구성,Green Chemicals Biz.,64.1,반기보고서 (2026.06),2026-08-13
285130,SK케미칼,매출 구성,Life Science Biz.,35.9,반기보고서 (2026.06),2026-08-13
017670,SK텔레콤,매출 구성,무선통신사업,74.2,반기보고서 (2026.06),2026-08-13
017670,SK텔레콤,매출 구성,유선통신사업,24.1,반기보고서 (2026.06),2026-08-13
017670,SK텔레콤,매출 구성,기타사업,1.7,반기보고서 (2026.06),2026-08-13
000660,SK하이닉스,매출 구성,반도체 부문,100,반기보고서 (2026.06),2026-08-14
357880,SKAI,매출 구성,인프라 부문,61,반기보고서 (2026.06),2026-08-14
357880,SKAI,매출 구성,솔루션 부문,39,반기보고서 (2026.06),2026-08-14
011790,SKC,매출 구성,화학,48.4,반기보고서 (2026.06),2026-08-14
011790,SKC,매출 구성,이차전지소재,38.9,반기보고서 (2026.06),2026-08-14
011790,SKC,매출 구성,반도체소재,11.6,반기보고서 (2026.06),2026-08-14
011790,SKC,매출 구성,기타,1.1,반기보고서 (2026.06),2026-08-14
048550,SM C&C,매출 구성,광고사업,62.7,반기보고서 (2026.06),2026-08-14
048550,SM C&C,매출 구성,엔터사업,24.4,반기보고서 (2026.06),2026-08-14
048550,SM C&C,매출 구성,여행사업,12.9,반기보고서 (2026.06),2026-08-14
063440,SM Life Design,매출 구성,인쇄부문,87.7,[기재정정]반기보고서 (2026.06),2026-08-14
063440,SM Life Design,매출 구성,물류부문,8.9,[기재정정]반기보고서 (2026.06),2026-08-14
063440,SM Life Design,매출 구성,기타부문,1.9,[기재정정]반기보고서 (2026.06),2026-08-14
063440,SM Life Design,매출 구성,스튜디오부문,1.5,[기재정정]반기보고서 (2026.06),2026-08-14
003570,SNT다이내믹스,매출 구성,운수장비,99.6,반기보고서 (2026.06),2026-08-12
003570,SNT다이내믹스,매출 구성,기계,0.4,반기보고서 (2026.06),2026-08-12
064960,SNT모티브,매출 구성,차량부품,83,[기재정정]반기보고서 (2026.06),2026-08-18
064960,SNT모티브,매출 구성,기타,17,[기재정정]반기보고서 (2026.06),2026-08-18
100840,SNT에너지,매출 구성,공랭식 열교환기 (AIR COOLER),79.8,반기보고서 (2026.06),2026-08-12
100840,SNT에너지,매출 구성,배열회수보일러 (HRSG),18,반기보고서 (2026.06),2026-08-12
100840,SNT에너지,매출 구성,질소산화물 저감장치 (SCR),2.2,반기보고서 (2026.06),2026-08-12
036530,SNT홀딩스,매출 구성,차량부품,69.1,반기보고서 (2026.06),2026-08-12
036530,SNT홀딩스,매출 구성,산업설비,23.1,반기보고서 (2026.06),2026-08-12
036530,SNT홀딩스,매출 구성,기타,7.8,반기보고서 (2026.06),2026-08-12
067160,SOOP,매출 구성,플랫폼(기부경제 등),70.6,반기보고서 (2026.06),2026-08-14
067160,SOOP,매출 구성,광고및콘텐츠제작,27.5,반기보고서 (2026.06),2026-08-14
067160,SOOP,매출 구성,기타,1.9,반기보고서 (2026.06),2026-08-14
000390,SP삼화,매출 구성,도료 및화학제품제조,99.7,반기보고서 (2026.06),2026-08-14
000390,SP삼화,매출 구성,IT,0.2,반기보고서 (2026.06),2026-08-14
000390,SP삼화,매출 구성,기타,0.1,반기보고서 (2026.06),2026-08-14
465770,STX그린로지스,매출 구성,원화(KRW),99.9,사업보고서 (2025.12),2026-03-19
465770,STX그린로지스,매출 구성,싱가폴달러(SGD),0.1,사업보고서 (2025.12),2026-03-19
465770,STX그린로지스,매출 구성,덴마크크로네(DKK),0,사업보고서 (2025.12),2026-03-19
077970,STX엔진,매출 구성,특수사업,47.2,반기보고서 (2026.06),2026-08-14
077970,STX엔진,매출 구성,민수사업,40,반기보고서 (2026.06),2026-08-14
077970,STX엔진,매출 구성,전자통신,12.7,반기보고서 (2026.06),2026-08-14
002820,SUN&L,매출 구성,인테리어,41.2,반기보고서 (2026.06),2026-08-14
002820,SUN&L,매출 구성,생활용품,39,반기보고서 (2026.06),2026-08-14
002820,SUN&L,매출 구성,목재,19,반기보고서 (2026.06),2026-08-14
002820,SUN&L,매출 구성,기타,0.8,반기보고서 (2026.06),2026-08-14
041930,SY동아,매출 구성,자동차부문,50.4,반기보고서 (2026.06),2026-08-13
041930,SY동아,매출 구성,가전부문,49.6,반기보고서 (2026.06),2026-08-13
002170,SYTS,매출 구성,가죽,98.4,반기보고서 (2026.06),2026-08-14
002170,SYTS,매출 구성,기타,1.6,반기보고서 (2026.06),2026-08-14
002170,SYTS,매출 구성,무역,0,반기보고서 (2026.06),2026-08-14
002710,TCC스틸,매출 구성,표면처리강판사업부문,99.9,반기보고서 (2026.06),2026-08-14
002710,TCC스틸,매출 구성,임대사업부문,0.1,반기보고서 (2026.06),2026-08-14
089230,THE E&M,매출 구성,기타 사업부문,63.2,반기보고서 (2026.06),2026-08-14
089230,THE E&M,매출 구성,인터넷 사업부문,27.3,반기보고서 (2026.06),2026-08-14
089230,THE E&M,매출 구성,엔터테인먼트사업부문,9.4,반기보고서 (2026.06),2026-08-14
032540,TJ미디어,매출 구성,(1)노래반주기 부문,30.4,반기보고서 (2026.06),2026-08-14
032540,TJ미디어,매출 구성,(2)반주기 음악콘텐츠 부문,28.1,반기보고서 (2026.06),2026-08-14
032540,TJ미디어,매출 구성,(5)음원 IC 부문,14,반기보고서 (2026.06),2026-08-14
032540,TJ미디어,매출 구성,(6)엔터테인먼트 부문,12.9,반기보고서 (2026.06),2026-08-14
032540,TJ미디어,매출 구성,그 밖,14.5,반기보고서 (2026.06),2026-08-14
007980,TP,매출 구성,의류,88.5,반기보고서 (2026.06),2026-08-13
007980,TP,매출 구성,우모,6.8,반기보고서 (2026.06),2026-08-13
007980,TP,매출 구성,식품외,3.4,반기보고서 (2026.06),2026-08-13
007980,TP,매출 구성,임대,1.2,반기보고서 (2026.06),2026-08-13
048770,TPC로보틱스,매출 구성,공압,78,반기보고서 (2026.06),2026-08-14
048770,TPC로보틱스,매출 구성,로봇,22,반기보고서 (2026.06),2026-08-14
002900,TYM,매출 구성,농기계사업부,92.6,반기보고서 (2026.06),2026-08-13
002900,TYM,매출 구성,필터사업부,7.3,반기보고서 (2026.06),2026-08-13
002900,TYM,매출 구성,기타사업부,0.1,반기보고서 (2026.06),2026-08-13
024070,WISCOM,매출 구성,제품,63.7,반기보고서 (2026.06),2026-08-14
024070,WISCOM,매출 구성,임가공,18.5,반기보고서 (2026.06),2026-08-14
024070,WISCOM,매출 구성,중국,17.7,반기보고서 (2026.06),2026-08-14
024070,WISCOM,매출 구성,상품,0.1,반기보고서 (2026.06),2026-08-14
057030,YBM넷,매출 구성,온라인교육,26,반기보고서 (2026.06),2026-08-14
057030,YBM넷,매출 구성,기타,25.5,반기보고서 (2026.06),2026-08-14
057030,YBM넷,매출 구성,수강료,15.1,반기보고서 (2026.06),2026-08-14
057030,YBM넷,매출 구성,상· 제품,13.9,반기보고서 (2026.06),2026-08-14
057030,YBM넷,매출 구성,그 밖,19.5,반기보고서 (2026.06),2026-08-14
037270,YG PLUS,매출 구성,음악서비스매출,45.7,반기보고서 (2026.06),2026-08-14
037270,YG PLUS,매출 구성,상ㆍ제품매출,44.4,반기보고서 (2026.06),2026-08-14
037270,YG PLUS,매출 구성,용역매출,9.3,반기보고서 (2026.06),2026-08-14
037270,YG PLUS,매출 구성,기타매출,0.7,반기보고서 (2026.06),2026-08-14
040300,YTN,매출 구성,방송 사업,72.7,[기재정정]반기보고서 (2026.06),2026-08-31
040300,YTN,매출 구성,임대 사업,17.7,[기재정정]반기보고서 (2026.06),2026-08-31
040300,YTN,매출 구성,디지털 사업,8,[기재정정]반기보고서 (2026.06),2026-08-31
040300,YTN,매출 구성,기타 사업,1.6,[기재정정]반기보고서 (2026.06),2026-08-31
051390,YW,매출 구성,도매,69.6,반기보고서 (2026.06),2026-08-14
051390,YW,매출 구성,기타,24.6,반기보고서 (2026.06),2026-08-14
051390,YW,매출 구성,기업금융,5.8,반기보고서 (2026.06),2026-08-14
